CrashID,CrashID1,Latitude,Longitude,Unit_Nbr,Prsn_Nbr,Prsn_Type_ID,Prsn_Occpnt_Pos_ID,Prsn_Injry_Sev_ID,Prsn_Age,Prsn_Ethnicity_ID,Prsn_Gndr_ID,Prsn_Ejct_ID,Prsn_Rest_ID,Prsn_Airbag_ID,Prsn_Helmet_ID,Prsn_Sol_Fl,Prsn_Alc_Spec_Type_ID,Prsn_Alc_Rslt_ID,Prsn_Bac_Test_Rslt,Prsn_Drg_Spec_Type_ID,Prsn_Drg_Rslt_ID,Drvr_Drg_Cat_1_ID,Prsn_Death_Date,Prsn_Death_Time,Incap_Injry_Cnt.x,Nonincap_Injry_Cnt.x,Poss_Injry_Cnt.x,Non_Injry_Cnt.x,Unkn_Injry_Cnt.x,Tot_Injry_Cnt.x,Death_Cnt.x,Crash_Fatal_Fl,Cmv_Involv_Fl,Schl_Bus_Fl,Rr_Relat_Fl,Medical_Advisory_Fl,Amend_Supp_Fl,Active_School_Zone_Fl,Crash_Date,Crash_Time,Rpt_CRIS_Cnty_ID,Rpt_City_ID,Rpt_Outside_City_Limit_Fl,Thousand_Damage_Fl,Rpt_Latitude,Rpt_Longitude,Rpt_Rdwy_Sys_ID,Rpt_Hwy_Num,Rpt_Hwy_Sfx,Rpt_Road_Part_ID,Rpt_Block_Num,Rpt_Street_Pfx,Rpt_Street_Name,Rpt_Street_Sfx,Private_Dr_Fl,Toll_Road_Fl,Crash_Speed_Limit,Road_Constr_Zone_Fl,Road_Constr_Zone_Wrkr_Fl,Rpt_Street_Desc,At_Intrsct_Fl,Rpt_Sec_Rdwy_Sys_ID,Rpt_Sec_Hwy_Num,Rpt_Sec_Hwy_Sfx,Rpt_Sec_Road_Part_ID,Rpt_Sec_Block_Num,Rpt_Sec_Street_Pfx,Rpt_Sec_Street_Name,Rpt_Sec_Street_Sfx,Rpt_Ref_Mark_Offset_Amt,Rpt_Ref_Mark_Dist_Uom,Rpt_Ref_Mark_Dir,Rpt_Ref_Mark_Nbr,Rpt_Sec_Street_Desc,Rpt_CrossingNumber,Wthr_Cond_ID,Light_Cond_ID,Entr_Road_ID,Road_Type_ID,Road_Algn_ID,Surf_Cond_ID,Traffic_Cntl_ID,Investigat_Notify_Time,Investigat_Notify_Meth,Investigat_Arrv_Time,Report_Date,Investigat_Comp_Fl,Investigat_Agency_ID,Investigat_Area_ID,Investigat_District_ID,Investigat_Region_ID,Bridge_Detail_ID,Harm_Evnt_ID,Intrsct_Relat_ID,FHE_Collsn_ID,Obj_Struck_ID,Othr_Factr_ID,Road_Part_Adj_ID,Road_Cls_ID,Road_Relat_ID,Phys_Featr_1_ID,Phys_Featr_2_ID,Cnty_ID,City_ID,Latitude,Longitude,Hwy_Sys,Hwy_Nbr,Hwy_Sfx,Dfo,Street_Name,Street_Nbr,Control,Section,Milepoint,Ref_Mark_Nbr,Ref_Mark_Displ,Hwy_Sys_2,Hwy_Nbr_2,Hwy_Sfx_2,Street_Name_2,Street_Nbr_2,Control_2,Section_2,Milepoint_2,Txdot_Rptable_Fl,Onsys_Fl,Rural_Fl,Crash_Sev_ID,Pop_Group_ID,Located_Fl,Day_of_Week,Hwy_Dsgn_Lane_ID,Hwy_Dsgn_Hrt_ID,Hp_Shldr_Left,Hp_Shldr_Right,Hp_Median_Width,Base_Type_ID,Nbr_Of_Lane,Row_Width_Usual,Roadbed_Width,Surf_Width,Surf_Type_ID,Curb_Type_Left_ID,Curb_Type_Right_ID,Shldr_Type_Left_ID,Shldr_Width_Left,Shldr_Use_Left_ID,Shldr_Type_Right_ID,Shldr_Width_Right,Shldr_Use_Right_ID,Median_Type_ID,Median_Width,Rural_Urban_Type_ID,Func_Sys_ID,Adt_Curnt_Amt,Adt_Curnt_Year,Adt_Adj_Curnt_Amt,Pct_Single_Trk_Adt,Pct_Combo_Trk_Adt,Trk_Aadt_Pct,Curve_Type_ID,Curve_Lngth,Cd_Degr,Delta_Left_Right_ID,Dd_Degr,Feature_Crossed,Structure_Number,I_R_Min_Vert_Clear,Approach_Width,Bridge_Median_ID,Bridge_Loading_Type_ID,Bridge_Loading_In_1000_Lbs,Bridge_Srvc_Type_On_ID,Bridge_Srvc_Type_Under_ID,Culvert_Type_ID,Roadway_Width,Deck_Width,Bridge_Dir_Of_Traffic_ID,Bridge_Rte_Struct_Func_ID,Bridge_IR_Struct_Func_ID,CrossingNumber,RRCo,Poscrossing_ID,WDCode_ID,Standstop,Yield,Incap_Injry_Cnt.y,Nonincap_Injry_Cnt.y,Poss_Injry_Cnt.y,Non_Injry_Cnt.y,Unkn_Injry_Cnt.y,Tot_Injry_Cnt.y,Death_Cnt.y,MPO_ID,Unit_ID,Unit_Prsn_ID
14361958,AUS_14361958,30.42728444,-97.67742598,2,1,3,16,3,29,1,2,4,11,1,4,N,4,NA,NA,4,97,97,,,0,0,1,0,0,1,0,N,N,N,N,N,N,N,1/22/2015,6:35 AM,227,22,N,N,NA,NA,19,,,7,1700,W,HOWARD,LN,N,N,50,N,N,,N,19,,,7,13700,N,THERMAL,LN,NA,,,,,,2,3,98,NA,1,1,20,6:35 AM,DISPATCH,7:15 AM,1/22/2015,Y,74,NA,NA,46,8,5,4,1,64,54,1,5,1,21,21,227,22,30.42728444,-97.67742598,,,,NA,W HOWARD LN,1648,NA,NA,NA,,NA,,,,N/A,NA,NA,NA,NA,Y,N,N,3,9,Y,THU,NA,NA,NA,NA,NA,NA,NA,NA,NA,NA,NA,NA,NA,NA,NA,NA,NA,NA,NA,NA,NA,NA,NA,NA,NA,NA,NA,NA,NA,NA,NA,NA,NA,NA,NA,NA,NA,NA,NA,NA,NA,NA,NA,NA,NA,NA,NA,NA,NA,,,NA,NA,NA,NA,0,0,1,1,0,1,0,90,NA,NA
14362110,AUS_14362110,30.28414478,-97.74661246,2,1,3,16,5,20,1,2,4,11,1,5,N,4,NA,NA,4,97,97,,,0,0,0,1,0,0,0,N,N,N,N,N,N,N,3/14/2015,5:47 PM,227,22,N,N,NA,NA,19,,,1,2000,,PEARL,ST,N,N,25,N,N,,Y,19,,,1,,W,21ST,ST,NA,,,,,,11,1,0,NA,1,1,17,5:41 PM,DISPATCH,5:48 PM,3/14/2015,Y,74,NA,NA,10,8,5,1,1,64,54,1,5,1,21,21,227,22,30.28414478,-97.74661246,,,,NA,PEARL ST,1999,NA,NA,NA,,NA,,,,W 21ST ST,NA,NA,NA,NA,N,N,N,5,9,Y,SAT,NA,NA,NA,NA,NA,NA,NA,NA,NA,NA,NA,NA,NA,NA,NA,NA,NA,NA,NA,NA,NA,NA,NA,NA,NA,NA,NA,NA,NA,NA,NA,NA,NA,NA,NA,NA,NA,NA,NA,NA,NA,NA,NA,NA,NA,NA,NA,NA,NA,,,NA,NA,NA,NA,0,0,0,2,0,0,0,90,NA,NA
14362132,AUS_14362132,30.26449154,-97.75711525,2,1,3,16,2,30,1,1,4,11,1,5,N,4,NA,NA,4,97,97,,,0,1,0,0,0,1,0,N,N,N,N,N,N,N,3/18/2015,12:51 PM,227,22,N,N,NA,NA,19,,,1,200,S,LAMAR,BLVD,N,N,30,N,N,,Y,19,,,1,1300,W,RIVERSIDE,DR,NA,,,,,,11,1,4,2,1,1,5,12:51 PM,DISPATCH,12:58 PM,3/18/2015,Y,74,NA,NA,93,8,5,1,1,64,54,1,2,1,21,21,227,22,30.26449154,-97.75711525,SL,343,,3.709,SL0343,NA,113,12,1.292,568,-0.668,,,,W RIVERSIDE DR,NA,NA,NA,NA,Y,Y,N,2,9,Y,WED,3,0,0,0,22,2,6,120,72,72,4,1,1,1,0,0,1,0,0,1,22,4,14,33647,2014,33647,1.2,0.4,1.6,NA,NA,NA,NA,NA,NA,NA,NA,NA,NA,NA,NA,NA,NA,NA,NA,NA,NA,NA,NA,,,NA,NA,NA,NA,0,1,0,1,0,1,0,90,NA,NA
14362242,AUS_14362242,30.26663764,-97.74512103,3,1,3,16,5,31,1,2,4,11,1,4,N,4,NA,NA,4,97,97,,,0,0,0,1,0,0,0,N,N,N,N,N,N,N,3/22/2015,2:51 AM,227,22,N,N,NA,NA,19,,,1,200,W,4TH,ST,N,N,30,N,N,,N,19,,,1,300,,COLORADO,ST,NA,,,,,,11,0,0,NA,8,1,1,2:51 AM,DISPATCH,2:54 AM,3/22/2015,Y,74,NA,NA,115,8,5,4,1,64,3,1,5,1,21,21,227,22,30.26663764,-97.74512103,,,,NA,W 4TH ST,204,NA,NA,NA,,NA,,,,N/A,NA,NA,NA,NA,N,N,N,5,9,Y,SUN,NA,NA,NA,NA,NA,NA,NA,NA,NA,NA,NA,NA,NA,NA,NA,NA,NA,NA,NA,NA,NA,NA,NA,NA,NA,NA,NA,NA,NA,NA,NA,NA,NA,NA,NA,NA,NA,NA,NA,NA,NA,NA,NA,NA,NA,NA,NA,NA,NA,,,NA,NA,NA,NA,0,0,0,5,0,0,0,90,NA,NA
14362242,AUS_14362242,30.26663764,-97.74512103,2,1,3,16,5,32,1,2,4,11,1,4,N,4,NA,NA,4,97,97,,,0,0,0,1,0,0,0,N,N,N,N,N,N,N,3/22/2015,2:51 AM,227,22,N,N,NA,NA,19,,,1,200,W,4TH,ST,N,N,30,N,N,,N,19,,,1,300,,COLORADO,ST,NA,,,,,,11,0,0,NA,8,1,1,2:51 AM,DISPATCH,2:54 AM,3/22/2015,Y,74,NA,NA,115,8,5,4,1,64,3,1,5,1,21,21,227,22,30.26663764,-97.74512103,,,,NA,W 4TH ST,204,NA,NA,NA,,NA,,,,N/A,NA,NA,NA,NA,N,N,N,5,9,Y,SUN,NA,NA,NA,NA,NA,NA,NA,NA,NA,NA,NA,NA,NA,NA,NA,NA,NA,NA,NA,NA,NA,NA,NA,NA,NA,NA,NA,NA,NA,NA,NA,NA,NA,NA,NA,NA,NA,NA,NA,NA,NA,NA,NA,NA,NA,NA,NA,NA,NA,,,NA,NA,NA,NA,0,0,0,5,0,0,0,90,NA,NA
14362322,AUS_14362322,30.26977478,-97.75314246,2,1,3,16,3,31,1,1,4,11,1,3,N,4,NA,NA,4,97,97,,,0,0,1,0,0,1,0,N,N,N,N,N,N,N,3/24/2015,7:12 PM,227,22,N,N,NA,NA,19,,,1,400,,BOWIE,ST,N,N,-1,N,N,,Y,19,,,1,800,W,5TH,ST,NA,,,,,,11,1,4,NA,1,1,5,7:12 PM,DISPATCH,7:33 PM,3/24/2015,Y,74,NA,NA,115,8,5,1,1,64,54,1,5,1,21,21,227,22,30.26977478,-97.75314246,,,,NA,BOWIE ST,499,NA,NA,NA,,NA,,,,W 5TH ST,NA,NA,NA,NA,Y,N,N,3,9,Y,TUE,NA,NA,NA,NA,NA,NA,NA,NA,NA,NA,NA,NA,NA,NA,NA,NA,NA,NA,NA,NA,NA,NA,NA,NA,NA,NA,NA,NA,NA,NA,NA,NA,NA,NA,NA,NA,NA,NA,NA,NA,NA,NA,NA,NA,NA,NA,NA,NA,NA,,,NA,NA,NA,NA,0,0,1,1,0,1,0,90,NA,NA
14362344,AUS_14362344,30.20422694,-97.71388055,2,1,3,16,2,55,3,1,4,11,1,4,N,4,NA,NA,4,97,97,,,0,1,0,0,0,1,0,N,N,N,N,N,N,N,3/25/2015,5:45 AM,227,22,N,N,NA,NA,19,,,1,6500,,BURLESON,RD,N,N,45,N,N,,N,19,,,1,6300,E,STASSNEY,LN,NA,,,,,,11,6,0,NA,1,1,20,5:48 AM,DISPATCH,5:53 AM,3/25/2015,Y,74,NA,NA,169,8,5,4,1,64,54,1,5,1,21,21,227,22,30.20422694,-97.71388055,,,,NA,BURLESON RD,6503,NA,NA,NA,,NA,,,,N/A,NA,NA,NA,NA,Y,N,N,2,9,Y,WED,NA,NA,NA,NA,NA,NA,NA,NA,NA,NA,NA,NA,NA,NA,NA,NA,NA,NA,NA,NA,NA,NA,NA,NA,NA,NA,NA,NA,NA,NA,NA,NA,NA,NA,NA,NA,NA,NA,NA,NA,NA,NA,NA,NA,NA,NA,NA,NA,NA,,,NA,NA,NA,NA,0,1,0,1,0,1,0,90,NA,NA
14362368,AUS_14362368,30.16797479,-97.6200825,2,1,3,16,2,8,3,1,4,11,1,4,N,4,NA,NA,4,97,97,,,0,1,0,0,0,1,0,N,N,N,N,N,N,N,3/25/2015,5:56 PM,227,22,N,N,NA,NA,19,,,1,,,PEARCE,LN,N,N,45,N,N,,Y,19,,,1,,,ALOMAR,CV,NA,,,,,,11,1,4,NA,1,1,8,5:50 PM,DISPATCH,6:05 PM,3/25/2015,Y,74,NA,NA,98,8,5,2,1,64,54,1,5,1,21,21,227,22,30.16797479,-97.6200825,,,,NA,PEARCE LN,13098,NA,NA,NA,,NA,,,,ALOMAR CV,NA,NA,NA,NA,Y,N,N,2,9,Y,WED,NA,NA,NA,NA,NA,NA,NA,NA,NA,NA,NA,NA,NA,NA,NA,NA,NA,NA,NA,NA,NA,NA,NA,NA,NA,NA,NA,NA,NA,NA,NA,NA,NA,NA,NA,NA,NA,NA,NA,NA,NA,NA,NA,NA,NA,NA,NA,NA,NA,,,NA,NA,NA,NA,0,1,0,1,0,1,0,90,NA,NA
14370459,AUS_14370459,30.24802183,-97.73534685,2,1,3,16,1,29,1,2,4,11,1,4,N,4,NA,NA,4,97,97,,,1,0,0,0,0,1,0,N,N,N,N,N,N,N,4/1/2015,9:16 PM,227,22,N,Y,NA,NA,1,35,,2,,S,IH 35 SERVICE,RD,N,N,-1,N,N,,Y,19,,,1,,E,E RIVERSIDE,DR,NA,,,,,,11,4,4,2,1,1,5,9:18 PM,DISPATCH,9:25 PM,4/1/2015,Y,74,NA,NA,98,8,5,1,1,64,54,2,1,1,21,21,227,22,30.24802183,-97.73534685,IH,35,,232.837,IH0035,NA,15,13,16.444,233,0.404,SL,343,,SL0343,NA,NA,NA,NA,Y,Y,N,1,9,Y,WED,5,0,2,10,7,2,6,300,96,72,4,0,0,2,4,5,2,20,5,2,3,4,11,197636,2014,197636,3.3,9.4,12.7,NA,NA,NA,NA,NA,NA,NA,NA,NA,NA,NA,NA,NA,NA,NA,NA,NA,NA,NA,NA,,,NA,NA,NA,NA,1,0,0,1,0,1,0,90,NA,NA
14374546,AUS_14374546,30.27193478,-97.68563248,2,1,3,16,3,9,2,2,4,11,1,5,N,4,NA,NA,4,97,97,,,0,0,1,0,0,1,0,N,N,N,N,N,N,N,3/28/2015,12:43 PM,227,22,N,Y,NA,NA,19,,,1,5200,,LEDESMA,RD,N,N,30,N,N,,Y,19,,,1,1100,,RICHARDINE,AVE,NA,,,,,,11,1,4,NA,2,1,8,12:43 PM,DISPATCH,12:45 PM,3/28/2015,N,74,NA,NA,8,8,5,1,1,64,54,1,5,1,21,21,227,22,30.27193478,-97.68563248,,,,NA,LEDESMA RD,5200,NA,NA,NA,,NA,,,,RICHARDINE AVE,NA,NA,NA,NA,Y,N,N,3,9,Y,SAT,NA,NA,NA,NA,NA,NA,NA,NA,NA,NA,NA,NA,NA,NA,NA,NA,NA,NA,NA,NA,NA,NA,NA,NA,NA,NA,NA,NA,NA,NA,NA,NA,NA,NA,NA,NA,NA,NA,NA,NA,NA,NA,NA,NA,NA,NA,NA,NA,NA,,,NA,NA,NA,NA,0,0,1,1,0,1,0,90,NA,NA
14374576,AUS_14374576,30.32317477,-97.72807245,3,1,3,16,3,53,3,1,4,11,1,4,N,4,NA,NA,4,97,97,,,0,0,1,0,0,1,0,N,N,N,N,N,N,N,3/30/2015,5:49 PM,227,22,N,Y,NA,NA,19,,,1,5500,N,LAMAR,BLVD,N,N,45,N,N,,N,19,,,1,,,STARK,ST,NA,,,,,,11,1,0,NA,1,1,20,5:49 PM,DISPATCH,5:58 PM,3/30/2015,Y,74,NA,NA,121,8,2,4,30,64,54,1,5,1,21,21,227,22,30.32317477,-97.72807245,,,,NA,N LAMAR BLVD,5500,NA,NA,NA,,NA,,,,N/A,NA,NA,NA,NA,Y,N,N,3,9,Y,MON,NA,NA,NA,NA,NA,NA,NA,NA,NA,NA,NA,NA,NA,NA,NA,NA,NA,NA,NA,NA,NA,NA,NA,NA,NA,NA,NA,NA,NA,NA,NA,NA,NA,NA,NA,NA,NA,NA,NA,NA,NA,NA,NA,NA,NA,NA,NA,NA,NA,,,NA,NA,NA,NA,0,0,3,2,0,3,0,90,NA,NA
14374929,AUS_14374929,30.26479309,-97.73498848,2,1,3,16,3,31,2,1,4,11,1,4,N,4,NA,NA,4,97,97,,,0,0,1,0,0,1,0,N,N,N,N,N,N,N,4/6/2015,9:20 AM,227,22,N,N,NA,NA,19,,,1,700,E,5TH,ST,N,N,30,N,N,,Y,1,35,,2,500,N,N IH 35 SVRD SB,,NA,,,,,,11,1,2,2,1,1,8,9:56 AM,DISPATCH,10:00 AM,4/6/2015,Y,74,NA,NA,115,8,5,1,2,64,54,2,1,1,21,21,227,22,30.26479309,-97.73498848,IH,35,,234.021,IH0035,NA,15,13,17.606,235,-0.438,,,,E 5TH ST,NA,NA,NA,NA,Y,Y,N,3,9,Y,MON,5,0,2,5,7,2,6,300,86,72,4,0,0,2,4,5,2,10,5,2,3,4,11,148494,2014,148494,3.3,9.4,12.7,NA,NA,NA,NA,NA,NA,NA,NA,NA,NA,NA,NA,NA,NA,NA,NA,NA,NA,NA,NA,,,NA,NA,NA,NA,0,0,1,0,1,1,0,90,NA,NA
14378240,AUS_14378240,30.32584668,-97.72639296,2,1,3,16,2,27,1,1,4,11,1,4,N,4,NA,NA,4,97,97,,,0,1,0,0,0,1,0,N,N,N,N,N,N,N,4/10/2015,2:31 PM,227,22,N,N,NA,NA,19,,,1,5600,N,LAMAR,BLVD,N,N,-1,N,N,,N,19,,,NA,,W,KOENIG,LN,NA,,,,,,11,1,0,NA,1,1,1,2:31 PM,DISPATCH,2:37 PM,4/10/2015,Y,74,NA,NA,84,8,5,3,2,64,13,1,1,1,32,21,227,22,30.32584668,-97.72639296,,,,NA,N LAMAR BLVD,NA,NA,NA,NA,,NA,,,,N/A,NA,NA,NA,NA,Y,N,N,2,9,Y,FRI,NA,NA,NA,NA,NA,NA,NA,NA,NA,NA,NA,NA,NA,NA,NA,NA,NA,NA,NA,NA,NA,NA,NA,NA,NA,NA,NA,NA,NA,NA,NA,NA,NA,NA,NA,NA,NA,NA,NA,NA,NA,NA,NA,NA,NA,NA,NA,NA,NA,,,NA,NA,NA,NA,0,1,0,1,0,1,0,90,NA,NA
14378327,AUS_14378327,30.31769477,-97.72117247,2,1,3,16,2,20,2,1,4,11,1,4,N,4,NA,NA,4,97,97,,,0,1,0,0,0,1,0,N,N,N,N,N,N,N,4/10/2015,3:30 PM,227,22,N,N,NA,NA,19,,,1,100,E,NORTH,LOOP,N,N,35,N,N,,Y,19,,,1,5300,,AVENUE F,,NA,,,,,,11,1,4,NA,1,1,11,5:23 PM,DISPATCH,5:45 PM,4/10/2015,Y,74,NA,NA,121,8,5,1,2,64,54,1,5,1,21,21,227,22,30.31769477,-97.72117247,,,,NA,E NORTH LOOP BLVD,198,NA,NA,NA,,NA,,,,UNKNOWN,NA,NA,NA,NA,Y,N,N,2,9,Y,FRI,NA,NA,NA,NA,NA,NA,NA,NA,NA,NA,NA,NA,NA,NA,NA,NA,NA,NA,NA,NA,NA,NA,NA,NA,NA,NA,NA,NA,NA,NA,NA,NA,NA,NA,NA,NA,NA,NA,NA,NA,NA,NA,NA,NA,NA,NA,NA,NA,NA,,,NA,NA,NA,NA,0,1,0,1,0,1,0,90,NA,NA
14380410,AUS_14380410,30.18818155,-97.76803608,2,1,3,16,2,35,1,2,4,11,1,5,N,4,NA,NA,4,97,97,,,0,1,0,0,0,1,0,N,N,N,N,N,N,N,3/28/2015,3:25 PM,227,22,N,Y,NA,NA,19,,,1,6600,,BLUFF SPRINGS,RD,N,N,40,N,N,,N,19,,,NA,,E,WILLIAM CANNON,DR,NA,,,,,,11,1,0,NA,1,1,11,3:25 PM,DISPATCH,4:33 PM,3/28/2015,Y,74,NA,NA,99,8,5,4,1,64,54,1,5,1,21,21,227,22,30.18818155,-97.76803608,,,,NA,BLUFF SPRINGS RD,6642,NA,NA,NA,,NA,,,,N/A,NA,NA,NA,NA,Y,N,N,2,9,Y,SAT,NA,NA,NA,NA,NA,NA,NA,NA,NA,NA,NA,NA,NA,NA,NA,NA,NA,NA,NA,NA,NA,NA,NA,NA,NA,NA,NA,NA,NA,NA,NA,NA,NA,NA,NA,NA,NA,NA,NA,NA,NA,NA,NA,NA,NA,NA,NA,NA,NA,,,NA,NA,NA,NA,0,1,0,5,0,1,0,90,NA,NA
14380827,AUS_14380827,30.24772289,-97.77247961,2,1,3,16,3,30,1,2,4,11,1,5,N,4,NA,NA,4,97,97,,,0,0,1,0,0,1,0,N,N,N,N,N,N,N,4/9/2015,2:13 PM,227,22,N,N,NA,NA,19,,,1,2100,S,LAMAR,BLVD,N,N,-1,N,N,,N,19,,,1,,,OXFORD,AVE,NA,,,,,,11,1,98,3,1,1,6,2:16 PM,DISPATCH,2:20 PM,4/9/2015,Y,74,NA,NA,105,8,5,4,1,64,3,1,2,1,21,21,227,22,30.24772289,-97.77247961,SL,343,,2.126,SL0343,2174,113,9,7.119,566,-0.295,,,,N/A,NA,NA,NA,NA,Y,Y,N,3,9,Y,THU,2,0,0,0,0,2,4,80,60,48,4,1,1,1,0,0,1,0,0,0,0,4,14,34215,2014,34215,1.2,0.4,1.6,1,94,2,1,9,NA,NA,NA,NA,NA,NA,NA,NA,NA,NA,NA,NA,NA,NA,NA,,,NA,NA,NA,NA,0,0,1,1,0,1,0,90,NA,NA
14380859,AUS_14380859,30.26032478,-97.75569246,2,1,3,16,2,24,2,1,4,11,1,4,N,4,NA,NA,4,97,97,,,0,1,0,0,0,1,0,N,N,N,N,N,N,N,4/3/2015,7:00 PM,227,22,N,Y,NA,NA,19,,,1,1000,,BARTON SPRINGS,RD,N,N,30,N,N,,Y,19,,,7,500,,DAWSON,RD,NA,,,,,,11,1,4,NA,1,1,5,7:00 PM,DISPATCH,7:05 PM,4/3/2015,Y,74,NA,NA,93,8,5,1,3,64,3,1,5,1,21,21,227,22,30.26032478,-97.75569246,,,,NA,BARTON SPRINGS RD,1100,NA,NA,NA,,NA,,,,DAWSON RD,NA,NA,NA,NA,Y,N,N,2,9,Y,FRI,NA,NA,NA,NA,NA,NA,NA,NA,NA,NA,NA,NA,NA,NA,NA,NA,NA,NA,NA,NA,NA,NA,NA,NA,NA,NA,NA,NA,NA,NA,NA,NA,NA,NA,NA,NA,NA,NA,NA,NA,NA,NA,NA,NA,NA,NA,NA,NA,NA,,,NA,NA,NA,NA,0,1,0,1,0,1,0,90,NA,NA
14383343,AUS_14383343,30.41569475,-97.74835245,2,1,3,16,3,29,1,1,4,11,1,3,N,4,NA,NA,4,97,97,,,0,0,1,0,0,1,0,N,N,N,N,N,N,N,4/14/2015,9:42 PM,227,22,N,Y,NA,NA,19,,,1,,,JOLLYVILLE,RD,N,N,45,N,N,,Y,19,,,1,,,THUNDER CREEK,RD,NA,,,,,,11,4,2,NA,1,1,8,9:43 PM,DISPATCH,9:48 PM,4/14/2015,Y,74,NA,NA,46,8,5,1,3,64,54,1,5,1,21,21,227,22,30.41569475,-97.74835245,,,,NA,JOLLYVILLE RD,11581,NA,NA,NA,,NA,,,,THUNDER CREEK RD,NA,NA,NA,NA,Y,N,N,3,9,Y,TUE,NA,NA,NA,NA,NA,NA,NA,NA,NA,NA,NA,NA,NA,NA,NA,NA,NA,NA,NA,NA,NA,NA,NA,NA,NA,NA,NA,NA,NA,NA,NA,NA,NA,NA,NA,NA,NA,NA,NA,NA,NA,NA,NA,NA,NA,NA,NA,NA,NA,,,NA,NA,NA,NA,0,0,1,1,0,1,0,90,NA,NA
14385942,AUS_14385942,30.27642478,-97.74984246,2,1,3,16,3,17,1,1,4,11,1,4,N,4,NA,NA,4,97,97,,,0,0,1,0,0,1,0,N,N,N,N,N,N,N,4/10/2015,4:21 PM,227,22,N,N,NA,NA,19,,,1,1200,,SHOAL CREEK,BLVD,N,N,30,N,N,PAVED ROAD,Y,19,,,1,800,W,12T,ST,NA,,,,,,11,1,0,NA,2,1,5,4:21 PM,DISPATCH,4:24 PM,4/10/2015,Y,74,NA,NA,120,8,5,2,1,64,54,1,5,1,21,21,227,22,30.27642478,-97.74984246,,,,NA,SHOAL CREEK BLVD,1199,NA,NA,NA,,NA,,,,W 12TH ST,NA,NA,NA,NA,Y,N,N,3,9,Y,FRI,NA,NA,NA,NA,NA,NA,NA,NA,NA,NA,NA,NA,NA,NA,NA,NA,NA,NA,NA,NA,NA,NA,NA,NA,NA,NA,NA,NA,NA,NA,NA,NA,NA,NA,NA,NA,NA,NA,NA,NA,NA,NA,NA,NA,NA,NA,NA,NA,NA,,,NA,NA,NA,NA,0,0,1,1,0,1,0,90,NA,NA
14385946,AUS_14385946,30.27208677,-97.75544061,2,1,3,16,2,33,1,1,4,11,1,5,N,4,NA,NA,4,97,97,,,0,1,0,0,0,1,0,N,N,N,N,N,N,N,4/10/2015,6:22 PM,227,22,N,N,NA,NA,19,,,1,1100,W,6TH,ST,N,N,30,N,N,,N,19,,,1,500,,BAYLOR,ST,NA,,,,,,11,1,0,NA,1,1,16,6:24 PM,DISPATCH,6:27 PM,4/10/2015,Y,74,NA,NA,120,8,5,3,2,64,13,1,5,1,32,21,227,22,30.27208677,-97.75544061,,,,NA,W 6TH ST,1109,NA,NA,NA,,NA,,,,N/A,NA,NA,NA,NA,Y,N,N,2,9,Y,FRI,NA,NA,NA,NA,NA,NA,NA,NA,NA,NA,NA,NA,NA,NA,NA,NA,NA,NA,NA,NA,NA,NA,NA,NA,NA,NA,NA,NA,NA,NA,NA,NA,NA,NA,NA,NA,NA,NA,NA,NA,NA,NA,NA,NA,NA,NA,NA,NA,NA,,,NA,NA,NA,NA,0,1,0,1,0,1,0,90,NA,NA
14386022,AUS_14386022,30.31161664,-97.73429444,2,1,3,16,1,63,1,1,4,11,1,2,N,4,NA,NA,4,97,97,,,1,0,0,0,0,1,0,N,N,N,N,N,N,N,4/12/2015,7:58 PM,227,22,N,N,NA,NA,19,,,1,600,W,45TH,ST,N,N,35,N,N,,N,19,,,1,4500,,GUADALUPE,ST,NA,,,,,,12,1,0,NA,1,1,20,7:58 PM,DISPATCH,8:04 PM,4/12/2015,Y,74,NA,NA,120,8,5,4,1,64,9,1,5,1,21,21,227,22,30.31161664,-97.73429444,,,,NA,W 45TH ST,709,NA,NA,NA,,NA,,,,N/A,NA,NA,NA,NA,Y,N,N,1,9,Y,SUN,NA,NA,NA,NA,NA,NA,NA,NA,NA,NA,NA,NA,NA,NA,NA,NA,NA,NA,NA,NA,NA,NA,NA,NA,NA,NA,NA,NA,NA,NA,NA,NA,NA,NA,NA,NA,NA,NA,NA,NA,NA,NA,NA,NA,NA,NA,NA,NA,NA,,,NA,NA,NA,NA,1,0,0,2,0,1,0,90,NA,NA