CrashID,CrashID1,Latitude,Longitude,Unit_Nbr,Prsn_Nbr,Prsn_Type_ID,Prsn_Occpnt_Pos_ID,Prsn_Injry_Sev_ID,Prsn_Age,Prsn_Ethnicity_ID,Prsn_Gndr_ID,Prsn_Ejct_ID,Prsn_Rest_ID,Prsn_Airbag_ID,Prsn_Helmet_ID,Prsn_Sol_Fl,Prsn_Alc_Spec_Type_ID,Prsn_Alc_Rslt_ID,Prsn_Bac_Test_Rslt,Prsn_Drg_Spec_Type_ID,Prsn_Drg_Rslt_ID,Drvr_Drg_Cat_1_ID,Prsn_Death_Date,Prsn_Death_Time,Incap_Injry_Cnt.x,Nonincap_Injry_Cnt.x,Poss_Injry_Cnt.x,Non_Injry_Cnt.x,Unkn_Injry_Cnt.x,Tot_Injry_Cnt.x,Death_Cnt.x,Crash_Fatal_Fl,Cmv_Involv_Fl,Schl_Bus_Fl,Rr_Relat_Fl,Medical_Advisory_Fl,Amend_Supp_Fl,Active_School_Zone_Fl,Crash_Date,Crash_Time,Rpt_CRIS_Cnty_ID,Rpt_City_ID,Rpt_Outside_City_Limit_Fl,Thousand_Damage_Fl,Rpt_Latitude,Rpt_Longitude,Rpt_Rdwy_Sys_ID,Rpt_Hwy_Num,Rpt_Hwy_Sfx,Rpt_Road_Part_ID,Rpt_Block_Num,Rpt_Street_Pfx,Rpt_Street_Name,Rpt_Street_Sfx,Private_Dr_Fl,Toll_Road_Fl,Crash_Speed_Limit,Road_Constr_Zone_Fl,Road_Constr_Zone_Wrkr_Fl,Rpt_Street_Desc,At_Intrsct_Fl,Rpt_Sec_Rdwy_Sys_ID,Rpt_Sec_Hwy_Num,Rpt_Sec_Hwy_Sfx,Rpt_Sec_Road_Part_ID,Rpt_Sec_Block_Num,Rpt_Sec_Street_Pfx,Rpt_Sec_Street_Name,Rpt_Sec_Street_Sfx,Rpt_Ref_Mark_Offset_Amt,Rpt_Ref_Mark_Dist_Uom,Rpt_Ref_Mark_Dir,Rpt_Ref_Mark_Nbr,Rpt_Sec_Street_Desc,Rpt_CrossingNumber,Wthr_Cond_ID,Light_Cond_ID,Entr_Road_ID,Road_Type_ID,Road_Algn_ID,Surf_Cond_ID,Traffic_Cntl_ID,Investigat_Notify_Time,Investigat_Notify_Meth,Investigat_Arrv_Time,Report_Date,Investigat_Comp_Fl,Investigat_Agency_ID,Investigat_Area_ID,Investigat_District_ID,Investigat_Region_ID,Bridge_Detail_ID,Harm_Evnt_ID,Intrsct_Relat_ID,FHE_Collsn_ID,Obj_Struck_ID,Othr_Factr_ID,Road_Part_Adj_ID,Road_Cls_ID,Road_Relat_ID,Phys_Featr_1_ID,Phys_Featr_2_ID,Cnty_ID,City_ID,Latitude,Longitude,Hwy_Sys,Hwy_Nbr,Hwy_Sfx,Dfo,Street_Name,Street_Nbr,Control,Section,Milepoint,Ref_Mark_Nbr,Ref_Mark_Displ,Hwy_Sys_2,Hwy_Nbr_2,Hwy_Sfx_2,Street_Name_2,Street_Nbr_2,Control_2,Section_2,Milepoint_2,Txdot_Rptable_Fl,Onsys_Fl,Rural_Fl,Crash_Sev_ID,Pop_Group_ID,Located_Fl,Day_of_Week,Hwy_Dsgn_Lane_ID,Hwy_Dsgn_Hrt_ID,Hp_Shldr_Left,Hp_Shldr_Right,Hp_Median_Width,Base_Type_ID,Nbr_Of_Lane,Row_Width_Usual,Roadbed_Width,Surf_Width,Surf_Type_ID,Curb_Type_Left_ID,Curb_Type_Right_ID,Shldr_Type_Left_ID,Shldr_Width_Left,Shldr_Use_Left_ID,Shldr_Type_Right_ID,Shldr_Width_Right,Shldr_Use_Right_ID,Median_Type_ID,Median_Width,Rural_Urban_Type_ID,Func_Sys_ID,Adt_Curnt_Amt,Adt_Curnt_Year,Adt_Adj_Curnt_Amt,Pct_Single_Trk_Adt,Pct_Combo_Trk_Adt,Trk_Aadt_Pct,Curve_Type_ID,Curve_Lngth,Cd_Degr,Delta_Left_Right_ID,Dd_Degr,Feature_Crossed,Structure_Number,I_R_Min_Vert_Clear,Approach_Width,Bridge_Median_ID,Bridge_Loading_Type_ID,Bridge_Loading_In_1000_Lbs,Bridge_Srvc_Type_On_ID,Bridge_Srvc_Type_Under_ID,Culvert_Type_ID,Roadway_Width,Deck_Width,Bridge_Dir_Of_Traffic_ID,Bridge_Rte_Struct_Func_ID,Bridge_IR_Struct_Func_ID,CrossingNumber,RRCo,Poscrossing_ID,WDCode_ID,Standstop,Yield,Incap_Injry_Cnt.y,Nonincap_Injry_Cnt.y,Poss_Injry_Cnt.y,Non_Injry_Cnt.y,Unkn_Injry_Cnt.y,Tot_Injry_Cnt.y,Death_Cnt.y,MPO_ID,Unit_ID,Unit_Prsn_ID
14387386,AUS_14387386,30.28919194,-97.73039525,2,1,3,16,2,22,3,2,4,11,1,4,N,4,NA,NA,4,97,97,,,0,1,0,0,0,1,0,N,N,N,N,N,N,N,4/14/2015,1:13 PM,227,22,N,N,NA,NA,19,,,1,600,E,DEAN KEETON,ST,N,N,35,N,N,,N,19,,,1,2900,,BEANNA,ST,NA,,,,,,11,1,2,NA,2,1,1,1:13 PM,DISPATCH,1:13 PM,4/14/2015,Y,74,NA,NA,120,8,5,4,1,64,11,1,5,1,12,21,227,22,30.28919194,-97.73039525,,,,NA,E DEAN KEETON ST,805,NA,NA,NA,,NA,,,,N/A,NA,NA,NA,NA,Y,N,N,2,9,Y,TUE,NA,NA,NA,NA,NA,NA,NA,NA,NA,NA,NA,NA,NA,NA,NA,NA,NA,NA,NA,NA,NA,NA,NA,NA,NA,NA,NA,NA,NA,NA,NA,NA,NA,NA,NA,NA,NA,NA,NA,NA,NA,NA,NA,NA,NA,NA,NA,NA,NA,,,NA,NA,NA,NA,0,1,0,1,0,1,0,90,NA,NA
14394243,AUS_14394243,30.24729227,-97.77525007,2,1,3,16,2,28,1,1,4,11,1,5,N,4,NA,NA,4,97,97,,,0,1,0,0,0,1,0,N,N,N,N,N,N,N,3/22/2015,5:33 PM,227,22,N,Y,NA,NA,3,343,,1,2200,S,LAMAR,BLVD,N,N,45,N,N,,Y,19,,,1,2200,,DEL CURTO,RD,NA,,,,,,11,1,0,3,1,1,20,5:35 PM,DISPATCH,5:35 PM,3/22/2015,Y,74,NA,NA,93,8,5,1,3,64,54,1,2,1,21,21,227,22,30.24729227,-97.77525007,SL,343,,1.955,SL0343,2301,113,9,6.942,566,-0.466,SL,360,,SL0360,NA,NA,NA,NA,Y,Y,N,2,9,Y,SUN,2,0,0,0,0,2,4,80,60,48,4,1,1,1,0,0,1,0,0,0,0,4,14,34215,2014,34215,1.2,0.4,1.6,NA,NA,NA,NA,NA,NA,NA,NA,NA,NA,NA,NA,NA,NA,NA,NA,NA,NA,NA,NA,,,NA,NA,NA,NA,0,2,0,1,0,2,0,90,NA,NA
14394314,AUS_14394314,30.25890478,-97.74621246,2,1,3,16,3,30,1,2,4,11,1,2,N,4,NA,NA,4,97,97,,,0,0,1,0,0,1,0,N,N,N,N,N,N,N,4/2/2015,7:47 PM,227,22,N,N,NA,NA,19,,,1,100,S,CONGRESS,AVE,N,N,40,N,N,,Y,19,,,4,,,BARTON SPRINGS,RD,NA,,,,,,11,1,2,NA,2,1,16,7:47 PM,DISPATCH,7:47 PM,4/2/2015,Y,74,NA,NA,93,8,5,2,2,64,54,4,5,1,21,21,227,22,30.25890478,-97.74621246,,,,NA,CONGRESS AVE S,301,NA,NA,NA,,NA,,,,BARTON SPRINGS RD,NA,NA,NA,NA,Y,N,N,3,9,Y,THU,NA,NA,NA,NA,NA,NA,NA,NA,NA,NA,NA,NA,NA,NA,NA,NA,NA,NA,NA,NA,NA,NA,NA,NA,NA,NA,NA,NA,NA,NA,NA,NA,NA,NA,NA,NA,NA,NA,NA,NA,NA,NA,NA,NA,NA,NA,NA,NA,NA,,,NA,NA,NA,NA,0,0,1,5,0,1,0,90,NA,NA
14394683,AUS_14394683,30.26110478,-97.69611248,2,1,3,16,5,52,2,1,4,11,1,4,N,4,NA,NA,4,97,97,,,0,0,0,1,0,0,0,N,N,N,N,N,N,N,4/17/2015,7:06 AM,227,22,N,N,NA,NA,19,,,1,,,MANSELL,AVE,N,N,-1,N,N,MAIN LANE,Y,19,,,1,,,BOLM,RD,NA,,,,MAIN LANE,,12,1,2,NA,1,1,20,7:06 AM,DISPATCH,7:06 AM,4/17/2015,Y,74,NA,NA,34,8,5,2,1,64,54,1,5,1,21,21,227,22,30.26110478,-97.69611248,,,,NA,MANSELL AVE,1099,NA,NA,NA,,NA,,,,BOLM RD,NA,NA,NA,NA,N,N,N,5,9,Y,FRI,NA,NA,NA,NA,NA,NA,NA,NA,NA,NA,NA,NA,NA,NA,NA,NA,NA,NA,NA,NA,NA,NA,NA,NA,NA,NA,NA,NA,NA,NA,NA,NA,NA,NA,NA,NA,NA,NA,NA,NA,NA,NA,NA,NA,NA,NA,NA,NA,NA,,,NA,NA,NA,NA,0,0,0,2,0,0,0,90,NA,NA
14396471,AUS_14396471,30.27309487,-97.63434235,2,1,3,16,2,25,1,2,4,11,1,5,N,4,NA,NA,4,97,97,,,0,1,0,0,0,1,0,N,N,N,N,N,N,N,4/19/2015,2:00 PM,227,22,N,N,NA,NA,4,969,,1,9000,N,FM 969,RD,N,N,55,N,N,,Y,19,,,1,5000,,PARK AT WOODLANDS,DR,NA,,,,,,11,1,98,3,1,1,20,2:00 PM,ON SIGHT,2:00 PM,4/19/2015,Y,74,NA,NA,34,8,5,1,2,64,54,1,3,1,20,21,227,22,30.27309487,-97.63434235,FM,969,,4.45,FM0969,9100,1186,1,16.173,452,0.576,,,,PARK AT WOODLANDS DR,NA,NA,NA,NA,Y,Y,N,2,9,Y,SUN,2,0,0,0,0,2,4,100,46,46,4,0,0,1,0,0,1,0,0,0,0,4,14,18049,2014,18049,2.6,8.7,11.3,NA,NA,NA,NA,NA,NA,NA,NA,NA,NA,NA,NA,NA,NA,NA,NA,NA,NA,NA,NA,,,NA,NA,NA,NA,0,1,0,1,0,1,0,90,NA,NA
14398428,AUS_14398428,30.26474478,-97.76495246,2,1,3,16,2,57,1,2,4,11,1,2,N,4,NA,NA,4,97,97,,,0,1,0,0,0,1,0,N,N,N,N,N,N,N,4/14/2015,11:00 PM,227,22,N,N,NA,NA,19,,,1,2000,,BARTON SPRINGS,RD,N,N,35,N,N,,Y,19,,,1,5000,,ROBERT E LEE,,NA,,,,,,11,4,2,NA,1,1,16,11:00 PM,DISPATCH,11:03 PM,4/14/2015,Y,74,NA,NA,105,8,5,1,1,64,3,1,5,1,21,21,227,22,30.26474478,-97.76495246,,,,NA,BARTON SPRINGS RD,NA,NA,NA,NA,,NA,,,,ROBERT E LEE RD,NA,NA,NA,NA,Y,N,N,2,9,Y,TUE,NA,NA,NA,NA,NA,NA,NA,NA,NA,NA,NA,NA,NA,NA,NA,NA,NA,NA,NA,NA,NA,NA,NA,NA,NA,NA,NA,NA,NA,NA,NA,NA,NA,NA,NA,NA,NA,NA,NA,NA,NA,NA,NA,NA,NA,NA,NA,NA,NA,,,NA,NA,NA,NA,0,1,0,1,0,1,0,90,NA,NA
14408798,AUS_14408798,30.39093475,-97.71406246,2,1,3,16,2,58,1,1,4,11,1,2,N,4,NA,NA,4,97,97,,,0,1,0,0,0,1,0,N,N,N,N,N,N,N,4/28/2015,8:43 AM,227,22,N,Y,NA,NA,19,,,1,2300,W,BRAKER,LN,N,N,45,N,N,2300 BLK W BRAKER LN,Y,19,,,1,2100,,KRAMER,LN,NA,,,,2100 KRAMWR LN,,12,1,4,NA,5,2,10,8:43 AM,DISPATCH,8:49 AM,4/28/2015,Y,74,NA,NA,46,8,5,2,2,64,3,1,5,1,21,21,227,22,30.39093475,-97.71406246,,,,NA,W BRAKER LN,NA,NA,NA,NA,,NA,,,,KRAMER LN,NA,NA,NA,NA,Y,N,N,2,9,Y,TUE,NA,NA,NA,NA,NA,NA,NA,NA,NA,NA,NA,NA,NA,NA,NA,NA,NA,NA,NA,NA,NA,NA,NA,NA,NA,NA,NA,NA,NA,NA,NA,NA,NA,NA,NA,NA,NA,NA,NA,NA,NA,NA,NA,NA,NA,NA,NA,NA,NA,,,NA,NA,NA,NA,0,1,0,1,0,1,0,90,NA,NA
14408838,AUS_14408838,30.23442716,-97.72406475,2,1,3,16,5,38,1,1,4,11,1,5,N,4,NA,NA,4,97,97,,,0,0,0,1,0,0,0,N,N,N,N,N,N,N,4/28/2015,3:30 PM,227,22,N,N,NA,NA,19,,,1,2500,E,RIVERSIDE,DR,N,N,-1,N,N,,N,19,,,1,,S,PLEASANT VALLEY,RD,NA,,,,,,12,1,0,NA,1,1,1,3:30 PM,BY CITIZEN,3:30 PM,4/28/2015,Y,74,NA,NA,98,8,5,2,2,64,3,1,5,1,21,21,227,22,30.23442716,-97.72406475,,,,NA,E RIVERSIDE DR,NA,NA,NA,NA,,NA,,,,S PLEASANT VALLEY RD,NA,NA,NA,NA,N,N,N,5,9,Y,TUE,NA,NA,NA,NA,NA,NA,NA,NA,NA,NA,NA,NA,NA,NA,NA,NA,NA,NA,NA,NA,NA,NA,NA,NA,NA,NA,NA,NA,NA,NA,NA,NA,NA,NA,NA,NA,NA,NA,NA,NA,NA,NA,NA,NA,NA,NA,NA,NA,NA,,,NA,NA,NA,NA,0,0,0,3,0,0,0,90,NA,NA
14412621,AUS_14412621,30.26894477,-97.73865246,2,1,3,16,2,25,1,2,4,11,1,4,N,4,NA,NA,4,97,97,,,0,1,0,0,0,1,0,N,N,N,N,N,N,N,4/21/2015,2:30 AM,227,22,N,N,NA,NA,19,,,1,800,,TRINITY,,N,N,35,N,N,,N,19,,,1,,,9TH,ST,NA,,,,,,11,6,0,NA,1,1,1,2:30 AM,DISPATCH,2:40 AM,4/22/2015,Y,74,NA,NA,67,8,5,4,4,64,12,1,5,1,12,21,227,22,30.26894477,-97.73865246,,,,NA,TRINITY ST,800,NA,NA,NA,,NA,,,,N/A,NA,NA,NA,NA,Y,N,N,2,9,Y,TUE,NA,NA,NA,NA,NA,NA,NA,NA,NA,NA,NA,NA,NA,NA,NA,NA,NA,NA,NA,NA,NA,NA,NA,NA,NA,NA,NA,NA,NA,NA,NA,NA,NA,NA,NA,NA,NA,NA,NA,NA,NA,NA,NA,NA,NA,NA,NA,NA,NA,,,NA,NA,NA,NA,0,1,0,3,0,1,0,90,NA,NA
14416874,AUS_14416874,30.21789364,-97.77488663,2,1,3,16,2,40,1,1,4,11,1,4,N,4,NA,NA,4,97,97,,,0,1,0,0,0,1,0,N,N,N,N,N,N,N,4/27/2015,1:49 PM,227,22,N,N,NA,NA,19,,,1,4600,,S 1ST,ST,N,N,40,N,N,,N,19,,,1,500,,PHILCO,DR,NA,,,,,,11,1,0,NA,1,1,20,1:49 PM,DISPATCH,1:55 PM,5/3/2015,Y,74,NA,NA,93,8,5,4,1,64,54,1,5,1,21,21,227,22,30.21789364,-97.77488663,,,,NA,S 1ST ST,4542,NA,NA,NA,,NA,,,,N/A,NA,NA,NA,NA,Y,N,N,2,9,Y,MON,NA,NA,NA,NA,NA,NA,NA,NA,NA,NA,NA,NA,NA,NA,NA,NA,NA,NA,NA,NA,NA,NA,NA,NA,NA,NA,NA,NA,NA,NA,NA,NA,NA,NA,NA,NA,NA,NA,NA,NA,NA,NA,NA,NA,NA,NA,NA,NA,NA,,,NA,NA,NA,NA,0,1,0,0,0,1,0,90,NA,NA
14417152,AUS_14417152,30.22489479,-97.85500243,2,1,3,16,2,15,1,2,4,11,1,2,N,4,NA,NA,4,97,97,,,0,1,0,0,0,1,0,N,N,N,N,N,N,N,5/1/2015,7:28 PM,227,22,N,Y,NA,NA,19,,,1,6900,,BECKETT,RD,N,N,45,N,N,,Y,19,,,1,5300,W,WILLIAM CANNON TO MOPA SB RAMP,DR,NA,,,,,,11,1,4,NA,1,1,5,7:28 PM,DISPATCH,7:28 PM,5/1/2015,Y,74,NA,NA,105,8,5,1,1,64,3,1,5,1,21,21,227,22,30.22489479,-97.85500243,,,,NA,BECKETT RD,NA,NA,NA,NA,,NA,,,,W WILLIAM CANNON DR,NA,NA,NA,NA,Y,N,N,2,9,Y,FRI,NA,NA,NA,NA,NA,NA,NA,NA,NA,NA,NA,NA,NA,NA,NA,NA,NA,NA,NA,NA,NA,NA,NA,NA,NA,NA,NA,NA,NA,NA,NA,NA,NA,NA,NA,NA,NA,NA,NA,NA,NA,NA,NA,NA,NA,NA,NA,NA,NA,,,NA,NA,NA,NA,0,1,0,1,0,1,0,90,NA,NA
14417205,AUS_14417205,30.40071361,-97.74757153,2,1,3,16,1,60,1,2,4,11,1,1,N,4,NA,NA,4,97,97,,,1,0,0,0,0,1,0,N,Y,N,N,N,N,N,5/2/2015,6:37 PM,227,22,N,Y,NA,NA,19,,,1,4815,W,BRAKER,LN,N,N,-1,N,N,,N,19,,,1,10800,,JOLLYVILLE,RD,NA,,,,,,11,1,4,NA,1,1,1,6:37 PM,DISPATCH,6:38 PM,5/2/2015,Y,74,NA,NA,46,8,5,4,1,64,54,1,5,1,21,21,227,22,30.40071361,-97.74757153,,,,NA,W BRAKER LN,4851,NA,NA,NA,,NA,,,,N/A,NA,NA,NA,NA,Y,N,N,1,9,Y,SAT,NA,NA,NA,NA,NA,NA,NA,NA,NA,NA,NA,NA,NA,NA,NA,NA,NA,NA,NA,NA,NA,NA,NA,NA,NA,NA,NA,NA,NA,NA,NA,NA,NA,NA,NA,NA,NA,NA,NA,NA,NA,NA,NA,NA,NA,NA,NA,NA,NA,,,NA,NA,NA,NA,1,0,0,1,0,1,0,90,NA,NA
14417278,AUS_14417278,30.22163931,-97.74217315,2,1,3,16,2,27,2,1,4,11,1,4,N,1,NA,NA,4,97,97,,,0,1,0,0,0,1,0,N,N,N,N,N,N,N,5/3/2015,10:30 PM,227,22,N,Y,NA,NA,19,,,1,3400,,PARKER,LN,N,N,30,N,N,BLACKRTOP,N,19,,,1,,,WOODWARD,ST,NA,,,,BLACKTOP,,0,6,0,NA,1,1,20,6:31 AM,DISPATCH,8:25 AM,5/4/2015,Y,74,NA,NA,98,8,5,4,1,64,3,1,5,1,21,21,227,22,30.22163931,-97.74217315,,,,NA,PARKER LN,3299,NA,NA,NA,,NA,,,,N/A,NA,NA,NA,NA,Y,N,N,2,9,Y,SUN,NA,NA,NA,NA,NA,NA,NA,NA,NA,NA,NA,NA,NA,NA,NA,NA,NA,NA,NA,NA,NA,NA,NA,NA,NA,NA,NA,NA,NA,NA,NA,NA,NA,NA,NA,NA,NA,NA,NA,NA,NA,NA,NA,NA,NA,NA,NA,NA,NA,,,NA,NA,NA,NA,0,1,0,0,1,1,0,90,NA,NA
14420989,AUS_14420989,30.34844706,-97.67677062,2,1,3,16,2,41,1,1,4,11,1,4,N,4,NA,NA,4,97,97,,,0,1,0,0,0,1,0,N,N,N,N,N,N,N,5/6/2015,6:58 AM,227,22,N,N,NA,NA,19,,,1,9100,,CAMERON,RD,N,N,-1,N,N,INCIDENT HAPPENED IN RIGHT LANE,N,19,,,1,1400,,FERGUSON,,NA,,,,INTERSECTION OF FERGUSON AND CAMERON,,11,1,0,NA,1,1,1,6:59 AM,DISPATCH,7:15 AM,5/6/2015,Y,74,NA,NA,114,8,5,4,1,64,54,1,5,1,21,21,227,22,30.34844706,-97.67677062,,,,NA,CAMERON RD,NA,NA,NA,NA,,NA,,,,N/A,NA,NA,NA,NA,Y,N,N,2,9,Y,WED,NA,NA,NA,NA,NA,NA,NA,NA,NA,NA,NA,NA,NA,NA,NA,NA,NA,NA,NA,NA,NA,NA,NA,NA,NA,NA,NA,NA,NA,NA,NA,NA,NA,NA,NA,NA,NA,NA,NA,NA,NA,NA,NA,NA,NA,NA,NA,NA,NA,,,NA,NA,NA,NA,0,1,0,1,0,1,0,90,NA,NA
14425468,AUS_14425468,30.16713419,-97.79092662,2,1,3,16,2,34,3,1,4,11,1,5,N,4,NA,NA,4,97,97,,,0,1,0,0,0,1,0,N,N,N,N,N,N,N,5/5/2015,8:15 AM,227,22,N,Y,NA,NA,17,,,7,135,W,SLAUGHTER,LN,N,N,-1,N,N,PARKING LOT,N,19,,,1,,,CULLEN,LN,NA,,,,,,12,1,0,NA,1,1,1,9:52 AM,DISPATCH,10:00 AM,5/5/2015,Y,74,NA,NA,99,8,5,3,2,64,13,1,3,2,32,21,227,22,30.16713419,-97.79092662,,,,NA,W SLAUGHTER LN,NA,NA,NA,NA,,NA,,,,N/A,NA,NA,NA,NA,Y,N,N,2,9,Y,TUE,NA,NA,NA,NA,NA,NA,NA,NA,NA,NA,NA,NA,NA,NA,NA,NA,NA,NA,NA,NA,NA,NA,NA,NA,NA,NA,NA,NA,NA,NA,NA,NA,NA,NA,NA,NA,NA,NA,NA,NA,NA,NA,NA,NA,NA,NA,NA,NA,NA,,,NA,NA,NA,NA,0,1,0,1,0,1,0,90,NA,NA
14430545,AUS_14430545,30.45060082,-97.78458896,2,1,3,16,2,18,1,2,4,11,1,4,N,4,NA,NA,4,97,97,,,0,1,0,0,0,1,0,N,N,N,N,N,N,N,5/4/2015,7:03 PM,227,22,N,Y,NA,NA,19,,,1,9300,,ANDERSON MILL,RD,N,N,40,N,N,,N,19,,,1,13400,,POND SPRINGS,RD,NA,,,,,,11,1,0,NA,1,1,16,7:03 PM,DISPATCH,7:08 PM,5/4/2015,Y,74,NA,NA,46,8,5,4,1,64,3,1,5,1,21,21,246,22,30.45060082,-97.78458896,,,,NA,ANDERSON MILL RD,9300,NA,NA,NA,,NA,,,,N/A,NA,NA,NA,NA,Y,N,N,2,9,Y,MON,NA,NA,NA,NA,NA,NA,NA,NA,NA,NA,NA,NA,NA,NA,NA,NA,NA,NA,NA,NA,NA,NA,NA,NA,NA,NA,NA,NA,NA,NA,NA,NA,NA,NA,NA,NA,NA,NA,NA,NA,NA,NA,NA,NA,NA,NA,NA,NA,NA,,,NA,NA,NA,NA,0,1,0,0,1,1,0,90,NA,NA
14431356,AUS_14431356,30.22699801,-97.70803027,3,1,3,16,5,59,3,1,4,11,1,2,N,4,NA,NA,4,97,97,,,0,0,0,1,0,0,0,N,N,N,N,N,N,N,5/11/2015,12:50 PM,227,22,N,Y,NA,NA,19,,,1,5900,E,RIVERSIDE,DR,N,N,40,N,N,ASPHALT,N,19,,,1,,,GROVE,BLVD,NA,,,,ASPHALT,,2,1,4,NA,1,2,21,12:50 PM,ON SIGHT,12:50 PM,5/11/2015,Y,74,NA,NA,190,8,2,2,22,64,39,1,5,1,21,21,227,22,30.22699801,-97.70803027,,,,NA,E RIVERSIDE DR,NA,NA,NA,NA,,NA,,,,GROVE BLVD,NA,NA,NA,NA,Y,N,N,3,9,Y,MON,NA,NA,NA,NA,NA,NA,NA,NA,NA,NA,NA,NA,NA,NA,NA,NA,NA,NA,NA,NA,NA,NA,NA,NA,NA,NA,NA,NA,NA,NA,NA,NA,NA,NA,NA,NA,NA,NA,NA,NA,NA,NA,NA,NA,NA,NA,NA,NA,NA,,,NA,NA,NA,NA,0,0,1,2,0,1,0,90,NA,NA
14433755,AUS_14433755,30.48795628,-97.77135275,2,1,3,16,1,36,1,1,4,11,1,5,N,4,NA,NA,4,97,97,,,1,0,0,0,0,1,0,N,N,N,N,N,N,N,4/29/2015,5:26 PM,246,22,N,N,NA,NA,19,,,1,9800,W,PARMER,LN,N,N,-1,N,N,,Y,19,,,1,10000,,LAKELINE,BLVD,NA,,,,,,11,1,2,2,1,1,5,5:26 PM,DISPATCH,5:36 PM,4/29/2015,Y,74,NA,NA,46,8,5,2,2,64,54,1,3,1,21,21,246,22,30.48795628,-97.77135275,FM,734,,3.428,FM0734,NA,3417,2,9.081,424,-1.037,,,,LAKELINE BLVD,NA,NA,NA,NA,Y,Y,N,1,9,Y,WED,3,0,10,10,41,2,4,200,94,48,4,0,0,2,14,5,2,20,5,3,27,4,14,35475,2014,35475,7.7,2.9,10.6,NA,NA,NA,NA,NA,NA,NA,NA,NA,NA,NA,NA,NA,NA,NA,NA,NA,NA,NA,NA,,,NA,NA,NA,NA,1,0,0,1,0,1,0,90,NA,NA
14433905,AUS_14433905,30.19151666,-97.77386149,2,1,3,16,2,52,1,1,4,11,1,5,N,4,NA,NA,4,97,97,,,0,1,0,0,0,1,0,N,N,N,N,N,N,N,5/7/2015,4:13 PM,227,22,N,N,NA,NA,19,,,7,600,E,E WILLIAM CANNON,,N,N,15,N,N,,N,1,35,,7,,,NOT REPORTED,,NA,,,,,,12,1,0,NA,1,1,5,4:13 PM,DISPATCH,4:13 PM,5/7/2015,Y,74,NA,NA,99,8,5,2,3,64,54,1,5,1,21,21,227,22,30.19151666,-97.77386149,,,,NA,E WILLIAM CANNON DR,NA,NA,NA,NA,,NA,,,,UNKNOWN,NA,NA,NA,NA,Y,N,N,2,9,Y,THU,NA,NA,NA,NA,NA,NA,NA,NA,NA,NA,NA,NA,NA,NA,NA,NA,NA,NA,NA,NA,NA,NA,NA,NA,NA,NA,NA,NA,NA,NA,NA,NA,NA,NA,NA,NA,NA,NA,NA,NA,NA,NA,NA,NA,NA,NA,NA,NA,NA,,,NA,NA,NA,NA,0,1,0,1,0,1,0,90,NA,NA
14436064,AUS_14436064,30.2735516,-97.69092584,2,1,3,16,2,55,2,1,4,11,1,4,N,4,NA,NA,4,97,97,,,0,1,0,0,0,1,0,N,N,N,N,N,N,N,5/13/2015,3:46 PM,227,22,N,Y,NA,NA,19,,,1,3800,,OAK SPRINGS,DR,N,N,25,N,N,,N,19,,,1,,,SPRINGDALE,RD,NA,,,,,,2,1,0,NA,1,2,20,3:46 PM,DISPATCH,3:50 PM,5/13/2015,Y,74,NA,NA,34,8,5,4,1,64,17,1,5,1,21,21,227,22,30.2735516,-97.69092584,,,,NA,OAK SPRINGS DR,3842,NA,NA,NA,,NA,,,,N/A,NA,NA,NA,NA,Y,N,N,2,9,Y,WED,NA,NA,NA,NA,NA,NA,NA,NA,NA,NA,NA,NA,NA,NA,NA,NA,NA,NA,NA,NA,NA,NA,NA,NA,NA,NA,NA,NA,NA,NA,NA,NA,NA,NA,NA,NA,NA,NA,NA,NA,NA,NA,NA,NA,NA,NA,NA,NA,NA,,,NA,NA,NA,NA,0,1,0,1,0,1,0,90,NA,NA
14446057,AUS_14446057,30.2618442,-97.73886871,3,1,3,16,2,24,1,1,4,11,1,4,N,4,NA,NA,4,97,97,,,0,1,0,0,0,1,0,N,N,N,N,N,N,N,5/18/2015,3:35 PM,227,22,N,Y,NA,NA,19,,,1,100,E,CESAR CHAVEZ,ST,N,N,35,Y,N,,Y,19,,,1,500,,RED RIVER,ST,NA,,,,,,11,1,4,3,1,1,21,3:31 PM,DISPATCH,3:34 PM,5/18/2015,Y,74,NA,NA,115,8,2,1,20,64,49,1,2,1,21,21,227,22,30.2618442,-97.73886871,SL,343,,4.988,SL0343,598,113,12,6.153,568,0.611,,,,RED RIVER ST,NA,NA,NA,NA,Y,Y,N,2,9,Y,MON,2,0,10,10,0,9,4,80,68,48,6,0,0,2,10,5,2,10,5,0,0,4,14,20895,2014,20895,1.2,0.4,1.6,NA,NA,NA,NA,NA,NA,NA,NA,NA,NA,NA,NA,NA,NA,NA,NA,NA,NA,NA,NA,,,NA,NA,NA,NA,0,2,0,1,1,2,0,90,NA,NA
14454734,AUS_14454734,30.32500477,-97.74390246,2,1,3,16,3,47,1,2,4,11,1,5,N,4,NA,NA,4,97,97,,,0,0,1,0,0,1,0,N,N,N,N,N,N,N,5/13/2015,11:43 AM,227,22,N,Y,NA,NA,19,,,1,2400,,HANCOCK,DR,N,N,35,N,N,PAVED ROAD,Y,19,,,1,,,WOODVIEW,AVE,NA,,,,PAVED ROAD,,2,1,3,NA,1,2,16,11:43 AM,DISPATCH,11:46 AM,5/13/2015,Y,74,NA,NA,10,8,5,1,1,64,54,1,5,1,21,21,227,22,30.32500477,-97.74390246,,,,NA,HANCOCK DR,NA,NA,NA,NA,,NA,,,,WOODVIEW AVE,NA,NA,NA,NA,Y,N,N,3,9,Y,WED,NA,NA,NA,NA,NA,NA,NA,NA,NA,NA,NA,NA,NA,NA,NA,NA,NA,NA,NA,NA,NA,NA,NA,NA,NA,NA,NA,NA,NA,NA,NA,NA,NA,NA,NA,NA,NA,NA,NA,NA,NA,NA,NA,NA,NA,NA,NA,NA,NA,,,NA,NA,NA,NA,0,0,1,1,0,1,0,90,NA,NA