CrashID,CrashID1,Latitude,Longitude,Unit_Nbr,Prsn_Nbr,Prsn_Type_ID,Prsn_Occpnt_Pos_ID,Prsn_Injry_Sev_ID,Prsn_Age,Prsn_Ethnicity_ID,Prsn_Gndr_ID,Prsn_Ejct_ID,Prsn_Rest_ID,Prsn_Airbag_ID,Prsn_Helmet_ID,Prsn_Sol_Fl,Prsn_Alc_Spec_Type_ID,Prsn_Alc_Rslt_ID,Prsn_Bac_Test_Rslt,Prsn_Drg_Spec_Type_ID,Prsn_Drg_Rslt_ID,Drvr_Drg_Cat_1_ID,Prsn_Death_Date,Prsn_Death_Time,Incap_Injry_Cnt.x,Nonincap_Injry_Cnt.x,Poss_Injry_Cnt.x,Non_Injry_Cnt.x,Unkn_Injry_Cnt.x,Tot_Injry_Cnt.x,Death_Cnt.x,Crash_Fatal_Fl,Cmv_Involv_Fl,Schl_Bus_Fl,Rr_Relat_Fl,Medical_Advisory_Fl,Amend_Supp_Fl,Active_School_Zone_Fl,Crash_Date,Crash_Time,Rpt_CRIS_Cnty_ID,Rpt_City_ID,Rpt_Outside_City_Limit_Fl,Thousand_Damage_Fl,Rpt_Latitude,Rpt_Longitude,Rpt_Rdwy_Sys_ID,Rpt_Hwy_Num,Rpt_Hwy_Sfx,Rpt_Road_Part_ID,Rpt_Block_Num,Rpt_Street_Pfx,Rpt_Street_Name,Rpt_Street_Sfx,Private_Dr_Fl,Toll_Road_Fl,Crash_Speed_Limit,Road_Constr_Zone_Fl,Road_Constr_Zone_Wrkr_Fl,Rpt_Street_Desc,At_Intrsct_Fl,Rpt_Sec_Rdwy_Sys_ID,Rpt_Sec_Hwy_Num,Rpt_Sec_Hwy_Sfx,Rpt_Sec_Road_Part_ID,Rpt_Sec_Block_Num,Rpt_Sec_Street_Pfx,Rpt_Sec_Street_Name,Rpt_Sec_Street_Sfx,Rpt_Ref_Mark_Offset_Amt,Rpt_Ref_Mark_Dist_Uom,Rpt_Ref_Mark_Dir,Rpt_Ref_Mark_Nbr,Rpt_Sec_Street_Desc,Rpt_CrossingNumber,Wthr_Cond_ID,Light_Cond_ID,Entr_Road_ID,Road_Type_ID,Road_Algn_ID,Surf_Cond_ID,Traffic_Cntl_ID,Investigat_Notify_Time,Investigat_Notify_Meth,Investigat_Arrv_Time,Report_Date,Investigat_Comp_Fl,Investigat_Agency_ID,Investigat_Area_ID,Investigat_District_ID,Investigat_Region_ID,Bridge_Detail_ID,Harm_Evnt_ID,Intrsct_Relat_ID,FHE_Collsn_ID,Obj_Struck_ID,Othr_Factr_ID,Road_Part_Adj_ID,Road_Cls_ID,Road_Relat_ID,Phys_Featr_1_ID,Phys_Featr_2_ID,Cnty_ID,City_ID,Latitude,Longitude,Hwy_Sys,Hwy_Nbr,Hwy_Sfx,Dfo,Street_Name,Street_Nbr,Control,Section,Milepoint,Ref_Mark_Nbr,Ref_Mark_Displ,Hwy_Sys_2,Hwy_Nbr_2,Hwy_Sfx_2,Street_Name_2,Street_Nbr_2,Control_2,Section_2,Milepoint_2,Txdot_Rptable_Fl,Onsys_Fl,Rural_Fl,Crash_Sev_ID,Pop_Group_ID,Located_Fl,Day_of_Week,Hwy_Dsgn_Lane_ID,Hwy_Dsgn_Hrt_ID,Hp_Shldr_Left,Hp_Shldr_Right,Hp_Median_Width,Base_Type_ID,Nbr_Of_Lane,Row_Width_Usual,Roadbed_Width,Surf_Width,Surf_Type_ID,Curb_Type_Left_ID,Curb_Type_Right_ID,Shldr_Type_Left_ID,Shldr_Width_Left,Shldr_Use_Left_ID,Shldr_Type_Right_ID,Shldr_Width_Right,Shldr_Use_Right_ID,Median_Type_ID,Median_Width,Rural_Urban_Type_ID,Func_Sys_ID,Adt_Curnt_Amt,Adt_Curnt_Year,Adt_Adj_Curnt_Amt,Pct_Single_Trk_Adt,Pct_Combo_Trk_Adt,Trk_Aadt_Pct,Curve_Type_ID,Curve_Lngth,Cd_Degr,Delta_Left_Right_ID,Dd_Degr,Feature_Crossed,Structure_Number,I_R_Min_Vert_Clear,Approach_Width,Bridge_Median_ID,Bridge_Loading_Type_ID,Bridge_Loading_In_1000_Lbs,Bridge_Srvc_Type_On_ID,Bridge_Srvc_Type_Under_ID,Culvert_Type_ID,Roadway_Width,Deck_Width,Bridge_Dir_Of_Traffic_ID,Bridge_Rte_Struct_Func_ID,Bridge_IR_Struct_Func_ID,CrossingNumber,RRCo,Poscrossing_ID,WDCode_ID,Standstop,Yield,Incap_Injry_Cnt.y,Nonincap_Injry_Cnt.y,Poss_Injry_Cnt.y,Non_Injry_Cnt.y,Unkn_Injry_Cnt.y,Tot_Injry_Cnt.y,Death_Cnt.y,MPO_ID,Unit_ID,Unit_Prsn_ID
14608841,AUS_14608841,30.39914444,-97.66948248,2,1,3,16,3,53,1,2,4,11,1,3,N,4,NA,NA,4,97,97,,,0,0,1,0,0,1,0,N,N,N,N,N,N,N,8/23/2015,11:28 AM,227,22,N,Y,NA,NA,19,,,1,12100,,TECH RIDGE BLVD,BLVD,N,N,-1,N,N,,N,19,,,1,,E,E YAGER LN,LN,NA,,,,,,11,1,98,NA,1,1,16,11:28 AM,DISPATCH,11:32 AM,8/24/2015,Y,74,NA,NA,114,8,5,4,1,64,3,1,5,1,21,21,227,22,30.39914444,-97.66948248,,,,NA,TECH RIDGE BLVD,NA,NA,NA,NA,,NA,,,,N/A,NA,NA,NA,NA,Y,N,N,3,9,Y,SUN,NA,NA,NA,NA,NA,NA,NA,NA,NA,NA,NA,NA,NA,NA,NA,NA,NA,NA,NA,NA,NA,NA,NA,NA,NA,NA,NA,NA,NA,NA,NA,NA,NA,NA,NA,NA,NA,NA,NA,NA,NA,NA,NA,NA,NA,NA,NA,NA,NA,,,NA,NA,NA,NA,0,0,1,1,0,1,0,90,NA,NA
14608859,AUS_14608859,30.24514696,-97.75132538,2,1,3,16,2,56,1,1,4,11,1,4,N,4,NA,NA,4,97,97,,,0,1,0,0,0,1,0,N,N,N,N,N,N,N,8/24/2015,8:22 AM,227,22,N,N,NA,NA,19,,,1,1900,S,CONGRESS,AVE,N,N,35,N,N,,N,19,,,1,100,E,MARY,ST,NA,,,,,,11,1,2,NA,1,1,20,8:22 AM,DISPATCH,8:30 AM,8/24/2015,Y,74,NA,NA,98,8,5,1,2,64,3,1,5,1,21,21,227,22,30.24514696,-97.75132538,,,,NA,CONGRESS AVE S,1902,NA,NA,NA,,NA,,,,MARY ST E,NA,NA,NA,NA,Y,N,N,2,9,Y,MON,NA,NA,NA,NA,NA,NA,NA,NA,NA,NA,NA,NA,NA,NA,NA,NA,NA,NA,NA,NA,NA,NA,NA,NA,NA,NA,NA,NA,NA,NA,NA,NA,NA,NA,NA,NA,NA,NA,NA,NA,NA,NA,NA,NA,NA,NA,NA,NA,NA,,,NA,NA,NA,NA,0,1,0,2,0,1,0,90,NA,NA
14608907,AUS_14608907,30.21961479,-97.74393247,2,1,3,16,3,24,2,1,4,11,1,4,N,4,NA,NA,4,97,97,,,0,0,1,0,0,1,0,N,N,N,N,N,N,N,8/24/2015,9:18 AM,227,22,N,N,NA,NA,19,,,1,1900,,WOODWARD,ST,N,N,35,N,N,,Y,19,,,1,3400,,PARKER,LN,NA,,,,,,11,1,2,NA,1,1,5,9:18 AM,DISPATCH,9:26 AM,8/24/2015,Y,74,NA,NA,98,8,5,2,2,64,3,1,5,1,21,21,227,22,30.21961479,-97.74393247,,,,NA,WOODWARD ST,1900,NA,NA,NA,,NA,,,,PARKER LN,NA,NA,NA,NA,Y,N,N,3,9,Y,MON,NA,NA,NA,NA,NA,NA,NA,NA,NA,NA,NA,NA,NA,NA,NA,NA,NA,NA,NA,NA,NA,NA,NA,NA,NA,NA,NA,NA,NA,NA,NA,NA,NA,NA,NA,NA,NA,NA,NA,NA,NA,NA,NA,NA,NA,NA,NA,NA,NA,,,NA,NA,NA,NA,0,0,1,1,0,1,0,90,NA,NA
14609948,AUS_14609948,30.37354517,-97.69107745,2,1,3,16,1,36,1,1,4,11,1,4,N,4,NA,NA,4,97,97,,,1,0,0,0,0,1,0,N,N,N,N,N,N,N,8/11/2015,8:25 AM,227,22,N,Y,NA,NA,19,,,1,10400,N,LAMAR,BLVD,N,N,45,N,N,,Y,19,,,1,700,W,APPLEGATE,DR,NA,,,,,,11,1,4,3,1,1,8,8:26 AM,DISPATCH,8:39 AM,8/11/2015,Y,74,NA,NA,123,8,5,2,1,64,3,1,2,1,21,21,227,22,30.37354517,-97.69107745,SL,275,,3.789,SL0275,10499,15,11,4.824,434,-0.186,,,,APPLEGATE DR W,NA,NA,NA,NA,Y,Y,N,1,9,Y,TUE,2,0,0,2,0,2,4,100,50,48,4,1,1,1,0,0,2,2,5,0,0,4,14,25277,2014,25277,1.2,0.4,1.6,NA,NA,NA,NA,NA,NA,NA,NA,NA,NA,NA,NA,NA,NA,NA,NA,NA,NA,NA,NA,,,NA,NA,NA,NA,1,0,0,1,0,1,0,90,NA,NA
14610265,AUS_14610265,30.26339563,-97.74449683,2,1,3,16,2,22,1,1,4,11,1,4,N,4,NA,NA,4,97,97,,,0,1,0,0,0,1,0,N,N,N,N,N,N,N,8/15/2015,12:50 AM,227,22,N,Y,NA,NA,19,,,1,,,CESAR CHAVEZ,ST,N,N,30,N,N,,Y,19,,,1,,,CONGRES,AVE,NA,,,,,,11,4,4,3,1,1,5,12:50 AM,ON SIGHT,12:55 AM,8/15/2015,Y,74,NA,NA,67,8,5,1,1,64,54,1,2,1,21,21,227,22,30.26339563,-97.74449683,SL,343,,4.626,SL0343,100,113,12,5.796,568,0.249,,,,CONGRESS AVE,NA,NA,NA,NA,Y,Y,N,2,9,Y,SAT,1,0,10,10,0,9,4,80,68,48,6,0,0,2,10,5,2,10,5,0,0,4,14,21351,2014,21351,1.2,0.4,1.6,NA,NA,NA,NA,NA,NA,NA,NA,NA,NA,NA,NA,NA,NA,NA,NA,NA,NA,NA,NA,,,NA,NA,NA,NA,0,1,0,1,0,1,0,90,NA,NA
14610853,AUS_14610853,30.34326951,-97.68941208,2,1,3,16,2,10,2,1,4,11,1,5,N,4,NA,NA,4,97,97,,,0,1,0,0,0,1,0,N,N,N,N,N,N,N,8/25/2015,6:11 PM,227,22,N,N,NA,NA,19,,,1,8600,,FURNESS,DR,N,N,25,N,N,,N,19,,,1,1000,,RUTHERFORD,LN,NA,,,,,,12,1,0,NA,1,1,20,4:52 PM,DISPATCH,5:45 PM,8/25/2015,Y,74,NA,NA,123,8,5,4,1,64,54,1,5,1,21,21,227,22,30.34326951,-97.68941208,,,,NA,FURNESS DR,8350,NA,NA,NA,,NA,,,,N/A,NA,NA,NA,NA,Y,N,N,2,9,Y,TUE,NA,NA,NA,NA,NA,NA,NA,NA,NA,NA,NA,NA,NA,NA,NA,NA,NA,NA,NA,NA,NA,NA,NA,NA,NA,NA,NA,NA,NA,NA,NA,NA,NA,NA,NA,NA,NA,NA,NA,NA,NA,NA,NA,NA,NA,NA,NA,NA,NA,,,NA,NA,NA,NA,0,1,0,0,1,1,0,90,NA,NA
14612506,AUS_14612506,30.2623834,-97.76197666,2,1,3,16,2,22,1,2,4,11,1,3,N,4,NA,NA,4,97,97,,,0,1,0,0,0,1,0,N,N,N,N,N,N,N,8/24/2015,8:35 AM,227,22,N,N,NA,NA,19,,,1,1600,,BARTON SPRINGS RD,RD,N,N,-1,N,N,,N,19,,,1,1608,,BARTON SPRINGS RD,RD,NA,,,,,,11,1,0,NA,1,1,16,1:47 PM,DISPATCH,4:25 PM,8/24/2015,Y,74,NA,NA,98,8,5,3,2,64,13,1,5,2,32,21,227,22,30.2623834,-97.76197666,,,,NA,BARTON SPRINGS RD,1600,NA,NA,NA,,NA,,,,N/A,NA,NA,NA,NA,Y,N,N,2,9,Y,MON,NA,NA,NA,NA,NA,NA,NA,NA,NA,NA,NA,NA,NA,NA,NA,NA,NA,NA,NA,NA,NA,NA,NA,NA,NA,NA,NA,NA,NA,NA,NA,NA,NA,NA,NA,NA,NA,NA,NA,NA,NA,NA,NA,NA,NA,NA,NA,NA,NA,,,NA,NA,NA,NA,0,1,0,1,0,1,0,90,NA,NA
14612605,AUS_14612605,30.25935522,-97.71596069,2,1,3,16,3,27,1,2,4,11,1,5,N,4,NA,NA,4,97,97,,,0,0,1,0,0,1,0,N,N,N,N,N,N,N,8/26/2015,8:36 PM,227,22,N,N,NA,NA,19,,,1,2401,E,6TH ST,ST,N,N,30,N,N,,N,19,,,1,,,PEDERNALES ST,ST,NA,,,,,,11,4,4,NA,1,1,1,8:36 PM,DISPATCH,8:40 PM,8/26/2015,Y,74,NA,NA,34,8,5,3,4,64,13,1,5,1,32,21,227,22,30.25935522,-97.71596069,,,,NA,E 6TH ST,2401,NA,NA,NA,,NA,,,,N/A,NA,NA,NA,NA,Y,N,N,3,9,Y,WED,NA,NA,NA,NA,NA,NA,NA,NA,NA,NA,NA,NA,NA,NA,NA,NA,NA,NA,NA,NA,NA,NA,NA,NA,NA,NA,NA,NA,NA,NA,NA,NA,NA,NA,NA,NA,NA,NA,NA,NA,NA,NA,NA,NA,NA,NA,NA,NA,NA,,,NA,NA,NA,NA,0,0,1,1,0,1,0,90,NA,NA
14618140,AUS_14618140,30.44845814,-97.79156449,2,1,3,16,5,14,2,1,4,11,1,4,N,4,NA,NA,4,97,97,,,0,0,0,1,0,0,0,N,N,N,N,N,N,N,9/1/2015,7:49 AM,246,22,N,N,NA,NA,19,,,1,9700,,ANDERSON MILL,RD,N,N,-1,N,N,PAVEMENT,N,1,183,,2,,N,N 183,HWY,NA,,,,,,11,1,0,NA,1,1,5,7:49 AM,DISPATCH,7:50 AM,9/1/2015,Y,74,NA,NA,46,8,5,4,1,64,3,1,5,1,21,21,246,22,30.44845814,-97.79156449,,,,NA,ANDERSON MILL RD,9630,NA,NA,NA,,NA,,,,N/A,NA,NA,NA,NA,N,N,N,5,9,Y,TUE,NA,NA,NA,NA,NA,NA,NA,NA,NA,NA,NA,NA,NA,NA,NA,NA,NA,NA,NA,NA,NA,NA,NA,NA,NA,NA,NA,NA,NA,NA,NA,NA,NA,NA,NA,NA,NA,NA,NA,NA,NA,NA,NA,NA,NA,NA,NA,NA,NA,,,NA,NA,NA,NA,0,0,0,2,0,0,0,90,NA,NA
14619995,AUS_14619995,30.26257478,-97.73133247,2,1,3,16,3,32,1,1,4,11,1,4,Y,4,NA,NA,4,97,97,,,0,0,1,0,0,1,0,N,N,N,N,N,N,N,8/24/2015,4:38 PM,227,22,N,N,NA,NA,19,,,1,400,,WALLER,ST,N,N,35,N,N,,Y,19,,,1,1200,E,4TH,ST,NA,,,,,,11,1,4,NA,1,1,8,4:38 PM,DISPATCH,5:00 PM,8/24/2015,Y,74,NA,NA,67,8,5,1,1,64,3,1,5,1,21,21,227,22,30.26257478,-97.73133247,,,,NA,WALLER ST,401,NA,NA,NA,,NA,,,,E 4TH ST,NA,NA,NA,NA,Y,N,N,3,9,Y,MON,NA,NA,NA,NA,NA,NA,NA,NA,NA,NA,NA,NA,NA,NA,NA,NA,NA,NA,NA,NA,NA,NA,NA,NA,NA,NA,NA,NA,NA,NA,NA,NA,NA,NA,NA,NA,NA,NA,NA,NA,NA,NA,NA,NA,NA,NA,NA,NA,NA,,,NA,NA,NA,NA,0,0,1,1,0,1,0,90,NA,NA
14622053,AUS_14622053,30.23075881,-97.87932821,2,1,3,16,2,29,1,2,4,11,1,1,N,4,NA,NA,4,97,97,,,0,1,0,0,0,1,0,N,N,N,N,N,N,N,8/29/2015,10:00 PM,227,22,N,N,NA,NA,19,,,1,7400,W,US 290,HWY,N,N,50,N,N,,N,19,,,1,7004,,CONVICT HILL,RD,NA,,,,,,11,4,0,NA,1,1,5,10:33 AM,DISPATCH,10:45 AM,9/1/2015,Y,74,NA,NA,93,8,5,2,1,64,54,1,5,1,21,21,227,22,30.23075881,-97.87932821,,,,NA,W US 290,NA,NA,NA,NA,,NA,,,,CONVICT HILL RD,NA,NA,NA,NA,Y,N,N,2,9,Y,SAT,NA,NA,NA,NA,NA,NA,NA,NA,NA,NA,NA,NA,NA,NA,NA,NA,NA,NA,NA,NA,NA,NA,NA,NA,NA,NA,NA,NA,NA,NA,NA,NA,NA,NA,NA,NA,NA,NA,NA,NA,NA,NA,NA,NA,NA,NA,NA,NA,NA,,,NA,NA,NA,NA,0,1,0,0,1,1,0,90,NA,NA
14630723,AUS_14630723,30.1671348,-97.79094246,2,1,3,16,2,23,1,2,4,11,1,4,N,4,NA,NA,4,97,97,,,0,1,0,0,0,1,0,N,N,N,N,N,N,N,8/23/2015,10:14 PM,227,22,N,N,NA,NA,19,,,1,,,CULLEN,LN,N,N,30,N,N,,Y,19,,,1,,W,SLAUGHTER,LN,NA,,,,,,11,4,2,NA,1,1,20,10:14 PM,DISPATCH,10:14 PM,8/23/2015,Y,74,NA,NA,99,8,5,2,2,64,54,1,5,1,21,21,227,22,30.1671348,-97.79094246,,,,NA,CULLEN LN,NA,NA,NA,NA,,NA,,,,W SLAUGHTER LN,NA,NA,NA,NA,Y,N,N,2,9,Y,SUN,NA,NA,NA,NA,NA,NA,NA,NA,NA,NA,NA,NA,NA,NA,NA,NA,NA,NA,NA,NA,NA,NA,NA,NA,NA,NA,NA,NA,NA,NA,NA,NA,NA,NA,NA,NA,NA,NA,NA,NA,NA,NA,NA,NA,NA,NA,NA,NA,NA,,,NA,NA,NA,NA,0,1,0,0,1,1,0,90,NA,NA
14635157,AUS_14635157,30.3630463,-97.69702522,2,1,3,16,0,99,0,0,4,11,1,5,N,4,NA,NA,4,97,97,,,0,0,0,0,1,0,0,N,N,N,N,N,N,N,8/24/2015,12:01 AM,227,22,N,Y,NA,NA,19,,,1,9400,N,LAMAR,BLVD,N,N,40,N,N,,Y,19,,,1,400,W,RUNDBERG,LN,NA,,,,,,11,4,4,3,1,1,5,12:01 AM,DISPATCH,12:04 AM,9/4/2015,Y,74,NA,NA,123,8,5,2,1,64,54,1,2,1,21,21,227,22,30.3630463,-97.69702522,SL,275,,4.602,SL0275,NA,15,11,5.633,434,0.627,,,,W RUNDBERG LN,NA,NA,NA,NA,Y,Y,N,5,9,Y,MON,2,0,0,0,0,2,4,125,48,48,4,1,1,1,0,0,1,0,0,0,0,4,14,29839,2014,29839,1.2,0.4,1.6,NA,NA,NA,NA,NA,NA,NA,NA,NA,NA,NA,NA,NA,NA,NA,NA,NA,NA,NA,NA,,,NA,NA,NA,NA,0,0,0,1,1,0,0,90,NA,NA
14635360,AUS_14635360,30.31764477,-97.72846246,2,1,3,16,3,33,1,1,4,11,1,5,N,4,NA,NA,4,97,97,,,0,0,1,0,0,1,0,N,N,N,N,N,N,N,9/3/2015,3:00 PM,227,22,N,N,NA,NA,19,,,1,,N,GUADALUPE ST,ST,N,N,35,N,N,,Y,19,,,1,,E,E 51ST ST,ST,NA,,,,,,11,1,4,NA,1,1,5,8:26 PM,DISPATCH,9:17 PM,9/7/2015,Y,74,NA,NA,121,8,5,2,1,64,3,1,5,1,21,21,227,22,30.31764477,-97.72846246,,,,NA,GUADALUPE ST,5099,NA,NA,NA,,NA,,,,W 51ST ST,NA,NA,NA,NA,Y,N,N,3,9,Y,THU,NA,NA,NA,NA,NA,NA,NA,NA,NA,NA,NA,NA,NA,NA,NA,NA,NA,NA,NA,NA,NA,NA,NA,NA,NA,NA,NA,NA,NA,NA,NA,NA,NA,NA,NA,NA,NA,NA,NA,NA,NA,NA,NA,NA,NA,NA,NA,NA,NA,,,NA,NA,NA,NA,0,0,1,0,1,1,0,90,NA,NA
14635761,AUS_14635761,30.18567486,-97.80436082,2,1,3,16,2,15,3,1,4,11,1,4,N,4,NA,NA,4,97,97,,,0,1,0,0,0,1,0,N,N,N,N,N,N,N,9/8/2015,6:58 PM,227,22,N,N,NA,NA,19,,,1,,W,DITTMAR,RD,N,N,30,N,N,,Y,19,,,1,,,PALACE,PKWY,NA,,,,,,11,1,2,NA,3,1,11,6:58 PM,DISPATCH,6:58 PM,9/8/2015,Y,74,NA,NA,99,8,5,2,1,64,54,1,5,1,21,21,227,22,30.18567486,-97.80436082,,,,NA,W DITTMAR RD,1273,NA,NA,NA,,NA,,,,UNKNOWN,NA,NA,NA,NA,Y,N,N,2,9,Y,TUE,NA,NA,NA,NA,NA,NA,NA,NA,NA,NA,NA,NA,NA,NA,NA,NA,NA,NA,NA,NA,NA,NA,NA,NA,NA,NA,NA,NA,NA,NA,NA,NA,NA,NA,NA,NA,NA,NA,NA,NA,NA,NA,NA,NA,NA,NA,NA,NA,NA,,,NA,NA,NA,NA,0,1,0,1,0,1,0,90,NA,NA
14636254,AUS_14636254,30.22944479,-97.71265247,2,1,3,16,2,17,3,1,4,11,1,4,N,4,NA,NA,4,97,97,,,0,1,0,0,0,1,0,N,N,N,N,N,N,N,9/10/2015,9:45 PM,227,22,N,N,NA,NA,19,,,1,1900,,FARO,DR,N,N,30,N,N,,Y,19,,,1,5300,E,RIVERSIDE,DR,NA,,,,,,12,4,4,NA,1,2,5,9:45 PM,BY CITIZEN,9:45 PM,9/10/2015,Y,74,NA,NA,98,8,5,2,1,64,54,1,5,1,21,21,227,22,30.22944479,-97.71265247,,,,NA,FARO DR,2001,NA,NA,NA,,NA,,,,E RIVERSIDE DR,NA,NA,NA,NA,Y,N,N,2,9,Y,THU,NA,NA,NA,NA,NA,NA,NA,NA,NA,NA,NA,NA,NA,NA,NA,NA,NA,NA,NA,NA,NA,NA,NA,NA,NA,NA,NA,NA,NA,NA,NA,NA,NA,NA,NA,NA,NA,NA,NA,NA,NA,NA,NA,NA,NA,NA,NA,NA,NA,,,NA,NA,NA,NA,0,1,0,1,0,1,0,90,NA,NA
14642799,AUS_14642799,30.28724477,-97.72671247,2,1,3,16,2,52,1,1,4,11,1,4,N,4,NA,NA,4,97,97,,,0,1,0,0,0,1,0,N,N,N,N,N,N,N,9/14/2015,8:15 AM,227,22,N,Y,NA,NA,19,,,1,,E,E DEAN KEETON,ST,N,N,35,N,N,,Y,19,,,1,,,RED RIVER,ST,NA,,,,,,11,1,4,NA,2,1,5,8:19 AM,DISPATCH,8:21 AM,9/14/2015,Y,74,NA,NA,10,8,5,1,2,64,54,1,5,1,21,21,227,22,30.28724477,-97.72671247,,,,NA,E 26TH ST,928,NA,NA,NA,,NA,,,,UNKNOWN,NA,NA,NA,NA,Y,N,N,2,9,Y,MON,NA,NA,NA,NA,NA,NA,NA,NA,NA,NA,NA,NA,NA,NA,NA,NA,NA,NA,NA,NA,NA,NA,NA,NA,NA,NA,NA,NA,NA,NA,NA,NA,NA,NA,NA,NA,NA,NA,NA,NA,NA,NA,NA,NA,NA,NA,NA,NA,NA,,,NA,NA,NA,NA,0,1,0,4,0,1,0,90,NA,NA
14649624,AUS_14649624,30.25891478,-97.72377247,2,1,3,16,1,60,1,2,4,11,1,1,N,4,NA,NA,4,97,97,,,1,0,0,0,0,1,0,N,N,N,N,N,N,N,9/17/2015,7:57 PM,227,22,N,N,NA,NA,19,,,1,1800,E,3RD,ST,N,N,30,N,N,,Y,19,,,1,300,,CHICON,ST,NA,,,,,,11,4,4,NA,1,1,8,7:57 PM,DISPATCH,7:58 PM,9/17/2015,N,74,NA,NA,34,8,5,2,2,64,54,1,5,1,21,21,227,22,30.25891478,-97.72377247,,,,NA,E 3RD ST,1900,NA,NA,NA,,NA,,,,CHICON ST,NA,NA,NA,NA,Y,N,N,1,9,Y,THU,NA,NA,NA,NA,NA,NA,NA,NA,NA,NA,NA,NA,NA,NA,NA,NA,NA,NA,NA,NA,NA,NA,NA,NA,NA,NA,NA,NA,NA,NA,NA,NA,NA,NA,NA,NA,NA,NA,NA,NA,NA,NA,NA,NA,NA,NA,NA,NA,NA,,,NA,NA,NA,NA,1,0,0,0,1,1,0,90,NA,NA
14652741,AUS_14652741,30.2186437,-97.76659778,2,1,3,16,2,21,1,1,4,11,1,4,N,4,NA,NA,4,97,97,,,0,1,0,0,0,1,0,N,N,N,N,N,N,N,9/10/2015,8:24 PM,227,22,N,N,NA,NA,19,,,1,4300,S,S CONGRESS AVE,AVE,N,N,-1,N,N,,N,19,,,1,,W,W ST ELMO RD,RD,NA,,,,,,12,4,0,NA,1,2,20,8:24 PM,DISPATCH,8:44 PM,9/10/2015,Y,74,NA,NA,105,8,5,3,2,64,13,1,5,2,32,21,227,22,30.2186437,-97.76659778,,,,NA,S CONGRESS AVE,4328,NA,NA,NA,,NA,,,,N/A,NA,NA,NA,NA,Y,N,N,2,9,Y,THU,NA,NA,NA,NA,NA,NA,NA,NA,NA,NA,NA,NA,NA,NA,NA,NA,NA,NA,NA,NA,NA,NA,NA,NA,NA,NA,NA,NA,NA,NA,NA,NA,NA,NA,NA,NA,NA,NA,NA,NA,NA,NA,NA,NA,NA,NA,NA,NA,NA,,,NA,NA,NA,NA,0,1,0,0,1,1,0,90,NA,NA
14652931,AUS_14652931,30.29420477,-97.74228246,2,1,3,16,3,22,4,2,4,11,1,1,N,4,NA,NA,4,97,97,,,0,0,1,0,0,1,0,N,N,N,N,N,N,N,9/18/2015,9:15 PM,227,22,N,N,NA,NA,19,,,1,2800,,GUADALUPE,ST,N,N,35,N,N,,Y,19,,,1,2800,,FRUTH,ST,NA,,,,,,11,4,2,NA,4,1,8,9:15 PM,DISPATCH,9:20 PM,9/19/2015,Y,74,NA,NA,10,8,5,1,3,64,3,1,5,1,21,21,227,22,30.29420477,-97.74228246,,,,NA,GUADALUPE ST,NA,NA,NA,NA,,NA,,,,FRUTH ST,NA,NA,NA,NA,Y,N,N,3,9,Y,FRI,NA,NA,NA,NA,NA,NA,NA,NA,NA,NA,NA,NA,NA,NA,NA,NA,NA,NA,NA,NA,NA,NA,NA,NA,NA,NA,NA,NA,NA,NA,NA,NA,NA,NA,NA,NA,NA,NA,NA,NA,NA,NA,NA,NA,NA,NA,NA,NA,NA,,,NA,NA,NA,NA,0,0,1,2,0,1,0,90,NA,NA
14653037,AUS_14653037,30.18811688,-97.77224121,2,1,3,16,2,21,2,1,4,11,1,4,N,4,NA,NA,4,97,97,,,0,1,0,0,0,1,0,N,N,N,N,N,N,N,9/19/2015,3:07 PM,227,22,N,Y,NA,NA,1,35,,2,6600,S,IH 35 S,HWY,N,N,50,N,N,BLACKTOP,N,19,,,1,800,E,E WILLIAM CANNON DR,DR,NA,,,,BLACKTOP,,11,1,0,2,1,1,1,3:07 PM,DISPATCH,3:15 PM,9/19/2015,Y,74,NA,NA,464,8,5,3,1,64,14,2,1,1,32,21,227,22,30.18811688,-97.77224121,IH,35,,228.11,IH0035,NA,15,13,11.665,229,-0.372,,,,N/A,NA,NA,NA,NA,Y,Y,N,2,9,Y,SAT,5,0,3,10,36,2,6,300,98,72,4,0,0,2,6,5,2,20,5,NA,30,4,11,142526,2014,142526,4.9,8,13,NA,NA,NA,NA,NA,NA,NA,NA,NA,NA,NA,NA,NA,NA,NA,NA,NA,NA,NA,NA,,,NA,NA,NA,NA,0,1,0,1,0,1,0,90,NA,NA
14655083,AUS_14655083,30.26716478,-97.74698246,2,1,3,16,3,27,1,2,4,11,1,4,N,4,NA,NA,4,97,97,,,0,0,1,0,0,1,0,N,N,N,N,N,N,N,9/16/2015,12:04 PM,227,22,N,Y,NA,NA,19,,,1,400,,GUADALUPE,ST,N,N,30,N,N,,Y,19,,,1,,W,4TH,ST,NA,,,,,,12,1,0,NA,1,1,16,12:04 PM,DISPATCH,12:07 PM,9/16/2015,Y,74,NA,NA,67,8,5,1,2,64,54,1,5,1,21,21,227,22,30.26716478,-97.74698246,,,,NA,GUADALUPE ST,401,NA,NA,NA,,NA,,,,W 4TH ST,NA,NA,NA,NA,Y,N,N,3,9,Y,WED,NA,NA,NA,NA,NA,NA,NA,NA,NA,NA,NA,NA,NA,NA,NA,NA,NA,NA,NA,NA,NA,NA,NA,NA,NA,NA,NA,NA,NA,NA,NA,NA,NA,NA,NA,NA,NA,NA,NA,NA,NA,NA,NA,NA,NA,NA,NA,NA,NA,,,NA,NA,NA,NA,0,0,1,0,1,1,0,90,NA,NA