CrashID,CrashID1,Latitude,Longitude,Unit_Nbr,Prsn_Nbr,Prsn_Type_ID,Prsn_Occpnt_Pos_ID,Prsn_Injry_Sev_ID,Prsn_Age,Prsn_Ethnicity_ID,Prsn_Gndr_ID,Prsn_Ejct_ID,Prsn_Rest_ID,Prsn_Airbag_ID,Prsn_Helmet_ID,Prsn_Sol_Fl,Prsn_Alc_Spec_Type_ID,Prsn_Alc_Rslt_ID,Prsn_Bac_Test_Rslt,Prsn_Drg_Spec_Type_ID,Prsn_Drg_Rslt_ID,Drvr_Drg_Cat_1_ID,Prsn_Death_Date,Prsn_Death_Time,Incap_Injry_Cnt.x,Nonincap_Injry_Cnt.x,Poss_Injry_Cnt.x,Non_Injry_Cnt.x,Unkn_Injry_Cnt.x,Tot_Injry_Cnt.x,Death_Cnt.x,Crash_Fatal_Fl,Cmv_Involv_Fl,Schl_Bus_Fl,Rr_Relat_Fl,Medical_Advisory_Fl,Amend_Supp_Fl,Active_School_Zone_Fl,Crash_Date,Crash_Time,Rpt_CRIS_Cnty_ID,Rpt_City_ID,Rpt_Outside_City_Limit_Fl,Thousand_Damage_Fl,Rpt_Latitude,Rpt_Longitude,Rpt_Rdwy_Sys_ID,Rpt_Hwy_Num,Rpt_Hwy_Sfx,Rpt_Road_Part_ID,Rpt_Block_Num,Rpt_Street_Pfx,Rpt_Street_Name,Rpt_Street_Sfx,Private_Dr_Fl,Toll_Road_Fl,Crash_Speed_Limit,Road_Constr_Zone_Fl,Road_Constr_Zone_Wrkr_Fl,Rpt_Street_Desc,At_Intrsct_Fl,Rpt_Sec_Rdwy_Sys_ID,Rpt_Sec_Hwy_Num,Rpt_Sec_Hwy_Sfx,Rpt_Sec_Road_Part_ID,Rpt_Sec_Block_Num,Rpt_Sec_Street_Pfx,Rpt_Sec_Street_Name,Rpt_Sec_Street_Sfx,Rpt_Ref_Mark_Offset_Amt,Rpt_Ref_Mark_Dist_Uom,Rpt_Ref_Mark_Dir,Rpt_Ref_Mark_Nbr,Rpt_Sec_Street_Desc,Rpt_CrossingNumber,Wthr_Cond_ID,Light_Cond_ID,Entr_Road_ID,Road_Type_ID,Road_Algn_ID,Surf_Cond_ID,Traffic_Cntl_ID,Investigat_Notify_Time,Investigat_Notify_Meth,Investigat_Arrv_Time,Report_Date,Investigat_Comp_Fl,Investigat_Agency_ID,Investigat_Area_ID,Investigat_District_ID,Investigat_Region_ID,Bridge_Detail_ID,Harm_Evnt_ID,Intrsct_Relat_ID,FHE_Collsn_ID,Obj_Struck_ID,Othr_Factr_ID,Road_Part_Adj_ID,Road_Cls_ID,Road_Relat_ID,Phys_Featr_1_ID,Phys_Featr_2_ID,Cnty_ID,City_ID,Latitude,Longitude,Hwy_Sys,Hwy_Nbr,Hwy_Sfx,Dfo,Street_Name,Street_Nbr,Control,Section,Milepoint,Ref_Mark_Nbr,Ref_Mark_Displ,Hwy_Sys_2,Hwy_Nbr_2,Hwy_Sfx_2,Street_Name_2,Street_Nbr_2,Control_2,Section_2,Milepoint_2,Txdot_Rptable_Fl,Onsys_Fl,Rural_Fl,Crash_Sev_ID,Pop_Group_ID,Located_Fl,Day_of_Week,Hwy_Dsgn_Lane_ID,Hwy_Dsgn_Hrt_ID,Hp_Shldr_Left,Hp_Shldr_Right,Hp_Median_Width,Base_Type_ID,Nbr_Of_Lane,Row_Width_Usual,Roadbed_Width,Surf_Width,Surf_Type_ID,Curb_Type_Left_ID,Curb_Type_Right_ID,Shldr_Type_Left_ID,Shldr_Width_Left,Shldr_Use_Left_ID,Shldr_Type_Right_ID,Shldr_Width_Right,Shldr_Use_Right_ID,Median_Type_ID,Median_Width,Rural_Urban_Type_ID,Func_Sys_ID,Adt_Curnt_Amt,Adt_Curnt_Year,Adt_Adj_Curnt_Amt,Pct_Single_Trk_Adt,Pct_Combo_Trk_Adt,Trk_Aadt_Pct,Curve_Type_ID,Curve_Lngth,Cd_Degr,Delta_Left_Right_ID,Dd_Degr,Feature_Crossed,Structure_Number,I_R_Min_Vert_Clear,Approach_Width,Bridge_Median_ID,Bridge_Loading_Type_ID,Bridge_Loading_In_1000_Lbs,Bridge_Srvc_Type_On_ID,Bridge_Srvc_Type_Under_ID,Culvert_Type_ID,Roadway_Width,Deck_Width,Bridge_Dir_Of_Traffic_ID,Bridge_Rte_Struct_Func_ID,Bridge_IR_Struct_Func_ID,CrossingNumber,RRCo,Poscrossing_ID,WDCode_ID,Standstop,Yield,Incap_Injry_Cnt.y,Nonincap_Injry_Cnt.y,Poss_Injry_Cnt.y,Non_Injry_Cnt.y,Unkn_Injry_Cnt.y,Tot_Injry_Cnt.y,Death_Cnt.y,MPO_ID,Unit_ID,Unit_Prsn_ID
14657555,AUS_14657555,30.24874884,-97.76894446,2,1,3,16,1,58,1,1,4,11,1,4,N,4,NA,NA,4,97,97,,,1,0,0,0,0,1,0,N,N,N,N,N,N,N,9/17/2015,10:09 PM,227,22,N,N,NA,NA,19,,,1,2000,S,LAMAR,BLVD,N,N,35,N,N,,N,19,,,1,,S,LAMAR,BLVD,NA,,,,,,11,4,0,3,1,1,1,10:09 PM,DISPATCH,10:09 PM,9/17/2015,Y,74,NA,NA,93,8,5,4,1,64,54,1,2,1,21,21,227,22,30.24874884,-97.76894446,SL,343,,2.352,SL0343,NA,113,9,7.351,566,-0.069,,,,N/A,NA,NA,NA,NA,Y,Y,N,1,9,Y,THU,2,0,0,0,0,2,4,80,60,48,4,1,1,1,0,0,1,0,0,0,0,4,14,33647,2014,33647,1.2,0.4,1.6,1,304,2,1,32,NA,NA,NA,NA,NA,NA,NA,NA,NA,NA,NA,NA,NA,NA,NA,,,NA,NA,NA,NA,1,0,0,1,0,1,0,90,NA,NA
14665258,AUS_14665258,30.1799948,-97.75977246,2,1,3,16,2,8,2,2,4,11,1,5,N,4,NA,NA,4,97,97,,,0,1,0,0,0,1,0,N,N,N,N,N,N,N,5/22/2015,5:54 PM,227,22,N,N,NA,NA,19,,,1,2500,,BLUE MEADOW,DR,N,N,30,N,N,,Y,19,,,1,6900,,BRANCHWOOD,DR,NA,,,,,,12,1,2,NA,1,1,8,5:54 PM,DISPATCH,5:54 PM,5/22/2015,Y,74,NA,NA,99,8,5,1,1,64,54,1,5,1,21,21,227,22,30.1799948,-97.75977246,,,,NA,BLUE MEADOW DR,2598,NA,NA,NA,,NA,,,,BRANCHWOOD DR,NA,NA,NA,NA,Y,N,N,2,9,Y,FRI,NA,NA,NA,NA,NA,NA,NA,NA,NA,NA,NA,NA,NA,NA,NA,NA,NA,NA,NA,NA,NA,NA,NA,NA,NA,NA,NA,NA,NA,NA,NA,NA,NA,NA,NA,NA,NA,NA,NA,NA,NA,NA,NA,NA,NA,NA,NA,NA,NA,,,NA,NA,NA,NA,0,1,0,3,0,1,0,90,NA,NA
14667675,AUS_14667675,30.28497478,-97.74181246,2,1,3,16,2,20,4,1,4,11,1,4,N,4,NA,NA,4,97,97,,,0,1,0,0,0,1,0,N,N,N,N,N,N,N,9/28/2015,9:48 AM,227,22,N,N,NA,NA,19,,,1,,,GUADALUPE,ST,N,N,30,N,N,,Y,19,,,1,,W,22ND,ST,NA,,,,,,11,1,2,NA,1,1,16,9:49 AM,DISPATCH,9:50 AM,9/28/2015,Y,74,NA,NA,10,8,5,2,2,64,54,1,5,1,21,21,227,22,30.28497478,-97.74181246,,,,NA,GUADALUPE ST,2199,NA,NA,NA,,NA,,,,W 22ND ST,NA,NA,NA,NA,Y,N,N,2,9,Y,MON,NA,NA,NA,NA,NA,NA,NA,NA,NA,NA,NA,NA,NA,NA,NA,NA,NA,NA,NA,NA,NA,NA,NA,NA,NA,NA,NA,NA,NA,NA,NA,NA,NA,NA,NA,NA,NA,NA,NA,NA,NA,NA,NA,NA,NA,NA,NA,NA,NA,,,NA,NA,NA,NA,0,1,0,1,0,1,0,90,NA,NA
14669758,AUS_14669758,30.27777264,-97.68553536,2,1,3,16,2,29,1,2,4,11,1,5,N,4,NA,NA,4,97,97,,,0,1,0,0,0,1,0,N,N,N,N,N,N,N,9/17/2015,6:20 PM,227,22,N,N,NA,NA,19,,,1,1100,,EAST FIELD,AVE,N,N,35,N,N,,N,19,,,1,1100,,WEBBERVILLE,RD,NA,,,,,,11,1,0,NA,1,1,1,6:28 PM,DISPATCH,6:28 PM,9/17/2015,Y,74,NA,NA,34,8,5,3,2,64,13,1,5,1,32,21,227,22,30.27777264,-97.68553536,,,,NA,WEBBERVILLE RD,1166,NA,NA,NA,,NA,,,,N/A,NA,NA,NA,NA,Y,N,N,2,9,Y,THU,NA,NA,NA,NA,NA,NA,NA,NA,NA,NA,NA,NA,NA,NA,NA,NA,NA,NA,NA,NA,NA,NA,NA,NA,NA,NA,NA,NA,NA,NA,NA,NA,NA,NA,NA,NA,NA,NA,NA,NA,NA,NA,NA,NA,NA,NA,NA,NA,NA,,,NA,NA,NA,NA,0,2,0,0,0,2,0,90,NA,NA
14669809,AUS_14669809,30.25122842,-97.76515671,2,1,3,16,3,31,1,1,4,11,1,1,N,4,NA,NA,4,97,97,,,0,0,1,0,0,1,0,N,N,N,N,N,N,N,9/25/2015,5:27 PM,227,22,N,Y,NA,NA,19,,,1,1600,S,LAMAR,BLVD,N,N,-1,N,N,,Y,19,,,1,1100,,COLLIER,ST,NA,,,,,,12,1,4,3,1,2,8,5:27 PM,DISPATCH,5:31 PM,9/25/2015,Y,74,NA,NA,93,8,5,1,1,64,54,1,2,1,21,21,227,22,30.25122842,-97.76515671,SL,343,,2.643,SL0343,1607,113,10,0.151,566,0.222,,,,COLLIER ST,NA,NA,NA,NA,Y,Y,N,3,9,Y,FRI,2,0,0,0,0,2,4,80,60,60,4,1,1,1,0,0,1,0,0,0,0,4,14,33647,2014,33647,1.2,0.4,1.6,NA,NA,NA,NA,NA,NA,NA,NA,NA,NA,NA,NA,NA,NA,NA,NA,NA,NA,NA,NA,,,NA,NA,NA,NA,0,0,1,1,0,1,0,90,NA,NA
14677684,AUS_14677684,30.29649477,-97.74211246,2,1,3,16,2,22,2,1,4,11,1,5,N,4,NA,NA,4,97,97,,,0,1,0,0,0,1,0,N,N,N,N,N,N,N,9/3/2015,5:07 PM,227,22,N,N,NA,NA,19,,,1,3000,N,GUADALUPE,ST,N,N,-1,N,N,,Y,19,,,1,3000,W,W 30TH,ST,NA,,,,,,11,1,2,NA,1,1,5,5:07 PM,DISPATCH,5:19 PM,10/2/2015,Y,74,NA,NA,10,8,5,2,1,64,3,1,5,1,21,21,227,22,30.29649477,-97.74211246,,,,NA,GUADALUPE ST,2933,NA,NA,NA,,NA,,,,W 30TH ST,NA,NA,NA,NA,Y,N,N,2,9,Y,THU,NA,NA,NA,NA,NA,NA,NA,NA,NA,NA,NA,NA,NA,NA,NA,NA,NA,NA,NA,NA,NA,NA,NA,NA,NA,NA,NA,NA,NA,NA,NA,NA,NA,NA,NA,NA,NA,NA,NA,NA,NA,NA,NA,NA,NA,NA,NA,NA,NA,,,NA,NA,NA,NA,0,1,0,1,0,1,0,90,NA,NA
14677759,AUS_14677759,30.27664478,-97.74228246,2,1,3,16,2,25,1,2,4,11,1,4,N,4,NA,NA,4,97,97,,,0,1,0,0,0,1,0,N,N,N,N,N,N,N,10/2/2015,7:51 PM,227,22,N,Y,NA,NA,19,,,1,1400,,LAVACA,ST,N,N,-1,N,N,,Y,19,,,1,280,W,14TH,ST,NA,,,,,,11,4,3,NA,1,1,20,7:52 PM,DISPATCH,7:58 PM,10/2/2015,Y,74,NA,NA,10,8,5,2,1,64,3,1,5,1,21,21,227,22,30.27664478,-97.74228246,,,,NA,LAVACA ST,1399,NA,NA,NA,,NA,,,,W 14TH ST,NA,NA,NA,NA,Y,N,N,2,9,Y,FRI,NA,NA,NA,NA,NA,NA,NA,NA,NA,NA,NA,NA,NA,NA,NA,NA,NA,NA,NA,NA,NA,NA,NA,NA,NA,NA,NA,NA,NA,NA,NA,NA,NA,NA,NA,NA,NA,NA,NA,NA,NA,NA,NA,NA,NA,NA,NA,NA,NA,,,NA,NA,NA,NA,0,1,0,1,1,1,0,90,NA,NA
14677759,AUS_14677759,30.27664478,-97.74228246,3,1,3,16,5,28,1,1,4,11,1,4,N,4,NA,NA,4,97,97,,,0,0,0,1,0,0,0,N,N,N,N,N,N,N,10/2/2015,7:51 PM,227,22,N,Y,NA,NA,19,,,1,1400,,LAVACA,ST,N,N,-1,N,N,,Y,19,,,1,280,W,14TH,ST,NA,,,,,,11,4,3,NA,1,1,20,7:52 PM,DISPATCH,7:58 PM,10/2/2015,Y,74,NA,NA,10,8,5,2,1,64,3,1,5,1,21,21,227,22,30.27664478,-97.74228246,,,,NA,LAVACA ST,1399,NA,NA,NA,,NA,,,,W 14TH ST,NA,NA,NA,NA,Y,N,N,2,9,Y,FRI,NA,NA,NA,NA,NA,NA,NA,NA,NA,NA,NA,NA,NA,NA,NA,NA,NA,NA,NA,NA,NA,NA,NA,NA,NA,NA,NA,NA,NA,NA,NA,NA,NA,NA,NA,NA,NA,NA,NA,NA,NA,NA,NA,NA,NA,NA,NA,NA,NA,,,NA,NA,NA,NA,0,1,0,1,1,1,0,90,NA,NA
14677824,AUS_14677824,30.29552477,-97.73181246,2,1,3,16,3,27,1,2,4,11,1,2,N,4,NA,NA,4,97,97,,,0,0,1,0,0,1,0,N,N,N,N,N,N,N,10/3/2015,10:00 AM,227,22,N,Y,NA,NA,19,,,7,3300,,DUVAL ST,ST,N,N,35,N,N,PAVED ROAD,Y,19,,,1,,,E 33RD ST,ST,NA,,,,PAVED ROAD,,11,1,0,NA,1,1,20,10:01 AM,DISPATCH,10:07 AM,10/3/2015,Y,74,NA,NA,10,8,5,1,3,64,54,1,5,1,21,21,227,22,30.29552477,-97.73181246,,,,NA,DUVAL ST,3301,NA,NA,NA,,NA,,,,UNKNOWN,NA,NA,NA,NA,Y,N,N,3,9,Y,SAT,NA,NA,NA,NA,NA,NA,NA,NA,NA,NA,NA,NA,NA,NA,NA,NA,NA,NA,NA,NA,NA,NA,NA,NA,NA,NA,NA,NA,NA,NA,NA,NA,NA,NA,NA,NA,NA,NA,NA,NA,NA,NA,NA,NA,NA,NA,NA,NA,NA,,,NA,NA,NA,NA,0,0,1,1,0,1,0,90,NA,NA
14679703,AUS_14679703,30.2176571,-97.74388936,2,1,3,16,5,15,1,1,4,11,1,5,N,4,NA,NA,4,97,97,,,0,0,0,1,0,0,0,N,N,N,N,N,N,N,10/3/2015,1:04 PM,227,22,N,N,NA,NA,19,,,1,2000,,WOODWARD,ST,N,N,-1,N,N,,N,19,,,1,1900,E,E BEN WHITE BLVD SVRD WB,BLVD,NA,,,,,,11,1,0,NA,8,1,1,1:04 PM,DISPATCH,1:21 PM,10/3/2015,Y,74,NA,NA,99,8,5,2,5,64,38,1,5,1,21,21,227,22,30.2176571,-97.74388936,,,,NA,WOODWARD ST,2000,NA,NA,NA,,NA,,,,UNKNOWN,NA,NA,NA,NA,N,N,N,5,9,Y,SAT,NA,NA,NA,NA,NA,NA,NA,NA,NA,NA,NA,NA,NA,NA,NA,NA,NA,NA,NA,NA,NA,NA,NA,NA,NA,NA,NA,NA,NA,NA,NA,NA,NA,NA,NA,NA,NA,NA,NA,NA,NA,NA,NA,NA,NA,NA,NA,NA,NA,,,NA,NA,NA,NA,0,0,0,2,0,0,0,90,NA,NA
14681895,AUS_14681895,30.35806933,-97.68814856,2,1,3,16,2,21,2,1,4,11,1,4,N,4,NA,NA,4,97,97,,,0,1,0,0,0,1,0,N,N,N,N,N,N,N,9/29/2015,9:49 PM,227,22,N,Y,NA,NA,19,,,1,800,W,RUNDBERG,LN,N,N,30,N,N,,Y,1,35,,2,9400,S,N IH 35 SVRD,HWY,NA,,,,,,11,3,2,2,1,1,6,9:49 PM,DISPATCH,9:54 PM,9/29/2015,Y,74,NA,NA,123,8,5,1,1,64,54,2,1,1,21,21,227,22,30.35806933,-97.68814856,IH,35,,241.088,IH0035,NA,15,13,24.682,242,-0.36,,,,E RUNDBERG LN,NA,NA,NA,NA,Y,Y,N,2,9,Y,TUE,5,0,10,10,23,2,6,300,112,72,4,0,0,2,20,5,2,20,5,2,3,4,11,124466,2014,124466,3.3,9.4,12.7,NA,NA,NA,NA,NA,NA,NA,NA,NA,NA,NA,NA,NA,NA,NA,NA,NA,NA,NA,NA,,,NA,NA,NA,NA,0,1,0,1,0,1,0,90,NA,NA
14681898,AUS_14681898,30.26928478,-97.73614246,2,1,3,16,2,31,1,1,4,11,1,4,N,4,NA,NA,4,97,97,,,0,1,0,0,0,1,0,N,N,N,N,N,N,N,10/2/2015,3:06 PM,227,22,N,N,NA,NA,19,,,1,590,E,9TH,ST,N,N,30,N,N,,Y,19,,,1,900,,RED RIVER,ST,NA,,,,,,11,1,4,NA,3,1,8,3:06 PM,BY CITIZEN,3:06 PM,10/2/2015,Y,74,NA,NA,67,8,5,1,1,64,54,1,5,1,21,21,227,22,30.26928478,-97.73614246,,,,NA,E 9TH ST,598,NA,NA,NA,,NA,,,,RED RIVER ST,NA,NA,NA,NA,Y,N,N,2,9,Y,FRI,NA,NA,NA,NA,NA,NA,NA,NA,NA,NA,NA,NA,NA,NA,NA,NA,NA,NA,NA,NA,NA,NA,NA,NA,NA,NA,NA,NA,NA,NA,NA,NA,NA,NA,NA,NA,NA,NA,NA,NA,NA,NA,NA,NA,NA,NA,NA,NA,NA,,,NA,NA,NA,NA,0,1,0,1,0,1,0,90,NA,NA
14681903,AUS_14681903,30.26370478,-97.76371246,2,1,3,16,2,24,1,2,4,11,1,4,N,4,NA,NA,4,97,97,,,0,1,0,0,0,1,0,N,N,N,N,N,N,N,10/3/2015,2:47 PM,227,22,N,N,NA,NA,19,,,1,1800,,BARTON SPRINGS,RD,N,N,30,N,N,,Y,19,,,1,400,,STERZING,ST,NA,,,,,,11,1,2,NA,1,1,1,2:47 PM,BY CITIZEN,2:47 PM,10/3/2015,Y,74,NA,NA,93,8,5,2,3,64,3,1,5,1,20,21,227,22,30.26370478,-97.76371246,,,,NA,BARTON SPRINGS RD,NA,NA,NA,NA,,NA,,,,STERZING ST,NA,NA,NA,NA,Y,N,N,2,9,Y,SAT,NA,NA,NA,NA,NA,NA,NA,NA,NA,NA,NA,NA,NA,NA,NA,NA,NA,NA,NA,NA,NA,NA,NA,NA,NA,NA,NA,NA,NA,NA,NA,NA,NA,NA,NA,NA,NA,NA,NA,NA,NA,NA,NA,NA,NA,NA,NA,NA,NA,,,NA,NA,NA,NA,0,1,0,1,0,1,0,90,NA,NA
14681943,AUS_14681943,30.27114478,-97.73545246,2,1,3,16,2,34,1,1,4,11,1,1,N,4,NA,NA,4,97,97,,,0,1,0,0,0,1,0,N,N,N,N,N,Y,N,10/7/2015,6:56 AM,227,22,N,N,NA,NA,19,,,1,,,RED RIVER,ST,N,N,30,N,N,,Y,19,,,1,,E,11TH,ST,NA,,,,,,11,3,4,NA,1,1,5,6:56 AM,DISPATCH,6:56 AM,10/7/2015,Y,74,NA,NA,10,8,5,2,2,64,54,1,5,1,21,21,227,22,30.27114478,-97.73545246,,,,NA,RED RIVER ST,NA,NA,NA,NA,,NA,,,,E 11TH ST,NA,NA,NA,NA,Y,N,N,2,9,Y,WED,NA,NA,NA,NA,NA,NA,NA,NA,NA,NA,NA,NA,NA,NA,NA,NA,NA,NA,NA,NA,NA,NA,NA,NA,NA,NA,NA,NA,NA,NA,NA,NA,NA,NA,NA,NA,NA,NA,NA,NA,NA,NA,NA,NA,NA,NA,NA,NA,NA,,,NA,NA,NA,NA,0,1,0,1,0,1,0,90,NA,NA
14686033,AUS_14686033,30.26742478,-97.69435248,3,1,3,16,3,34,1,1,4,11,1,4,N,4,NA,NA,4,97,97,,,0,0,1,0,0,1,0,N,N,N,N,N,N,N,9/30/2015,6:29 PM,227,22,N,Y,NA,NA,19,,,1,,,GOODWIN,AVE,N,N,-1,N,N,,Y,19,,,1,,,SPRINGDALE,RD,NA,,,,,,11,1,2,NA,1,1,8,6:29 PM,DISPATCH,6:35 PM,9/30/2015,Y,74,NA,NA,34,8,5,1,3,64,54,1,5,1,21,21,227,22,30.26742478,-97.69435248,,,,NA,GOODWIN AVE,3798,NA,NA,NA,,NA,,,,SPRINGDALE RD,NA,NA,NA,NA,Y,N,N,3,9,Y,WED,NA,NA,NA,NA,NA,NA,NA,NA,NA,NA,NA,NA,NA,NA,NA,NA,NA,NA,NA,NA,NA,NA,NA,NA,NA,NA,NA,NA,NA,NA,NA,NA,NA,NA,NA,NA,NA,NA,NA,NA,NA,NA,NA,NA,NA,NA,NA,NA,NA,,,NA,NA,NA,NA,0,0,2,4,0,2,0,90,NA,NA
14686033,AUS_14686033,30.26742478,-97.69435248,2,1,3,16,3,31,1,1,4,11,1,4,N,4,NA,NA,4,97,97,,,0,0,1,0,0,1,0,N,N,N,N,N,N,N,9/30/2015,6:29 PM,227,22,N,Y,NA,NA,19,,,1,,,GOODWIN,AVE,N,N,-1,N,N,,Y,19,,,1,,,SPRINGDALE,RD,NA,,,,,,11,1,2,NA,1,1,8,6:29 PM,DISPATCH,6:35 PM,9/30/2015,Y,74,NA,NA,34,8,5,1,3,64,54,1,5,1,21,21,227,22,30.26742478,-97.69435248,,,,NA,GOODWIN AVE,3798,NA,NA,NA,,NA,,,,SPRINGDALE RD,NA,NA,NA,NA,Y,N,N,3,9,Y,WED,NA,NA,NA,NA,NA,NA,NA,NA,NA,NA,NA,NA,NA,NA,NA,NA,NA,NA,NA,NA,NA,NA,NA,NA,NA,NA,NA,NA,NA,NA,NA,NA,NA,NA,NA,NA,NA,NA,NA,NA,NA,NA,NA,NA,NA,NA,NA,NA,NA,,,NA,NA,NA,NA,0,0,2,4,0,2,0,90,NA,NA
14690133,AUS_14690133,30.24801479,-97.88301243,2,1,3,16,2,7,2,1,4,11,1,4,N,4,NA,NA,4,97,97,,,0,1,0,0,0,1,0,N,N,N,N,N,N,N,10/5/2015,7:39 PM,227,22,N,Y,NA,NA,19,,,1,6100,,KIDNEYWOOD TRL,TRL,N,N,-1,N,N,,Y,19,,,1,6200,,BLUE STEM TRL,TRL,NA,,,,,,11,5,2,NA,3,1,1,7:39 PM,DISPATCH,7:50 PM,10/5/2015,Y,74,NA,NA,105,8,5,1,1,64,3,1,5,1,21,21,227,22,30.24801479,-97.88301243,,,,NA,KIDNEYWOOD TRL,6199,NA,NA,NA,,NA,,,,BLUE STEM TRL,NA,NA,NA,NA,Y,N,N,2,9,Y,MON,NA,NA,NA,NA,NA,NA,NA,NA,NA,NA,NA,NA,NA,NA,NA,NA,NA,NA,NA,NA,NA,NA,NA,NA,NA,NA,NA,NA,NA,NA,NA,NA,NA,NA,NA,NA,NA,NA,NA,NA,NA,NA,NA,NA,NA,NA,NA,NA,NA,,,NA,NA,NA,NA,0,1,0,0,1,1,0,90,NA,NA
14690948,AUS_14690948,30.22707413,-97.76170279,2,1,3,16,2,48,1,2,4,11,1,1,N,4,NA,NA,4,97,97,,,0,1,0,0,0,1,0,N,N,N,N,N,N,N,10/9/2015,5:17 PM,227,22,N,Y,NA,NA,19,,,1,3600,S,CONGRESS,AVE,N,N,-1,N,N,,N,19,,,1,,,ALPINE,ST,NA,,,,,,11,1,0,NA,1,1,17,5:06 PM,DISPATCH,5:10 PM,10/9/2015,Y,74,NA,NA,93,8,5,3,3,64,13,1,5,1,32,21,227,22,30.22707413,-97.76170279,,,,NA,S CONGRESS AVE,3638,NA,NA,NA,,NA,,,,N/A,NA,NA,NA,NA,Y,N,N,2,9,Y,FRI,NA,NA,NA,NA,NA,NA,NA,NA,NA,NA,NA,NA,NA,NA,NA,NA,NA,NA,NA,NA,NA,NA,NA,NA,NA,NA,NA,NA,NA,NA,NA,NA,NA,NA,NA,NA,NA,NA,NA,NA,NA,NA,NA,NA,NA,NA,NA,NA,NA,,,NA,NA,NA,NA,0,1,0,2,0,1,0,90,NA,NA
14697934,AUS_14697934,30.25584921,-97.74736164,2,1,3,16,2,26,1,1,4,11,1,4,N,4,NA,NA,4,97,97,,,0,1,0,0,0,1,0,N,N,N,N,N,N,N,10/15/2015,9:35 AM,227,22,N,N,NA,NA,19,,,1,600,S,CONGRESS,AVE,N,N,-1,N,N,,Y,17,,,7,,,PRIVATE DRIVE,,NA,,,,,,11,1,0,NA,1,1,11,9:15 AM,DISPATCH,9:31 AM,10/15/2015,Y,74,NA,NA,98,8,5,3,3,64,13,1,5,1,32,21,227,22,30.25584921,-97.74736164,,,,NA,S CONGRESS AVE,600,NA,NA,NA,,NA,,,,N/A,NA,NA,NA,NA,Y,N,N,2,9,Y,THU,NA,NA,NA,NA,NA,NA,NA,NA,NA,NA,NA,NA,NA,NA,NA,NA,NA,NA,NA,NA,NA,NA,NA,NA,NA,NA,NA,NA,NA,NA,NA,NA,NA,NA,NA,NA,NA,NA,NA,NA,NA,NA,NA,NA,NA,NA,NA,NA,NA,,,NA,NA,NA,NA,0,1,0,1,0,1,0,90,NA,NA
14699519,AUS_14699519,30.3539655,-97.76001801,2,1,3,16,2,46,1,1,4,11,1,1,N,6,NA,NA,4,97,97,,,0,1,0,0,0,1,0,N,N,N,N,N,N,N,10/13/2015,7:32 PM,227,22,N,Y,NA,NA,19,,,1,3800,,NORTH HILLS,DR,N,N,30,N,N,,Y,19,,,1,6900,,THORCLIFF,DR,NA,,,,,,11,3,2,NA,2,1,11,7:35 PM,DISPATCH,7:39 PM,10/13/2015,Y,74,NA,NA,NA,8,5,1,3,64,54,1,5,1,21,21,227,22,30.3539655,-97.76001801,,,,NA,N HILLS DR,3800,NA,NA,NA,,NA,,,,UNKNOWN,NA,NA,NA,NA,Y,N,N,2,9,Y,TUE,NA,NA,NA,NA,NA,NA,NA,NA,NA,NA,NA,NA,NA,NA,NA,NA,NA,NA,NA,NA,NA,NA,NA,NA,NA,NA,NA,NA,NA,NA,NA,NA,NA,NA,NA,NA,NA,NA,NA,NA,NA,NA,NA,NA,NA,NA,NA,NA,NA,,,NA,NA,NA,NA,0,1,0,1,0,1,0,90,NA,NA
14703670,AUS_14703670,30.23483483,-97.72209744,2,1,3,16,2,24,4,1,4,11,1,4,N,4,NA,NA,4,97,97,,,0,1,0,0,0,1,0,N,N,N,N,N,N,N,10/17/2015,7:30 PM,227,22,N,Y,NA,NA,19,,,1,1800,S,PLEASANT VALLEY,RD,N,N,35,N,N,,N,19,,,1,,E,RIVERSIDE,DR,NA,,,,,,11,4,0,NA,1,1,5,7:30 PM,DISPATCH,7:35 PM,10/17/2015,Y,74,NA,NA,98,8,5,4,1,64,54,1,5,1,21,21,227,22,30.23483483,-97.72209744,,,,NA,S PLEASANT VALLEY RD,NA,NA,NA,NA,,NA,,,,N/A,NA,NA,NA,NA,Y,N,N,2,9,Y,SAT,NA,NA,NA,NA,NA,NA,NA,NA,NA,NA,NA,NA,NA,NA,NA,NA,NA,NA,NA,NA,NA,NA,NA,NA,NA,NA,NA,NA,NA,NA,NA,NA,NA,NA,NA,NA,NA,NA,NA,NA,NA,NA,NA,NA,NA,NA,NA,NA,NA,,,NA,NA,NA,NA,0,1,0,1,0,1,0,90,NA,NA