CrashID,CrashID1,Latitude,Longitude,Unit_Nbr,Prsn_Nbr,Prsn_Type_ID,Prsn_Occpnt_Pos_ID,Prsn_Injry_Sev_ID,Prsn_Age,Prsn_Ethnicity_ID,Prsn_Gndr_ID,Prsn_Ejct_ID,Prsn_Rest_ID,Prsn_Airbag_ID,Prsn_Helmet_ID,Prsn_Sol_Fl,Prsn_Alc_Spec_Type_ID,Prsn_Alc_Rslt_ID,Prsn_Bac_Test_Rslt,Prsn_Drg_Spec_Type_ID,Prsn_Drg_Rslt_ID,Drvr_Drg_Cat_1_ID,Prsn_Death_Date,Prsn_Death_Time,Incap_Injry_Cnt.x,Nonincap_Injry_Cnt.x,Poss_Injry_Cnt.x,Non_Injry_Cnt.x,Unkn_Injry_Cnt.x,Tot_Injry_Cnt.x,Death_Cnt.x,Crash_Fatal_Fl,Cmv_Involv_Fl,Schl_Bus_Fl,Rr_Relat_Fl,Medical_Advisory_Fl,Amend_Supp_Fl,Active_School_Zone_Fl,Crash_Date,Crash_Time,Rpt_CRIS_Cnty_ID,Rpt_City_ID,Rpt_Outside_City_Limit_Fl,Thousand_Damage_Fl,Rpt_Latitude,Rpt_Longitude,Rpt_Rdwy_Sys_ID,Rpt_Hwy_Num,Rpt_Hwy_Sfx,Rpt_Road_Part_ID,Rpt_Block_Num,Rpt_Street_Pfx,Rpt_Street_Name,Rpt_Street_Sfx,Private_Dr_Fl,Toll_Road_Fl,Crash_Speed_Limit,Road_Constr_Zone_Fl,Road_Constr_Zone_Wrkr_Fl,Rpt_Street_Desc,At_Intrsct_Fl,Rpt_Sec_Rdwy_Sys_ID,Rpt_Sec_Hwy_Num,Rpt_Sec_Hwy_Sfx,Rpt_Sec_Road_Part_ID,Rpt_Sec_Block_Num,Rpt_Sec_Street_Pfx,Rpt_Sec_Street_Name,Rpt_Sec_Street_Sfx,Rpt_Ref_Mark_Offset_Amt,Rpt_Ref_Mark_Dist_Uom,Rpt_Ref_Mark_Dir,Rpt_Ref_Mark_Nbr,Rpt_Sec_Street_Desc,Rpt_CrossingNumber,Wthr_Cond_ID,Light_Cond_ID,Entr_Road_ID,Road_Type_ID,Road_Algn_ID,Surf_Cond_ID,Traffic_Cntl_ID,Investigat_Notify_Time,Investigat_Notify_Meth,Investigat_Arrv_Time,Report_Date,Investigat_Comp_Fl,Investigat_Agency_ID,Investigat_Area_ID,Investigat_District_ID,Investigat_Region_ID,Bridge_Detail_ID,Harm_Evnt_ID,Intrsct_Relat_ID,FHE_Collsn_ID,Obj_Struck_ID,Othr_Factr_ID,Road_Part_Adj_ID,Road_Cls_ID,Road_Relat_ID,Phys_Featr_1_ID,Phys_Featr_2_ID,Cnty_ID,City_ID,Latitude,Longitude,Hwy_Sys,Hwy_Nbr,Hwy_Sfx,Dfo,Street_Name,Street_Nbr,Control,Section,Milepoint,Ref_Mark_Nbr,Ref_Mark_Displ,Hwy_Sys_2,Hwy_Nbr_2,Hwy_Sfx_2,Street_Name_2,Street_Nbr_2,Control_2,Section_2,Milepoint_2,Txdot_Rptable_Fl,Onsys_Fl,Rural_Fl,Crash_Sev_ID,Pop_Group_ID,Located_Fl,Day_of_Week,Hwy_Dsgn_Lane_ID,Hwy_Dsgn_Hrt_ID,Hp_Shldr_Left,Hp_Shldr_Right,Hp_Median_Width,Base_Type_ID,Nbr_Of_Lane,Row_Width_Usual,Roadbed_Width,Surf_Width,Surf_Type_ID,Curb_Type_Left_ID,Curb_Type_Right_ID,Shldr_Type_Left_ID,Shldr_Width_Left,Shldr_Use_Left_ID,Shldr_Type_Right_ID,Shldr_Width_Right,Shldr_Use_Right_ID,Median_Type_ID,Median_Width,Rural_Urban_Type_ID,Func_Sys_ID,Adt_Curnt_Amt,Adt_Curnt_Year,Adt_Adj_Curnt_Amt,Pct_Single_Trk_Adt,Pct_Combo_Trk_Adt,Trk_Aadt_Pct,Curve_Type_ID,Curve_Lngth,Cd_Degr,Delta_Left_Right_ID,Dd_Degr,Feature_Crossed,Structure_Number,I_R_Min_Vert_Clear,Approach_Width,Bridge_Median_ID,Bridge_Loading_Type_ID,Bridge_Loading_In_1000_Lbs,Bridge_Srvc_Type_On_ID,Bridge_Srvc_Type_Under_ID,Culvert_Type_ID,Roadway_Width,Deck_Width,Bridge_Dir_Of_Traffic_ID,Bridge_Rte_Struct_Func_ID,Bridge_IR_Struct_Func_ID,CrossingNumber,RRCo,Poscrossing_ID,WDCode_ID,Standstop,Yield,Incap_Injry_Cnt.y,Nonincap_Injry_Cnt.y,Poss_Injry_Cnt.y,Non_Injry_Cnt.y,Unkn_Injry_Cnt.y,Tot_Injry_Cnt.y,Death_Cnt.y,MPO_ID,Unit_ID,Unit_Prsn_ID
14763894,AUS_14763894,30.27940478,-97.72316247,2,1,3,16,2,42,1,2,4,11,1,3,N,4,NA,NA,4,97,97,,,0,1,0,0,0,1,0,N,N,N,N,N,N,N,11/17/2015,5:51 PM,227,22,N,N,NA,NA,19,,,1,1900,E,LEONA,ST,N,N,25,N,N,,Y,19,,,1,1600,E,MLKK,BLVD,NA,,,,,,11,5,0,NA,1,1,8,6:02 PM,DISPATCH,6:15 PM,11/17/2015,Y,74,NA,NA,34,8,5,1,3,64,54,1,5,1,21,21,227,22,30.27940478,-97.72316247,,,,NA,LEONA ST,1900,NA,NA,NA,,NA,,,,UNKNOWN,NA,NA,NA,NA,Y,N,N,2,9,Y,TUE,NA,NA,NA,NA,NA,NA,NA,NA,NA,NA,NA,NA,NA,NA,NA,NA,NA,NA,NA,NA,NA,NA,NA,NA,NA,NA,NA,NA,NA,NA,NA,NA,NA,NA,NA,NA,NA,NA,NA,NA,NA,NA,NA,NA,NA,NA,NA,NA,NA,,,NA,NA,NA,NA,0,1,0,1,0,1,0,90,NA,NA
14769866,AUS_14769866,30.32780477,-97.72516246,2,1,3,16,5,24,1,1,4,11,1,4,N,4,NA,NA,4,97,97,,,0,0,0,1,0,0,0,N,N,N,N,N,N,N,11/22/2015,3:37 PM,227,22,N,N,NA,NA,19,,,1,5900,N,LAMAR,BLVD,N,N,40,N,N,,Y,19,,,1,800,,OLD KOENIG,LN,NA,,,,,,11,1,0,NA,1,1,8,3:37 PM,DISPATCH,3:42 PM,11/22/2015,Y,74,NA,NA,121,8,5,2,2,64,54,1,5,1,21,21,227,22,30.32780477,-97.72516246,,,,NA,N LAMAR BLVD,5900,NA,NA,NA,,NA,,,,UNKNOWN,NA,NA,NA,NA,N,N,N,5,9,Y,SUN,NA,NA,NA,NA,NA,NA,NA,NA,NA,NA,NA,NA,NA,NA,NA,NA,NA,NA,NA,NA,NA,NA,NA,NA,NA,NA,NA,NA,NA,NA,NA,NA,NA,NA,NA,NA,NA,NA,NA,NA,NA,NA,NA,NA,NA,NA,NA,NA,NA,,,NA,NA,NA,NA,0,0,0,2,0,0,0,90,NA,NA
14769869,AUS_14769869,30.28117167,-97.71254673,2,1,3,16,2,17,1,1,4,11,1,3,N,4,NA,NA,4,97,97,,,0,1,0,0,0,1,0,N,N,N,N,N,Y,N,11/22/2015,5:48 PM,227,22,N,N,NA,NA,19,,,1,2800,E,E MARTIN LUTHER KING JR BLVD,BLVD,N,N,35,N,N,,N,19,,,1,1800,,ULIT,AVE,NA,,,,ULIT AVE,,11,5,0,NA,1,1,1,5:48 PM,DISPATCH,5:50 PM,11/22/2015,Y,74,NA,NA,34,8,5,4,1,64,54,1,5,1,21,21,227,22,30.28117167,-97.71254673,,,,NA,E MARTIN LUTHER KING JR BLVD,2790,NA,NA,NA,,NA,,,,N/A,NA,NA,NA,NA,Y,N,N,2,9,Y,SUN,NA,NA,NA,NA,NA,NA,NA,NA,NA,NA,NA,NA,NA,NA,NA,NA,NA,NA,NA,NA,NA,NA,NA,NA,NA,NA,NA,NA,NA,NA,NA,NA,NA,NA,NA,NA,NA,NA,NA,NA,NA,NA,NA,NA,NA,NA,NA,NA,NA,,,NA,NA,NA,NA,0,1,0,1,0,1,0,90,NA,NA
14770407,AUS_14770407,30.31009477,-97.66720248,2,1,3,16,2,16,3,1,4,11,1,4,N,4,NA,NA,4,97,97,,,0,1,0,0,0,1,0,N,N,N,N,N,N,N,11/8/2015,10:52 AM,227,22,N,Y,NA,NA,19,,,1,6600,,MANOR,RD,N,N,35,N,N,,Y,19,,,1,3500,,LOYOLA,LN,NA,,,,,,11,1,0,NA,2,1,5,10:52 AM,DISPATCH,3:59 PM,11/8/2015,Y,74,NA,NA,34,8,5,2,1,64,54,1,5,1,21,21,227,22,30.31009477,-97.66720248,,,,NA,MANOR RD,NA,NA,NA,NA,,NA,,,,LOYOLA LN,NA,NA,NA,NA,Y,N,N,2,9,Y,SUN,NA,NA,NA,NA,NA,NA,NA,NA,NA,NA,NA,NA,NA,NA,NA,NA,NA,NA,NA,NA,NA,NA,NA,NA,NA,NA,NA,NA,NA,NA,NA,NA,NA,NA,NA,NA,NA,NA,NA,NA,NA,NA,NA,NA,NA,NA,NA,NA,NA,,,NA,NA,NA,NA,0,1,0,1,0,1,0,90,NA,NA
14780683,AUS_14780683,30.33706477,-97.69530247,2,1,3,16,1,46,1,1,4,11,1,4,Y,4,NA,NA,4,97,97,,,1,0,0,0,0,1,0,N,N,N,N,N,N,N,11/22/2015,5:49 PM,227,22,N,N,NA,NA,19,,,1,7800,,CLOCK TOWER DR,DR,N,N,35,N,N,LOCAL RD,Y,19,,,1,10000,E,E ANDERSON LN SVRD WB,LN,NA,,,,LOCAL RD,,11,1,0,NA,1,1,20,5:49 PM,DISPATCH,5:56 PM,11/22/2015,N,74,NA,NA,121,8,5,2,1,64,3,1,5,1,21,21,227,22,30.33706477,-97.69530247,,,,NA,CLOCK TOWER DR,7800,NA,NA,NA,,NA,,,,UNKNOWN,NA,NA,NA,NA,Y,N,N,1,9,Y,SUN,NA,NA,NA,NA,NA,NA,NA,NA,NA,NA,NA,NA,NA,NA,NA,NA,NA,NA,NA,NA,NA,NA,NA,NA,NA,NA,NA,NA,NA,NA,NA,NA,NA,NA,NA,NA,NA,NA,NA,NA,NA,NA,NA,NA,NA,NA,NA,NA,NA,,,NA,NA,NA,NA,1,0,0,2,0,1,0,90,NA,NA
14780808,AUS_14780808,30.24247478,-97.71723247,2,1,3,16,3,18,2,2,4,11,1,2,N,4,NA,NA,4,97,97,,,0,0,1,0,0,1,0,N,N,N,N,N,N,N,11/25/2015,9:00 PM,227,22,N,N,NA,NA,19,,,1,,S,PLEASANT VALLEY,RD,N,N,40,N,N,,Y,19,,,1,,,LAKESHORE,BLVD,NA,,,,,,11,4,2,NA,1,1,15,9:00 PM,DISPATCH,9:02 PM,11/29/2015,Y,74,NA,NA,98,8,5,2,3,64,3,1,5,1,21,21,227,22,30.24247478,-97.71723247,,,,NA,S PLEASANT VALLEY RD,1009,NA,NA,NA,,NA,,,,S LAKESHORE BLVD,NA,NA,NA,NA,Y,N,N,3,9,Y,WED,NA,NA,NA,NA,NA,NA,NA,NA,NA,NA,NA,NA,NA,NA,NA,NA,NA,NA,NA,NA,NA,NA,NA,NA,NA,NA,NA,NA,NA,NA,NA,NA,NA,NA,NA,NA,NA,NA,NA,NA,NA,NA,NA,NA,NA,NA,NA,NA,NA,,,NA,NA,NA,NA,0,0,1,1,0,1,0,90,NA,NA
14786725,AUS_14786725,30.26386305,-97.74289348,2,1,3,16,1,32,1,1,4,11,1,1,N,4,NA,NA,4,97,97,,,1,0,0,0,0,1,0,N,N,N,N,N,N,N,11/23/2015,7:51 PM,227,22,N,Y,NA,NA,19,,,1,100,S,BRAZOS,ST,N,N,-1,N,N,TWO WAY,N,19,,,1,100,S,E 2ND,ST,NA,,,,TWO WAY,,11,4,4,NA,1,1,5,7:51 PM,DISPATCH,7:55 PM,11/23/2015,Y,74,NA,NA,67,8,5,4,1,64,54,1,5,1,21,21,227,22,30.26386305,-97.74289348,,,,NA,BRAZOS ST,194,NA,NA,NA,,NA,,,,N/A,NA,NA,NA,NA,Y,N,N,1,9,Y,MON,NA,NA,NA,NA,NA,NA,NA,NA,NA,NA,NA,NA,NA,NA,NA,NA,NA,NA,NA,NA,NA,NA,NA,NA,NA,NA,NA,NA,NA,NA,NA,NA,NA,NA,NA,NA,NA,NA,NA,NA,NA,NA,NA,NA,NA,NA,NA,NA,NA,,,NA,NA,NA,NA,1,0,0,1,0,1,0,90,NA,NA
14790561,AUS_14790561,30.27338478,-97.69914247,2,1,3,16,2,26,3,1,4,11,1,4,N,4,NA,NA,4,97,97,,,0,1,0,0,0,1,0,N,N,N,N,N,Y,N,12/3/2015,4:29 PM,227,22,N,N,NA,NA,19,,,1,3100,,OAK SPRINGS,DR,N,N,35,N,N,,Y,19,,,1,1100,,TILLERY,ST,NA,,,,,,11,1,2,NA,1,1,1,4:29 PM,DISPATCH,4:45 PM,12/3/2015,Y,74,NA,NA,34,8,5,1,3,64,54,1,5,1,21,21,227,22,30.27338478,-97.69914247,,,,NA,OAK SPRINGS DR,3105,NA,NA,NA,,NA,,,,TILLERY ST,NA,NA,NA,NA,Y,N,N,2,9,Y,THU,NA,NA,NA,NA,NA,NA,NA,NA,NA,NA,NA,NA,NA,NA,NA,NA,NA,NA,NA,NA,NA,NA,NA,NA,NA,NA,NA,NA,NA,NA,NA,NA,NA,NA,NA,NA,NA,NA,NA,NA,NA,NA,NA,NA,NA,NA,NA,NA,NA,,,NA,NA,NA,NA,0,1,0,2,0,1,0,90,NA,NA
14794806,AUS_14794806,30.28793478,-97.74463246,2,1,3,16,3,18,3,1,4,11,1,4,N,4,NA,NA,4,97,97,,,0,0,1,0,0,1,0,N,N,N,N,N,N,N,11/30/2015,2:50 PM,227,22,N,N,NA,NA,19,,,1,2400,,RIO GRANDE,ST,N,N,30,N,N,,Y,19,,,1,800,W,24TH,ST,NA,,,,,,11,3,0,NA,1,1,5,2:50 PM,DISPATCH,2:50 PM,11/30/2015,Y,74,NA,NA,10,8,5,1,1,64,3,1,5,1,21,21,227,22,30.28793478,-97.74463246,,,,NA,RIO GRANDE ST,2399,NA,NA,NA,,NA,,,,W 24TH ST,NA,NA,NA,NA,Y,N,N,3,9,Y,MON,NA,NA,NA,NA,NA,NA,NA,NA,NA,NA,NA,NA,NA,NA,NA,NA,NA,NA,NA,NA,NA,NA,NA,NA,NA,NA,NA,NA,NA,NA,NA,NA,NA,NA,NA,NA,NA,NA,NA,NA,NA,NA,NA,NA,NA,NA,NA,NA,NA,,,NA,NA,NA,NA,0,0,1,1,0,1,0,90,NA,NA
14794807,AUS_14794807,30.37552679,-97.75464908,2,1,3,16,3,29,1,1,4,11,1,2,N,4,NA,NA,4,97,97,,,0,0,1,0,0,1,0,N,N,N,N,N,N,N,11/30/2015,4:37 PM,227,22,N,N,NA,NA,19,,,1,8400,,MESA,DR,N,N,25,N,N,,N,19,,,1,4000,,STECK,AVE,NA,,,,,,11,1,2,NA,1,1,20,4:37 PM,BY CITIZEN,4:47 PM,11/30/2015,Y,74,NA,NA,10,8,5,3,3,64,13,1,5,1,32,21,227,22,30.37552679,-97.75464908,,,,NA,MESA DR,8360,NA,NA,NA,,NA,,,,N/A,NA,NA,NA,NA,Y,N,N,3,9,Y,MON,NA,NA,NA,NA,NA,NA,NA,NA,NA,NA,NA,NA,NA,NA,NA,NA,NA,NA,NA,NA,NA,NA,NA,NA,NA,NA,NA,NA,NA,NA,NA,NA,NA,NA,NA,NA,NA,NA,NA,NA,NA,NA,NA,NA,NA,NA,NA,NA,NA,,,NA,NA,NA,NA,0,0,1,1,0,1,0,90,NA,NA
14794810,AUS_14794810,30.2566424,-97.71125127,2,1,3,16,3,47,1,1,4,11,1,4,N,4,NA,NA,4,97,97,,,0,0,1,0,0,1,0,N,N,N,N,N,N,N,12/1/2015,8:30 PM,227,22,N,N,NA,NA,19,,,1,2700,E,5TH,ST,N,N,30,N,N,,N,19,,,1,400,N,PLEASANT VALLEY,RD,NA,,,,,,11,4,0,NA,1,1,20,8:30 PM,DISPATCH,8:30 PM,12/1/2015,Y,74,NA,NA,34,8,5,1,3,64,54,1,5,1,21,21,227,22,30.2566424,-97.71125127,,,,NA,E 5TH ST,2774,NA,NA,NA,,NA,,,,PLEASANT VALLEY RD N,NA,NA,NA,NA,Y,N,N,3,9,Y,TUE,NA,NA,NA,NA,NA,NA,NA,NA,NA,NA,NA,NA,NA,NA,NA,NA,NA,NA,NA,NA,NA,NA,NA,NA,NA,NA,NA,NA,NA,NA,NA,NA,NA,NA,NA,NA,NA,NA,NA,NA,NA,NA,NA,NA,NA,NA,NA,NA,NA,,,NA,NA,NA,NA,0,0,1,1,0,1,0,90,NA,NA
14795135,AUS_14795135,30.26711478,-97.74316246,2,1,3,16,5,37,1,1,4,11,1,2,N,4,NA,NA,4,97,97,,,0,0,0,1,0,0,0,N,N,N,N,N,N,N,11/25/2015,2:59 PM,227,22,N,N,NA,NA,19,,,1,500,,CONGRESS,AVE,N,N,30,N,N,,Y,19,,,1,100,W,5TH,ST,NA,,,,,,12,1,4,NA,1,1,5,2:59 PM,ON SIGHT,2:59 PM,11/25/2015,Y,74,NA,NA,67,8,5,2,3,64,54,1,5,1,21,21,227,22,30.26711478,-97.74316246,,,,NA,CONGRESS AVE,499,NA,NA,NA,,NA,,,,W 5TH ST,NA,NA,NA,NA,N,N,N,5,9,Y,WED,NA,NA,NA,NA,NA,NA,NA,NA,NA,NA,NA,NA,NA,NA,NA,NA,NA,NA,NA,NA,NA,NA,NA,NA,NA,NA,NA,NA,NA,NA,NA,NA,NA,NA,NA,NA,NA,NA,NA,NA,NA,NA,NA,NA,NA,NA,NA,NA,NA,,,NA,NA,NA,NA,0,0,0,2,0,0,0,90,NA,NA
14795137,AUS_14795137,30.27036478,-97.75469246,2,1,3,16,2,24,1,2,4,11,1,5,N,4,NA,NA,4,97,97,,,0,1,0,0,0,1,0,N,N,N,N,N,N,N,11/26/2015,7:00 AM,227,22,N,N,NA,NA,19,,,1,,W,5TH,ST,N,N,30,N,N,,Y,19,,,1,,N,LAMAR,BLVD,NA,,,,,,2,1,4,NA,1,2,5,7:50 AM,DISPATCH,7:55 AM,11/26/2015,N,74,NA,NA,67,8,5,2,1,64,54,1,5,1,21,21,227,22,30.27036478,-97.75469246,,,,NA,W 5TH ST,1002,NA,NA,NA,,NA,,,,N LAMAR BLVD,NA,NA,NA,NA,Y,N,N,2,9,Y,THU,NA,NA,NA,NA,NA,NA,NA,NA,NA,NA,NA,NA,NA,NA,NA,NA,NA,NA,NA,NA,NA,NA,NA,NA,NA,NA,NA,NA,NA,NA,NA,NA,NA,NA,NA,NA,NA,NA,NA,NA,NA,NA,NA,NA,NA,NA,NA,NA,NA,,,NA,NA,NA,NA,0,1,0,0,1,1,0,90,NA,NA
14800740,AUS_14800740,30.25659478,-97.71110247,2,1,3,16,2,30,1,1,4,11,1,5,N,4,NA,NA,4,97,97,,,0,1,0,0,0,1,0,N,N,N,N,N,N,N,12/8/2015,5:54 AM,227,22,N,N,NA,NA,19,,,1,2800,E,5TH,ST,N,N,-1,N,N,,Y,19,,,1,400,N,PLEASANT VALLEY,,NA,,,,,,11,4,0,NA,1,1,5,5:57 AM,DISPATCH,6:06 AM,12/8/2015,Y,74,NA,NA,34,8,5,1,3,64,3,1,5,1,21,21,227,22,30.25659478,-97.71110247,,,,NA,E 5TH ST,2798,NA,NA,NA,,NA,,,,PLEASANT VALLEY RD N,NA,NA,NA,NA,Y,N,N,2,9,Y,TUE,NA,NA,NA,NA,NA,NA,NA,NA,NA,NA,NA,NA,NA,NA,NA,NA,NA,NA,NA,NA,NA,NA,NA,NA,NA,NA,NA,NA,NA,NA,NA,NA,NA,NA,NA,NA,NA,NA,NA,NA,NA,NA,NA,NA,NA,NA,NA,NA,NA,,,NA,NA,NA,NA,0,1,0,1,0,1,0,90,NA,NA
14802284,AUS_14802284,30.35651921,-97.75115999,2,1,3,16,3,37,5,1,4,11,1,4,N,4,NA,NA,4,97,97,,,0,0,1,0,0,1,0,N,N,N,N,N,N,N,12/9/2015,6:38 PM,227,22,N,N,NA,NA,19,,,1,7200,,WOODHOLLOW,DR,N,N,35,N,N,,N,19,,,1,3500,,FAR WEST,BLVD,NA,,,,,,11,4,2,NA,2,1,11,6:38 PM,ON SIGHT,6:38 PM,12/9/2015,Y,74,NA,NA,NA,8,5,3,3,64,13,1,5,1,32,21,227,22,30.35651921,-97.75115999,,,,NA,WOOD HOLLOW DR,7343,NA,NA,NA,,NA,,,,N/A,NA,NA,NA,NA,Y,N,N,3,9,Y,WED,NA,NA,NA,NA,NA,NA,NA,NA,NA,NA,NA,NA,NA,NA,NA,NA,NA,NA,NA,NA,NA,NA,NA,NA,NA,NA,NA,NA,NA,NA,NA,NA,NA,NA,NA,NA,NA,NA,NA,NA,NA,NA,NA,NA,NA,NA,NA,NA,NA,,,NA,NA,NA,NA,0,0,1,1,0,1,0,90,NA,NA
14804453,AUS_14804453,30.36676476,-97.68485247,2,1,3,16,3,57,1,2,4,11,1,2,N,4,NA,NA,4,97,97,,,0,0,1,0,0,1,0,N,N,N,N,N,N,N,12/8/2015,8:02 AM,227,22,N,N,NA,NA,19,,,1,10100,,DIAMONDBACK,TRL,N,N,30,N,N,,Y,19,,,1,10100,,BROWNIE,DR,NA,,,,,,11,2,4,NA,2,1,20,8:02 AM,DISPATCH,8:06 AM,12/8/2015,Y,74,NA,NA,123,8,5,2,1,64,54,1,5,1,21,21,227,22,30.36676476,-97.68485247,,,,NA,DIAMONDBACK TRL,10117,NA,NA,NA,,NA,,,,BROWNIE DR,NA,NA,NA,NA,Y,N,N,3,9,Y,TUE,NA,NA,NA,NA,NA,NA,NA,NA,NA,NA,NA,NA,NA,NA,NA,NA,NA,NA,NA,NA,NA,NA,NA,NA,NA,NA,NA,NA,NA,NA,NA,NA,NA,NA,NA,NA,NA,NA,NA,NA,NA,NA,NA,NA,NA,NA,NA,NA,NA,,,NA,NA,NA,NA,0,0,1,1,0,1,0,90,NA,NA
14811668,AUS_14811668,30.28307941,-97.77671675,2,1,3,16,2,32,5,1,4,11,1,3,N,4,NA,NA,4,97,97,,,0,1,0,0,0,1,0,N,N,N,N,N,N,N,12/14/2015,5:47 PM,227,22,N,N,NA,NA,19,,,1,2600,,LAKE AUSTIN,BLVD,N,N,35,N,N,,N,19,,,1,700,,EXPOSITION,BLVD,NA,,,,,,11,4,0,NA,1,1,11,5:47 PM,DISPATCH,5:52 PM,12/14/2015,Y,74,NA,NA,NA,8,5,3,3,64,13,1,5,1,32,21,227,22,30.28307941,-97.77671675,,,,NA,LAKE AUSTIN BLVD,2682,NA,NA,NA,,NA,,,,N/A,NA,NA,NA,NA,Y,N,N,2,9,Y,MON,NA,NA,NA,NA,NA,NA,NA,NA,NA,NA,NA,NA,NA,NA,NA,NA,NA,NA,NA,NA,NA,NA,NA,NA,NA,NA,NA,NA,NA,NA,NA,NA,NA,NA,NA,NA,NA,NA,NA,NA,NA,NA,NA,NA,NA,NA,NA,NA,NA,,,NA,NA,NA,NA,0,1,0,1,0,1,0,90,NA,NA
14818361,AUS_14818361,30.21251499,-97.80226816,2,1,3,16,3,27,1,2,4,11,1,5,N,4,NA,NA,4,97,97,,,0,0,1,0,0,1,0,N,N,N,N,N,N,N,12/15/2015,12:15 AM,227,22,N,N,NA,NA,19,,,1,6100,,MANCHACA RD,RD,N,N,35,N,N,MAIN ROADWAY,N,19,,,1,1000,,INDEPENDENCE DR,DR,NA,,,,MAIN ROADWAY,,11,4,0,NA,1,1,20,12:15 AM,DISPATCH,12:30 AM,12/15/2015,N,74,NA,NA,93,8,5,4,1,64,3,1,5,1,21,21,227,22,30.21251499,-97.80226816,,,,NA,MANCHACA RD,6032,NA,NA,NA,,NA,,,,N/A,NA,NA,NA,NA,Y,N,N,3,9,Y,TUE,NA,NA,NA,NA,NA,NA,NA,NA,NA,NA,NA,NA,NA,NA,NA,NA,NA,NA,NA,NA,NA,NA,NA,NA,NA,NA,NA,NA,NA,NA,NA,NA,NA,NA,NA,NA,NA,NA,NA,NA,NA,NA,NA,NA,NA,NA,NA,NA,NA,,,NA,NA,NA,NA,0,0,1,0,1,1,0,90,NA,NA
14818389,AUS_14818389,30.22727603,-97.76160372,2,1,3,16,2,35,1,1,4,11,1,4,N,4,NA,NA,4,97,97,,,0,1,0,0,0,1,0,N,N,N,N,N,N,N,12/15/2015,11:56 PM,227,22,N,N,NA,NA,19,,,7,3600,S,CONGRESS AVE,AVE,N,N,-1,N,N,,N,19,,,1,100,,PICKLE RD,,NA,,,,,,11,4,0,NA,1,1,11,10:18 PM,DISPATCH,10:04 PM,12/15/2015,N,74,NA,NA,105,8,5,4,1,64,54,1,5,2,21,21,227,22,30.22727603,-97.76160372,,,,NA,S CONGRESS AVE,NA,NA,NA,NA,,NA,,,,N/A,NA,NA,NA,NA,Y,N,N,2,9,Y,TUE,NA,NA,NA,NA,NA,NA,NA,NA,NA,NA,NA,NA,NA,NA,NA,NA,NA,NA,NA,NA,NA,NA,NA,NA,NA,NA,NA,NA,NA,NA,NA,NA,NA,NA,NA,NA,NA,NA,NA,NA,NA,NA,NA,NA,NA,NA,NA,NA,NA,,,NA,NA,NA,NA,0,1,0,0,1,1,0,90,NA,NA
14818428,AUS_14818428,30.29172477,-97.73424246,2,1,3,16,3,22,1,1,4,11,1,4,N,4,NA,NA,4,97,97,,,0,0,1,0,0,1,0,N,N,N,N,N,N,N,12/17/2015,12:53 PM,227,22,N,N,NA,NA,19,,,1,3000,,DUVAL,ST,N,N,30,N,N,PAVED ROAD,Y,19,,,1,400,E,E 30TH ST,ST,NA,,,,PAVED ROAD,,11,1,0,NA,2,1,20,1:05 PM,DISPATCH,1:10 PM,12/17/2015,Y,74,NA,NA,10,8,5,1,1,64,54,1,5,1,21,21,227,22,30.29172477,-97.73424246,,,,NA,DUVAL ST,2907,NA,NA,NA,,NA,,,,E 30TH ST,NA,NA,NA,NA,Y,N,N,3,9,Y,THU,NA,NA,NA,NA,NA,NA,NA,NA,NA,NA,NA,NA,NA,NA,NA,NA,NA,NA,NA,NA,NA,NA,NA,NA,NA,NA,NA,NA,NA,NA,NA,NA,NA,NA,NA,NA,NA,NA,NA,NA,NA,NA,NA,NA,NA,NA,NA,NA,NA,,,NA,NA,NA,NA,0,0,1,1,0,1,0,90,NA,NA
14833374,AUS_14833374,30.2280511,-97.77795807,2,1,3,16,0,37,1,2,4,11,1,4,N,4,NA,NA,4,97,97,,,0,0,0,0,1,0,0,N,N,N,N,N,N,N,12/24/2015,7:07 PM,227,22,N,N,NA,NA,19,,,2,1200,,W BEN WHITE WB AT BANISTER TRN,,N,N,-1,N,N,,Y,19,,,1,4100,,W BEN WHITE WB AT BANISTER TRN,,NA,,,,,,11,4,2,NA,1,1,5,7:07 PM,ON SIGHT,7:07 PM,12/24/2015,Y,74,NA,NA,105,8,5,2,1,64,3,2,5,1,21,21,227,22,30.2280511,-97.77795807,,,,NA,W BEN WHITE BLVD,1200,NA,NA,NA,,NA,,,,UNKNOWN,NA,NA,NA,NA,N,N,N,5,9,Y,THU,NA,NA,NA,NA,NA,NA,NA,NA,NA,NA,NA,NA,NA,NA,NA,NA,NA,NA,NA,NA,NA,NA,NA,NA,NA,NA,NA,NA,NA,NA,NA,NA,NA,NA,NA,NA,NA,NA,NA,NA,NA,NA,NA,NA,NA,NA,NA,NA,NA,,,NA,NA,NA,NA,0,0,0,3,1,0,0,90,NA,NA
14838484,AUS_14838484,30.31866845,-97.70725807,2,1,3,16,5,21,1,1,4,11,1,4,N,4,NA,NA,4,97,97,,,0,0,0,1,0,0,0,N,N,N,N,N,N,N,12/11/2015,12:06 PM,227,22,N,N,NA,NA,1,35,,2,5800,N,NOT REPORTED,,N,N,55,N,N,,Y,19,,,1,1000,,REINLI,ST,NA,,,,,,11,1,0,2,1,1,8,12:06 PM,DISPATCH,12:08 PM,12/11/2015,Y,74,NA,NA,34,8,5,2,1,64,54,2,1,1,21,21,227,22,30.31866845,-97.70725807,IH,35,,238.109,IH0035,NA,15,13,21.701,239,-0.347,,,,REINLI ST,NA,NA,NA,NA,N,Y,N,5,9,Y,FRI,5,0,4,10,32,2,8,300,124,96,4,0,0,2,8,5,2,20,5,2,24,4,11,172066,2014,172066,3.3,9.4,12.7,NA,NA,NA,NA,NA,NA,NA,NA,NA,NA,NA,NA,NA,NA,NA,NA,NA,NA,NA,NA,,,NA,NA,NA,NA,0,0,0,2,0,0,0,90,NA,NA