CrashID,CrashID1,Latitude,Longitude,Unit_Nbr,Prsn_Nbr,Prsn_Type_ID,Prsn_Occpnt_Pos_ID,Prsn_Injry_Sev_ID,Prsn_Age,Prsn_Ethnicity_ID,Prsn_Gndr_ID,Prsn_Ejct_ID,Prsn_Rest_ID,Prsn_Airbag_ID,Prsn_Helmet_ID,Prsn_Sol_Fl,Prsn_Alc_Spec_Type_ID,Prsn_Alc_Rslt_ID,Prsn_Bac_Test_Rslt,Prsn_Drg_Spec_Type_ID,Prsn_Drg_Rslt_ID,Drvr_Drg_Cat_1_ID,Prsn_Death_Date,Prsn_Death_Time,Incap_Injry_Cnt.x,Nonincap_Injry_Cnt.x,Poss_Injry_Cnt.x,Non_Injry_Cnt.x,Unkn_Injry_Cnt.x,Tot_Injry_Cnt.x,Death_Cnt.x,Crash_Fatal_Fl,Cmv_Involv_Fl,Schl_Bus_Fl,Rr_Relat_Fl,Medical_Advisory_Fl,Amend_Supp_Fl,Active_School_Zone_Fl,Crash_Date,Crash_Time,Rpt_CRIS_Cnty_ID,Rpt_City_ID,Rpt_Outside_City_Limit_Fl,Thousand_Damage_Fl,Rpt_Latitude,Rpt_Longitude,Rpt_Rdwy_Sys_ID,Rpt_Hwy_Num,Rpt_Hwy_Sfx,Rpt_Road_Part_ID,Rpt_Block_Num,Rpt_Street_Pfx,Rpt_Street_Name,Rpt_Street_Sfx,Private_Dr_Fl,Toll_Road_Fl,Crash_Speed_Limit,Road_Constr_Zone_Fl,Road_Constr_Zone_Wrkr_Fl,Rpt_Street_Desc,At_Intrsct_Fl,Rpt_Sec_Rdwy_Sys_ID,Rpt_Sec_Hwy_Num,Rpt_Sec_Hwy_Sfx,Rpt_Sec_Road_Part_ID,Rpt_Sec_Block_Num,Rpt_Sec_Street_Pfx,Rpt_Sec_Street_Name,Rpt_Sec_Street_Sfx,Rpt_Ref_Mark_Offset_Amt,Rpt_Ref_Mark_Dist_Uom,Rpt_Ref_Mark_Dir,Rpt_Ref_Mark_Nbr,Rpt_Sec_Street_Desc,Rpt_CrossingNumber,Wthr_Cond_ID,Light_Cond_ID,Entr_Road_ID,Road_Type_ID,Road_Algn_ID,Surf_Cond_ID,Traffic_Cntl_ID,Investigat_Notify_Time,Investigat_Notify_Meth,Investigat_Arrv_Time,Report_Date,Investigat_Comp_Fl,Investigat_Agency_ID,Investigat_Area_ID,Investigat_District_ID,Investigat_Region_ID,Bridge_Detail_ID,Harm_Evnt_ID,Intrsct_Relat_ID,FHE_Collsn_ID,Obj_Struck_ID,Othr_Factr_ID,Road_Part_Adj_ID,Road_Cls_ID,Road_Relat_ID,Phys_Featr_1_ID,Phys_Featr_2_ID,Cnty_ID,City_ID,Latitude,Longitude,Hwy_Sys,Hwy_Nbr,Hwy_Sfx,Dfo,Street_Name,Street_Nbr,Control,Section,Milepoint,Ref_Mark_Nbr,Ref_Mark_Displ,Hwy_Sys_2,Hwy_Nbr_2,Hwy_Sfx_2,Street_Name_2,Street_Nbr_2,Control_2,Section_2,Milepoint_2,Txdot_Rptable_Fl,Onsys_Fl,Rural_Fl,Crash_Sev_ID,Pop_Group_ID,Located_Fl,Day_of_Week,Hwy_Dsgn_Lane_ID,Hwy_Dsgn_Hrt_ID,Hp_Shldr_Left,Hp_Shldr_Right,Hp_Median_Width,Base_Type_ID,Nbr_Of_Lane,Row_Width_Usual,Roadbed_Width,Surf_Width,Surf_Type_ID,Curb_Type_Left_ID,Curb_Type_Right_ID,Shldr_Type_Left_ID,Shldr_Width_Left,Shldr_Use_Left_ID,Shldr_Type_Right_ID,Shldr_Width_Right,Shldr_Use_Right_ID,Median_Type_ID,Median_Width,Rural_Urban_Type_ID,Func_Sys_ID,Adt_Curnt_Amt,Adt_Curnt_Year,Adt_Adj_Curnt_Amt,Pct_Single_Trk_Adt,Pct_Combo_Trk_Adt,Trk_Aadt_Pct,Curve_Type_ID,Curve_Lngth,Cd_Degr,Delta_Left_Right_ID,Dd_Degr,Feature_Crossed,Structure_Number,I_R_Min_Vert_Clear,Approach_Width,Bridge_Median_ID,Bridge_Loading_Type_ID,Bridge_Loading_In_1000_Lbs,Bridge_Srvc_Type_On_ID,Bridge_Srvc_Type_Under_ID,Culvert_Type_ID,Roadway_Width,Deck_Width,Bridge_Dir_Of_Traffic_ID,Bridge_Rte_Struct_Func_ID,Bridge_IR_Struct_Func_ID,CrossingNumber,RRCo,Poscrossing_ID,WDCode_ID,Standstop,Yield,Incap_Injry_Cnt.y,Nonincap_Injry_Cnt.y,Poss_Injry_Cnt.y,Non_Injry_Cnt.y,Unkn_Injry_Cnt.y,Tot_Injry_Cnt.y,Death_Cnt.y,MPO_ID,Unit_ID,Unit_Prsn_ID
14846671,AUS_14846671,30.18089481,-97.85150569,2,1,3,16,4,55,1,1,4,11,1,4,N,4,NA,NA,4,97,97,12/22/2015,6:41:00,0,0,0,0,0,0,1,Y,N,N,N,N,Y,N,12/22/2015,6:31 AM,227,22,N,Y,NA,NA,19,,,1,10100,,BRODIE,LN,N,N,40,N,N,,N,19,,,1,10100,,DOBBIN,DR,NA,,,,,,11,2,0,NA,1,1,1,7:30 AM,DISPATCH,7:50 AM,12/22/2015,Y,74,NA,NA,169,8,5,4,1,64,54,1,5,1,21,21,227,22,30.18089481,-97.85150569,,,,NA,BRODIE LN,10119,NA,NA,NA,,NA,,,,N/A,NA,NA,NA,NA,Y,N,N,4,9,Y,TUE,NA,NA,NA,NA,NA,NA,NA,NA,NA,NA,NA,NA,NA,NA,NA,NA,NA,NA,NA,NA,NA,NA,NA,NA,NA,NA,NA,NA,NA,NA,NA,NA,NA,NA,NA,NA,NA,NA,NA,NA,NA,NA,NA,NA,NA,NA,NA,NA,NA,,,NA,NA,NA,NA,0,0,0,1,0,0,1,90,NA,NA
14852740,AUS_14852740,30.23262325,-97.79092861,2,1,3,16,2,45,1,2,4,11,1,2,N,4,NA,NA,4,97,97,,,0,1,0,0,0,1,0,N,N,N,N,N,N,N,12/31/2015,4:30 PM,227,22,N,Y,NA,NA,19,,,1,4300,,VICTORY,DR,N,N,35,N,N,,N,2,290,,2,2200,,US 290,HWY,NA,,,,,,11,1,2,NA,1,1,20,5:04 PM,DISPATCH,5:10 PM,12/31/2015,Y,74,NA,NA,93,8,5,3,1,64,14,1,5,1,32,21,227,22,30.23262325,-97.79092861,,,,NA,VICTORY DR,4300,NA,NA,NA,,NA,,,,N/A,NA,NA,NA,NA,Y,N,N,2,9,Y,THU,NA,NA,NA,NA,NA,NA,NA,NA,NA,NA,NA,NA,NA,NA,NA,NA,NA,NA,NA,NA,NA,NA,NA,NA,NA,NA,NA,NA,NA,NA,NA,NA,NA,NA,NA,NA,NA,NA,NA,NA,NA,NA,NA,NA,NA,NA,NA,NA,NA,,,NA,NA,NA,NA,0,1,0,1,0,1,0,90,NA,NA
14861667,AUS_14861667,30.25584921,-97.74736164,2,1,3,16,1,31,1,1,4,11,1,4,N,4,NA,NA,4,97,97,,,1,0,0,0,0,1,0,N,N,N,N,N,N,Y,12/31/2015,12:31 PM,227,22,N,Y,NA,NA,19,,,1,600,S,CONGRESS,AVE,N,N,35,N,N,,N,19,,,1,,E,E RIVERSIDE,DR,NA,,,,,,11,1,0,NA,2,1,11,12:31 PM,DISPATCH,12:31 PM,12/31/2015,Y,74,NA,NA,93,8,5,3,3,64,13,1,5,1,32,21,227,22,30.25584921,-97.74736164,,,,NA,S CONGRESS AVE,600,NA,NA,NA,,NA,,,,N/A,NA,NA,NA,NA,Y,N,N,1,9,Y,THU,NA,NA,NA,NA,NA,NA,NA,NA,NA,NA,NA,NA,NA,NA,NA,NA,NA,NA,NA,NA,NA,NA,NA,NA,NA,NA,NA,NA,NA,NA,NA,NA,NA,NA,NA,NA,NA,NA,NA,NA,NA,NA,NA,NA,NA,NA,NA,NA,NA,,,NA,NA,NA,NA,1,0,0,1,0,1,0,90,NA,NA
14894720,AUS_14894720,30.26406477,-97.74711246,2,1,3,16,3,41,1,1,4,11,1,2,N,4,NA,NA,4,97,97,,,0,0,1,0,0,1,0,N,N,N,N,N,N,N,12/8/2015,10:01 AM,227,22,N,Y,NA,NA,19,,,1,100,,LAVACA,ST,N,N,30,N,N,,Y,19,,,1,200,,CESAR CHAVEZ,,NA,,,,,,11,3,4,NA,1,1,5,10:01 AM,DISPATCH,10:05 AM,12/8/2015,Y,74,NA,NA,67,8,5,2,2,64,54,1,5,1,21,21,227,22,30.26406477,-97.74711246,,,,NA,LAVACA ST,NA,NA,NA,NA,,NA,,,,W CESAR CHAVEZ ST,NA,NA,NA,NA,Y,N,N,3,9,Y,TUE,NA,NA,NA,NA,NA,NA,NA,NA,NA,NA,NA,NA,NA,NA,NA,NA,NA,NA,NA,NA,NA,NA,NA,NA,NA,NA,NA,NA,NA,NA,NA,NA,NA,NA,NA,NA,NA,NA,NA,NA,NA,NA,NA,NA,NA,NA,NA,NA,NA,,,NA,NA,NA,NA,0,0,1,0,1,1,0,90,NA,NA
14896347,AUS_14896347,30.41266975,-97.73185246,2,1,3,16,2,29,1,1,4,11,1,2,N,4,NA,NA,4,97,97,,,0,1,0,0,0,1,0,N,N,N,N,N,N,N,11/4/2015,12:55 PM,227,22,N,N,NA,NA,19,,,1,4400,,DUVAL,RD,N,N,35,N,N,,Y,19,,,1,11700,,SANTA CLARA,DR,NA,,,,,,12,1,2,NA,1,1,20,12:55 PM,DISPATCH,1:02 PM,11/4/2015,Y,74,NA,NA,46,8,5,1,3,64,54,1,5,1,21,21,227,22,30.41266975,-97.73185246,,,,NA,DUVAL RD,4400,NA,NA,NA,,NA,,,,UNKNOWN,NA,NA,NA,NA,Y,N,N,2,9,Y,WED,NA,NA,NA,NA,NA,NA,NA,NA,NA,NA,NA,NA,NA,NA,NA,NA,NA,NA,NA,NA,NA,NA,NA,NA,NA,NA,NA,NA,NA,NA,NA,NA,NA,NA,NA,NA,NA,NA,NA,NA,NA,NA,NA,NA,NA,NA,NA,NA,NA,,,NA,NA,NA,NA,0,1,0,1,0,1,0,90,NA,NA
13649751,AUS_13649751,30.36212447,-97.74038627,2,1,3,16,2,31,1,1,4,11,1,4,N,4,NA,NA,4,97,97,,,0,1,0,0,0,1,0,N,N,N,N,N,N,N,1/9/2014,4:16 PM,227,22,N,N,NA,NA,19,,,1,7939,,SHOAL CREEK BLVD,BLVD,N,N,30,N,N,,N,19,,,NA,7900,,GREAT NORTHERN BLVD,BLVD,NA,,,,,,12,1,2,NA,1,1,20,4:16 PM,DISPATCH,4:20 PM,1/9/2014,Y,74,NA,46,64,8,5,2,1,64,54,1,5,1,21,21,227,22,30.36212447,-97.74038627,,,,NA,SHOAL CREEK BLVD,7933,NA,NA,NA,NA,NA,,,,GREAT NORTHERN BLVD,NA,NA,NA,NA,Y,N,N,2,9,Y,THU,NA,NA,NA,NA,NA,NA,NA,NA,NA,NA,NA,NA,NA,NA,NA,NA,NA,NA,NA,NA,NA,NA,NA,NA,NA,NA,NA,NA,NA,NA,NA,NA,NA,NA,NA,NA,NA,NA,NA,NA,NA,NA,NA,NA,NA,NA,NA,NA,NA,,,NA,NA,NA,NA,0,1,0,1,0,1,0,90,136497512,1364975121
13652593,AUS_13652593,30.31351,-97.6824,2,1,3,16,2,50,2,1,4,11,1,97,N,4,NA,NA,4,97,97,,,0,1,0,0,0,1,0,N,N,N,N,Y,N,N,1/4/2014,11:29 AM,227,22,N,N,NA,NA,19,,,1,6300,,NORTH HAMPTON DR,DR,N,N,30,N,N,,Y,19,,,1,,,BRISTOL,DR,NA,,,,,,11,1,2,NA,4,1,8,11:30 AM,DISPATCH,11:35 AM,1/4/2014,Y,74,NA,121,95,8,5,1,1,64,54,1,5,1,21,21,227,22,30.31351,-97.6824,,,,NA,N HAMPTON DR,6309,NA,NA,NA,NA,NA,,,,BRISTOL DR,NA,NA,NA,NA,Y,N,N,2,9,Y,SAT,NA,NA,NA,NA,NA,NA,NA,NA,NA,NA,NA,NA,NA,NA,NA,NA,NA,NA,NA,NA,NA,NA,NA,NA,NA,NA,NA,NA,NA,NA,NA,NA,NA,NA,NA,NA,NA,NA,NA,NA,NA,NA,NA,NA,NA,NA,NA,NA,NA,,,NA,NA,NA,NA,0,1,0,1,0,1,0,90,136525932,1365259321
13654666,AUS_13654666,30.30632,-97.69735,2,1,3,16,3,63,1,1,4,11,1,2,N,4,NA,NA,4,97,97,,,0,0,1,0,0,1,0,N,N,N,N,N,N,N,1/3/2014,1:58 PM,227,22,N,N,NA,NA,19,,,1,5300,,BERKMAN,DR,N,N,-1,N,N,,Y,19,,,1,,,BROADMOOR,,NA,,,,,,11,1,0,NA,3,1,15,1:58 PM,DISPATCH,2:04 PM,1/3/2014,Y,74,NA,121,95,8,5,1,3,64,21,1,5,1,21,21,227,22,30.30632,-97.69735,,,,NA,BERKMAN DR,5299,NA,NA,NA,NA,NA,,,,BROADMOOR DR,NA,NA,NA,NA,Y,N,N,3,9,Y,FRI,NA,NA,NA,NA,NA,NA,NA,NA,NA,NA,NA,NA,NA,NA,NA,NA,NA,NA,NA,NA,NA,NA,NA,NA,NA,NA,NA,NA,NA,NA,NA,NA,NA,NA,NA,NA,NA,NA,NA,NA,NA,NA,NA,NA,NA,NA,NA,NA,NA,,,NA,NA,NA,NA,0,0,1,1,0,1,0,90,136546662,1365466621
13654760,AUS_13654760,30.36969741,-97.78802217,2,1,3,16,2,27,4,1,4,11,1,2,N,4,NA,NA,4,97,97,,,0,1,0,0,0,1,0,N,N,N,N,N,N,N,1/7/2014,12:24 PM,227,22,N,N,NA,NA,11,360,I,1,7500,,NOT REPORTED,HWY,N,N,55,N,N,CAPITAL OF TEXAS,N,19,,,NA,,,WALLACE,DR,NA,,,,,,11,1,0,2,2,1,1,12:24 PM,DISPATCH,12:30 PM,1/7/2014,Y,74,NA,46,64,8,5,3,2,64,14,1,2,1,32,21,227,22,30.36969741,-97.78802217,SL,360,,3.088,SL0360,6910,113,13,14.267,436,-0.81,,,,N/A,NA,NA,NA,NA,Y,Y,N,2,9,Y,TUE,3,0,4,10,56,2,4,291,76,48,4,0,0,2,8,5,2,20,5,3,48,4,14,45000,2012,45000,2.9,0.4,3.3,NA,NA,NA,NA,NA,NA,NA,NA,NA,NA,NA,NA,NA,NA,NA,NA,NA,NA,NA,NA,,,NA,NA,NA,NA,0,1,0,1,0,1,0,90,136547602,1365476021
13655524,AUS_13655524,30.26574748,-97.73465227,2,1,3,16,2,32,2,1,4,11,1,97,N,4,NA,NA,4,97,97,,,0,1,0,0,0,1,0,N,N,N,N,N,N,N,1/11/2014,2:25 AM,227,22,N,N,NA,NA,1,35,,2,,,NOT REPORTED,,N,N,-1,N,N,N. IH-35 SVRD S/B,Y,19,,,1,,E,6TH ST,ST,NA,,,,,,11,4,4,2,1,1,5,2:25 AM,DISPATCH,2:29 AM,1/11/2014,N,74,36,67,282,8,5,2,1,64,54,2,1,1,21,21,227,22,30.26574748,-97.73465227,IH,35,,233.856,IH0035,,15,13,17.721,235,-0.32,,,,E 6TH ST,NA,NA,NA,NA,Y,Y,N,2,9,Y,SAT,5,0,2,5,7,2,6,300,86,72,4,0,0,2,4,5,2,10,5,2,3,4,11,169360,2012,169360,2.6,7.1,9.7,NA,NA,NA,NA,NA,NA,NA,NA,NA,NA,NA,NA,NA,NA,NA,NA,NA,NA,NA,NA,,,NA,NA,NA,NA,0,1,0,0,1,1,0,90,136555242,1365552421
13655634,AUS_13655634,30.22965,-97.76026,2,1,3,16,2,23,1,2,4,11,1,4,N,4,NA,NA,4,97,97,,,0,1,0,0,0,1,0,N,N,N,N,N,N,N,1/1/2014,3:33 PM,227,22,N,Y,NA,NA,19,,,1,,NW,CONGRESS,AVE,N,N,-1,N,N,,Y,19,,,1,,,WOODWARD,,NA,,,,,,11,1,2,NA,1,1,5,3:33 PM,DISPATCH,3:34 PM,1/1/2014,Y,74,1043,93,112,8,5,2,2,64,3,1,5,1,21,21,227,22,30.22965,-97.76026,,,,NA,S CONGRESS AVE,3401,NA,NA,NA,NA,NA,,,,WOODWARD ST,NA,NA,NA,NA,Y,N,N,2,9,Y,WED,NA,NA,NA,NA,NA,NA,NA,NA,NA,NA,NA,NA,NA,NA,NA,NA,NA,NA,NA,NA,NA,NA,NA,NA,NA,NA,NA,NA,NA,NA,NA,NA,NA,NA,NA,NA,NA,NA,NA,NA,NA,NA,NA,NA,NA,NA,NA,NA,NA,,,NA,NA,NA,NA,0,1,0,1,0,1,0,90,136556342,1365563421
13660936,AUS_13660936,30.36119705,-97.76571555,2,1,3,16,2,15,1,1,4,11,1,4,N,4,NA,NA,4,97,97,,,0,1,0,0,0,1,0,N,N,N,N,N,N,N,1/6/2014,6:11 PM,227,22,N,N,NA,NA,19,,,1,,,CIRCLE TREE LOOP,LOOP,N,N,-1,N,N,,Y,19,,,1,,,MESA DR,DR,NA,,,,,,11,4,2,NA,1,1,20,6:12 PM,DISPATCH,6:17 PM,1/6/2014,Y,74,NA,46,64,8,5,1,1,64,3,1,5,1,21,21,227,22,30.36119705,-97.76571555,,,,NA,CIRCLETREE LOOP,4197,NA,NA,NA,NA,NA,,,,UNKNOWN,NA,NA,NA,NA,Y,N,N,2,9,Y,MON,NA,NA,NA,NA,NA,NA,NA,NA,NA,NA,NA,NA,NA,NA,NA,NA,NA,NA,NA,NA,NA,NA,NA,NA,NA,NA,NA,NA,NA,NA,NA,NA,NA,NA,NA,NA,NA,NA,NA,NA,NA,NA,NA,NA,NA,NA,NA,NA,NA,,,NA,NA,NA,NA,0,1,0,2,0,1,0,90,136609362,1366093621
13664023,AUS_13664023,30.42499593,-97.75745832,3,1,3,16,2,32,1,1,4,11,1,97,N,4,NA,NA,4,97,97,,,0,1,0,0,0,1,0,N,Y,N,N,N,N,N,1/16/2014,7:04 AM,227,22,N,N,NA,NA,19,,,1,11900,,JOLLIVILLE,RD,N,N,45,N,N,,N,19,,,NA,11800,,PAVILION,BLVD,NA,,,,,,11,3,0,NA,1,1,16,7:05 AM,DISPATCH,7:06 AM,1/16/2014,N,74,NA,46,64,8,5,3,3,64,13,1,5,1,32,21,227,22,30.42499593,-97.75745832,,,,NA,JOLLYVILLE RD,11918,NA,NA,NA,NA,NA,,,,N/A,NA,NA,NA,NA,Y,N,N,2,9,Y,THU,NA,NA,NA,NA,NA,NA,NA,NA,NA,NA,NA,NA,NA,NA,NA,NA,NA,NA,NA,NA,NA,NA,NA,NA,NA,NA,NA,NA,NA,NA,NA,NA,NA,NA,NA,NA,NA,NA,NA,NA,NA,NA,NA,NA,NA,NA,NA,NA,NA,,,NA,NA,NA,NA,0,1,0,1,0,1,0,90,136640233,1366402331
13664398,AUS_13664398,30.32464005,-97.72716527,2,1,3,16,2,NA,1,2,4,11,1,4,N,4,NA,NA,4,97,97,,,0,1,0,0,0,1,0,N,N,N,N,N,N,N,1/12/2014,8:50 AM,227,22,N,N,NA,NA,19,,,1,5500,N,LAMAR,BLVD,N,N,45,N,N,,N,19,,,NA,,W,KOENIG,LN,NA,,,,,,11,1,0,NA,8,1,20,8:50 AM,DISPATCH,8:50 AM,1/12/2014,Y,74,NA,121,95,8,5,4,1,64,54,1,2,1,21,21,227,22,30.32464005,-97.72716527,,,,NA,N LAMAR BLVD,5610,NA,NA,NA,NA,NA,,,,N/A,NA,NA,NA,NA,Y,N,N,2,9,Y,SUN,NA,NA,NA,NA,NA,NA,NA,NA,NA,NA,NA,NA,NA,NA,NA,NA,NA,NA,NA,NA,NA,NA,NA,NA,NA,NA,NA,NA,NA,NA,NA,NA,NA,NA,NA,NA,NA,NA,NA,NA,NA,NA,NA,NA,NA,NA,NA,NA,NA,,,NA,NA,NA,NA,0,1,0,3,0,1,0,90,136643982,1366439821
13668015,AUS_13668015,30.20292524,-97.80751524,2,1,3,16,2,30,3,1,4,11,1,5,N,4,NA,NA,4,97,97,,,0,1,0,0,0,1,0,N,N,N,N,N,N,N,1/8/2014,5:50 PM,227,22,N,N,NA,NA,19,,,1,2000,W,WILLIAM CANNON,DR,N,N,35,N,N,,N,19,,,NA,,,MANCHACA,RD,NA,,,,,,2,5,0,NA,1,2,1,5:43 PM,DISPATCH,6:00 PM,1/8/2014,Y,74,1042,99,130,8,5,3,2,64,13,1,5,1,32,21,227,22,30.20292524,-97.80751524,,,,NA,W WILLIAM CANNON DR,,NA,NA,NA,NA,NA,,,,N/A,NA,NA,NA,NA,Y,N,N,2,9,Y,WED,NA,NA,NA,NA,NA,NA,NA,NA,NA,NA,NA,NA,NA,NA,NA,NA,NA,NA,NA,NA,NA,NA,NA,NA,NA,NA,NA,NA,NA,NA,NA,NA,NA,NA,NA,NA,NA,NA,NA,NA,NA,NA,NA,NA,NA,NA,NA,NA,NA,,,NA,NA,NA,NA,0,1,0,1,0,1,0,90,136680152,1366801521
13670240,AUS_13670240,30.28521,-97.74493,2,1,3,16,2,23,1,2,4,11,1,97,N,4,NA,NA,4,97,97,,,0,1,0,0,0,1,0,N,N,N,N,N,N,N,1/15/2014,8:50 AM,227,22,N,N,NA,NA,19,,,1,,,RIO GRANDE,ST,N,N,30,N,N,,Y,19,,,1,,W,22ND,ST,NA,,,,,,11,1,4,NA,1,1,8,8:50 AM,DISPATCH,8:53 AM,1/15/2014,Y,74,1061,10,14,8,5,1,3,64,54,1,5,1,21,21,227,22,30.28521,-97.74493,,,,NA,RIO GRANDE ST,2201,NA,NA,NA,NA,NA,,,,W 22ND ST,NA,NA,NA,NA,Y,N,N,2,9,Y,WED,NA,NA,NA,NA,NA,NA,NA,NA,NA,NA,NA,NA,NA,NA,NA,NA,NA,NA,NA,NA,NA,NA,NA,NA,NA,NA,NA,NA,NA,NA,NA,NA,NA,NA,NA,NA,NA,NA,NA,NA,NA,NA,NA,NA,NA,NA,NA,NA,NA,,,NA,NA,NA,NA,0,1,0,1,0,1,0,90,136702402,1367024021
13670295,AUS_13670295,30.33038948,-97.71563036,2,1,3,16,2,57,3,1,4,11,1,4,N,4,NA,NA,4,97,97,,,0,1,0,0,0,1,0,N,N,N,N,N,N,N,1/17/2014,5:35 PM,227,22,N,N,NA,NA,19,,,1,,,AIRPORT BLVD,BLVD,N,N,40,N,N,,Y,19,,,1,,W,W HUNTLAND DR,DR,NA,,,,,,11,1,0,NA,1,1,8,5:35 PM,DISPATCH,5:39 PM,1/17/2014,Y,74,NA,121,95,8,5,2,1,64,54,1,5,1,21,21,227,22,30.33038948,-97.71563036,,,,NA,AIRPORT BLVD,6601,NA,NA,NA,NA,NA,,,,UNKNOWN,NA,NA,NA,NA,Y,N,N,2,9,Y,FRI,NA,NA,NA,NA,NA,NA,NA,NA,NA,NA,NA,NA,NA,NA,NA,NA,NA,NA,NA,NA,NA,NA,NA,NA,NA,NA,NA,NA,NA,NA,NA,NA,NA,NA,NA,NA,NA,NA,NA,NA,NA,NA,NA,NA,NA,NA,NA,NA,NA,,,NA,NA,NA,NA,0,1,0,1,0,1,0,90,136702952,1367029521
13673373,AUS_13673373,30.28687003,-97.74163632,2,1,3,16,2,29,1,2,4,11,1,5,N,4,NA,NA,4,97,97,,,0,1,0,0,0,1,0,N,N,N,N,N,N,N,1/21/2014,5:45 PM,227,22,N,N,NA,NA,19,,,1,2300,,GUADALUPE ST,ST,N,N,-1,N,N,,N,19,,,NA,,W,24TH ST,ST,NA,,,,,,11,1,0,NA,1,1,16,5:46 PM,DISPATCH,5:58 PM,1/21/2014,Y,74,1061,10,14,8,5,4,1,64,54,1,5,2,21,21,227,22,30.28687003,-97.74163632,,,,NA,GUADALUPE ST,2335,NA,NA,NA,NA,NA,,,,N/A,NA,NA,NA,NA,Y,N,N,2,9,Y,TUE,NA,NA,NA,NA,NA,NA,NA,NA,NA,NA,NA,NA,NA,NA,NA,NA,NA,NA,NA,NA,NA,NA,NA,NA,NA,NA,NA,NA,NA,NA,NA,NA,NA,NA,NA,NA,NA,NA,NA,NA,NA,NA,NA,NA,NA,NA,NA,NA,NA,,,NA,NA,NA,NA,0,1,0,1,0,1,0,90,136733732,1367337321
13681443,AUS_13681443,30.20326662,-97.77535343,2,1,3,16,5,44,2,1,4,11,1,97,N,4,NA,NA,4,97,97,,,0,0,0,1,0,0,0,N,N,N,N,N,N,N,1/31/2014,10:23 PM,227,22,N,Y,NA,NA,19,,,1,5800,S,CONGRESS,AVE,N,N,40,N,N,ROADWAY,N,19,,,NA,100,,AINESWORTH,ST,NA,,,,,,11,4,0,NA,1,1,11,10:23 PM,DISPATCH,10:25 PM,1/31/2014,N,74,1042,99,130,8,5,2,1,64,54,1,5,1,21,21,227,22,30.20326662,-97.77535343,,,,NA,S CONGRESS AVE,5714,NA,NA,NA,NA,NA,,,,AINSWORTH ST,NA,NA,NA,NA,Y,N,N,5,9,Y,FRI,NA,NA,NA,NA,NA,NA,NA,NA,NA,NA,NA,NA,NA,NA,NA,NA,NA,NA,NA,NA,NA,NA,NA,NA,NA,NA,NA,NA,NA,NA,NA,NA,NA,NA,NA,NA,NA,NA,NA,NA,NA,NA,NA,NA,NA,NA,NA,NA,NA,,,NA,NA,NA,NA,0,0,0,4,0,0,0,90,136814432,1368144321
13685551,AUS_13685551,30.3476,-97.75094,2,1,3,16,2,57,1,1,4,11,1,5,N,4,NA,NA,4,97,97,,,0,1,0,0,0,1,0,N,N,N,N,N,N,N,1/25/2014,1:09 PM,227,22,N,N,NA,NA,19,,,1,,,NORTH HILLS,DR,N,N,-1,N,N,,Y,19,,,1,,,BALCONES,DR,NA,,,,,,11,1,2,NA,5,1,9,1:09 PM,DISPATCH,1:30 PM,1/25/2014,Y,74,1061,10,14,8,5,2,1,64,3,1,5,1,21,21,227,22,30.3476,-97.75094,,,,NA,N HILLS DR,,NA,NA,NA,NA,NA,,,,BALCONES DR,NA,NA,NA,NA,Y,N,N,2,9,Y,SAT,NA,NA,NA,NA,NA,NA,NA,NA,NA,NA,NA,NA,NA,NA,NA,NA,NA,NA,NA,NA,NA,NA,NA,NA,NA,NA,NA,NA,NA,NA,NA,NA,NA,NA,NA,NA,NA,NA,NA,NA,NA,NA,NA,NA,NA,NA,NA,NA,NA,,,NA,NA,NA,NA,0,1,0,1,0,1,0,90,136855512,1368555121
13690311,AUS_13690311,30.28628,-97.70638,2,1,3,16,2,NA,1,1,4,11,1,5,N,4,NA,NA,4,97,97,,,0,1,0,0,0,1,0,N,N,N,N,N,N,N,2/2/2014,12:52 AM,227,22,N,Y,NA,NA,19,,,1,2900,,MANOR,RD,N,N,-1,N,N,,Y,19,,,1,2200,,AIRPORT,BLVD,NA,,,,,,2,4,4,NA,1,2,5,12:52 AM,DISPATCH,12:57 AM,2/2/2014,Y,74,NA,34,48,8,5,1,1,64,54,1,5,1,21,21,227,22,30.28628,-97.70638,,,,NA,MANOR RD,3101,NA,NA,NA,NA,NA,,,,AIRPORT BLVD,NA,NA,NA,NA,Y,N,N,2,9,Y,SUN,NA,NA,NA,NA,NA,NA,NA,NA,NA,NA,NA,NA,NA,NA,NA,NA,NA,NA,NA,NA,NA,NA,NA,NA,NA,NA,NA,NA,NA,NA,NA,NA,NA,NA,NA,NA,NA,NA,NA,NA,NA,NA,NA,NA,NA,NA,NA,NA,NA,,,NA,NA,NA,NA,0,2,0,2,0,2,0,90,136903112,1369031121