CrashID,CrashID1,Latitude,Longitude,Unit_Nbr,Prsn_Nbr,Prsn_Type_ID,Prsn_Occpnt_Pos_ID,Prsn_Injry_Sev_ID,Prsn_Age,Prsn_Ethnicity_ID,Prsn_Gndr_ID,Prsn_Ejct_ID,Prsn_Rest_ID,Prsn_Airbag_ID,Prsn_Helmet_ID,Prsn_Sol_Fl,Prsn_Alc_Spec_Type_ID,Prsn_Alc_Rslt_ID,Prsn_Bac_Test_Rslt,Prsn_Drg_Spec_Type_ID,Prsn_Drg_Rslt_ID,Drvr_Drg_Cat_1_ID,Prsn_Death_Date,Prsn_Death_Time,Incap_Injry_Cnt.x,Nonincap_Injry_Cnt.x,Poss_Injry_Cnt.x,Non_Injry_Cnt.x,Unkn_Injry_Cnt.x,Tot_Injry_Cnt.x,Death_Cnt.x,Crash_Fatal_Fl,Cmv_Involv_Fl,Schl_Bus_Fl,Rr_Relat_Fl,Medical_Advisory_Fl,Amend_Supp_Fl,Active_School_Zone_Fl,Crash_Date,Crash_Time,Rpt_CRIS_Cnty_ID,Rpt_City_ID,Rpt_Outside_City_Limit_Fl,Thousand_Damage_Fl,Rpt_Latitude,Rpt_Longitude,Rpt_Rdwy_Sys_ID,Rpt_Hwy_Num,Rpt_Hwy_Sfx,Rpt_Road_Part_ID,Rpt_Block_Num,Rpt_Street_Pfx,Rpt_Street_Name,Rpt_Street_Sfx,Private_Dr_Fl,Toll_Road_Fl,Crash_Speed_Limit,Road_Constr_Zone_Fl,Road_Constr_Zone_Wrkr_Fl,Rpt_Street_Desc,At_Intrsct_Fl,Rpt_Sec_Rdwy_Sys_ID,Rpt_Sec_Hwy_Num,Rpt_Sec_Hwy_Sfx,Rpt_Sec_Road_Part_ID,Rpt_Sec_Block_Num,Rpt_Sec_Street_Pfx,Rpt_Sec_Street_Name,Rpt_Sec_Street_Sfx,Rpt_Ref_Mark_Offset_Amt,Rpt_Ref_Mark_Dist_Uom,Rpt_Ref_Mark_Dir,Rpt_Ref_Mark_Nbr,Rpt_Sec_Street_Desc,Rpt_CrossingNumber,Wthr_Cond_ID,Light_Cond_ID,Entr_Road_ID,Road_Type_ID,Road_Algn_ID,Surf_Cond_ID,Traffic_Cntl_ID,Investigat_Notify_Time,Investigat_Notify_Meth,Investigat_Arrv_Time,Report_Date,Investigat_Comp_Fl,Investigat_Agency_ID,Investigat_Area_ID,Investigat_District_ID,Investigat_Region_ID,Bridge_Detail_ID,Harm_Evnt_ID,Intrsct_Relat_ID,FHE_Collsn_ID,Obj_Struck_ID,Othr_Factr_ID,Road_Part_Adj_ID,Road_Cls_ID,Road_Relat_ID,Phys_Featr_1_ID,Phys_Featr_2_ID,Cnty_ID,City_ID,Latitude,Longitude,Hwy_Sys,Hwy_Nbr,Hwy_Sfx,Dfo,Street_Name,Street_Nbr,Control,Section,Milepoint,Ref_Mark_Nbr,Ref_Mark_Displ,Hwy_Sys_2,Hwy_Nbr_2,Hwy_Sfx_2,Street_Name_2,Street_Nbr_2,Control_2,Section_2,Milepoint_2,Txdot_Rptable_Fl,Onsys_Fl,Rural_Fl,Crash_Sev_ID,Pop_Group_ID,Located_Fl,Day_of_Week,Hwy_Dsgn_Lane_ID,Hwy_Dsgn_Hrt_ID,Hp_Shldr_Left,Hp_Shldr_Right,Hp_Median_Width,Base_Type_ID,Nbr_Of_Lane,Row_Width_Usual,Roadbed_Width,Surf_Width,Surf_Type_ID,Curb_Type_Left_ID,Curb_Type_Right_ID,Shldr_Type_Left_ID,Shldr_Width_Left,Shldr_Use_Left_ID,Shldr_Type_Right_ID,Shldr_Width_Right,Shldr_Use_Right_ID,Median_Type_ID,Median_Width,Rural_Urban_Type_ID,Func_Sys_ID,Adt_Curnt_Amt,Adt_Curnt_Year,Adt_Adj_Curnt_Amt,Pct_Single_Trk_Adt,Pct_Combo_Trk_Adt,Trk_Aadt_Pct,Curve_Type_ID,Curve_Lngth,Cd_Degr,Delta_Left_Right_ID,Dd_Degr,Feature_Crossed,Structure_Number,I_R_Min_Vert_Clear,Approach_Width,Bridge_Median_ID,Bridge_Loading_Type_ID,Bridge_Loading_In_1000_Lbs,Bridge_Srvc_Type_On_ID,Bridge_Srvc_Type_Under_ID,Culvert_Type_ID,Roadway_Width,Deck_Width,Bridge_Dir_Of_Traffic_ID,Bridge_Rte_Struct_Func_ID,Bridge_IR_Struct_Func_ID,CrossingNumber,RRCo,Poscrossing_ID,WDCode_ID,Standstop,Yield,Incap_Injry_Cnt.y,Nonincap_Injry_Cnt.y,Poss_Injry_Cnt.y,Non_Injry_Cnt.y,Unkn_Injry_Cnt.y,Tot_Injry_Cnt.y,Death_Cnt.y,MPO_ID,Unit_ID,Unit_Prsn_ID
13768372,AUS_13768372,30.25112,-97.74913,2,1,3,16,2,33,1,1,4,11,1,97,N,4,NA,NA,4,97,97,,,0,1,0,0,0,1,0,N,N,N,N,N,N,N,4/2/2014,12:23 AM,227,22,N,Y,NA,NA,19,,,1,1300,S,CONGRESS,AVE,N,N,30,N,N,,N,19,,,NA,,,THE CIRCLE,DR,NA,,,,,,11,4,0,NA,2,1,5,12:12 AM,DISPATCH,12:13 AM,4/2/2014,N,74,1043,93,112,8,5,3,1,64,14,1,5,1,32,21,227,22,30.25112,-97.74913,,,,NA,S CONGRESS AVE,1300,NA,NA,NA,NA,NA,,,,N/A,NA,NA,NA,NA,Y,N,N,2,9,Y,WED,NA,NA,NA,NA,NA,NA,NA,NA,NA,NA,NA,NA,NA,NA,NA,NA,NA,NA,NA,NA,NA,NA,NA,NA,NA,NA,NA,NA,NA,NA,NA,NA,NA,NA,NA,NA,NA,NA,NA,NA,NA,NA,NA,NA,NA,NA,NA,NA,NA,,,NA,NA,NA,NA,0,1,0,1,0,1,0,90,137683722,1376837221
13769426,AUS_13769426,30.3627135,-97.79027458,2,1,3,16,1,55,1,1,4,11,1,3,N,4,NA,NA,4,97,97,,,1,0,0,0,0,1,0,N,N,N,N,N,N,N,4/2/2014,10:25 AM,227,22,N,Y,NA,NA,3,360,I,3,6100,N,CAPITAL OF TEXAS,HWY,N,N,65,N,N,,N,19,,,NA,,,FM 2222,,NA,,,,,,12,1,0,2,2,1,20,10:28 AM,DISPATCH,10:40 AM,4/2/2014,Y,74,NA,46,64,8,5,2,1,64,54,3,2,1,21,21,227,22,30.3627135,-97.79027458,SL,360,,3.6,SL0360,,113,13,14.764,436,-0.298,,,,FM 2222,NA,NA,NA,NA,Y,Y,N,1,9,Y,WED,4,0,4,10,56,2,4,291,76,48,4,0,0,2,8,5,2,20,5,3,48,4,14,45000,2012,45000,2.9,0.4,3.3,1,460,1,2,24,NA,NA,NA,NA,NA,NA,NA,NA,NA,NA,NA,NA,NA,NA,NA,,,NA,NA,NA,NA,1,0,0,1,0,1,0,90,137694262,1376942621
13769681,AUS_13769681,30.25931994,-97.75616,2,1,3,16,2,28,1,1,4,11,1,97,N,4,NA,NA,4,97,97,,,0,1,0,0,0,1,0,N,N,N,N,N,N,N,3/21/2014,5:56 PM,227,22,N,N,NA,NA,19,,,1,,,DAWSON RD,RD,N,N,30,N,N,,Y,19,,,1,,,DANIEL DR,DR,NA,,,,,,11,1,2,NA,3,1,20,5:56 PM,DISPATCH,5:59 PM,3/21/2014,Y,74,1043,93,112,8,5,1,3,64,54,1,5,1,21,21,227,22,30.25931994,-97.75616,,,,NA,DAWSON RD,599,NA,NA,NA,NA,NA,,,,UNKNOWN,NA,NA,NA,NA,Y,N,N,2,9,Y,FRI,NA,NA,NA,NA,NA,NA,NA,NA,NA,NA,NA,NA,NA,NA,NA,NA,NA,NA,NA,NA,NA,NA,NA,NA,NA,NA,NA,NA,NA,NA,NA,NA,NA,NA,NA,NA,NA,NA,NA,NA,NA,NA,NA,NA,NA,NA,NA,NA,NA,,,NA,NA,NA,NA,0,1,0,1,0,1,0,90,137696812,1376968121
13770935,AUS_13770935,30.23877,-97.71958,2,1,3,16,3,33,1,1,4,11,1,4,N,4,NA,NA,4,97,97,,,0,0,1,0,0,1,0,N,N,N,N,N,N,N,3/24/2014,7:33 AM,227,22,N,N,NA,NA,19,,,1,,,S PLEASANT VALLEY RD,RD,N,N,-1,N,N,,Y,19,,,1,,,ELMONT DR,DR,NA,,,,,,12,1,4,NA,1,1,5,7:33 AM,DISPATCH,7:33 AM,3/24/2014,Y,74,1045,98,129,8,5,1,3,64,54,1,5,1,21,21,227,22,30.23877,-97.71958,,,,NA,S PLEASANT VALLEY RD,1405,NA,NA,NA,NA,NA,,,,ELMONT DR,NA,NA,NA,NA,Y,N,N,3,9,Y,MON,NA,NA,NA,NA,NA,NA,NA,NA,NA,NA,NA,NA,NA,NA,NA,NA,NA,NA,NA,NA,NA,NA,NA,NA,NA,NA,NA,NA,NA,NA,NA,NA,NA,NA,NA,NA,NA,NA,NA,NA,NA,NA,NA,NA,NA,NA,NA,NA,NA,,,NA,NA,NA,NA,0,0,1,1,0,1,0,90,137709352,1377093521
13779230,AUS_13779230,30.32327,-97.73398,2,1,3,16,2,24,1,2,4,11,1,4,N,4,NA,NA,4,97,97,,,0,1,0,0,0,1,0,N,N,N,N,N,N,N,3/27/2014,9:55 AM,227,22,N,N,NA,NA,19,,,1,,,W NORTH LOOP BLVD,BLVD,N,N,30,N,N,,Y,19,,,1,,,GROVER AVE,AVE,NA,,,,,,2,1,4,NA,1,2,8,9:55 AM,DISPATCH,10:01 AM,3/27/2014,Y,74,1061,10,14,8,5,2,3,64,54,1,5,1,21,21,227,22,30.32327,-97.73398,,,,NA,W NORTH LOOP BLVD,1200,NA,NA,NA,NA,NA,,,,GROVER AVE,NA,NA,NA,NA,Y,N,N,2,9,Y,THU,NA,NA,NA,NA,NA,NA,NA,NA,NA,NA,NA,NA,NA,NA,NA,NA,NA,NA,NA,NA,NA,NA,NA,NA,NA,NA,NA,NA,NA,NA,NA,NA,NA,NA,NA,NA,NA,NA,NA,NA,NA,NA,NA,NA,NA,NA,NA,NA,NA,,,NA,NA,NA,NA,0,1,0,1,0,1,0,90,137792302,1377923021
13782924,AUS_13782924,30.2075689,-97.87755085,2,1,3,16,2,12,4,1,4,11,1,97,N,4,NA,NA,4,97,97,,,0,1,0,0,0,1,0,N,N,N,N,N,N,N,4/2/2014,7:35 AM,227,22,N,N,NA,NA,19,,,1,9000,,ESCARPMENT,BLVD,N,N,40,N,N,,N,19,,,NA,,,HILLSIDE TERRACE,,NA,,,,,,11,1,2,NA,1,1,5,7:58 AM,DISPATCH,7:58 AM,4/2/2014,N,74,1043,93,112,8,5,2,3,64,54,1,5,1,21,21,227,22,30.2075689,-97.87755085,,,,NA,ESCARPMENT BLVD,9095,NA,NA,NA,NA,NA,,,,HILLSIDE TERRACE DR,NA,NA,NA,NA,Y,N,N,2,9,Y,WED,NA,NA,NA,NA,NA,NA,NA,NA,NA,NA,NA,NA,NA,NA,NA,NA,NA,NA,NA,NA,NA,NA,NA,NA,NA,NA,NA,NA,NA,NA,NA,NA,NA,NA,NA,NA,NA,NA,NA,NA,NA,NA,NA,NA,NA,NA,NA,NA,NA,,,NA,NA,NA,NA,0,1,0,1,0,1,0,90,137829242,1378292421
13786299,AUS_13786299,30.35253647,-97.72321361,2,1,3,16,2,24,1,1,4,11,1,3,N,4,NA,NA,4,97,97,,,0,1,0,0,0,1,0,N,N,N,N,N,N,N,4/1/2014,10:06 PM,227,22,N,N,NA,NA,19,,,1,,,W ANDERSON LN,LN,N,N,35,N,N,,Y,19,,,1,,,WOODROW AVE,AVE,NA,,,,,,11,4,4,NA,1,1,21,10:06 PM,DISPATCH,10:07 PM,4/1/2014,Y,74,NA,121,95,8,5,2,3,64,54,1,5,1,21,21,227,22,30.35253647,-97.72321361,,,,NA,WOOTEN PARK DR,1701,NA,NA,NA,NA,NA,,,,UNKNOWN,NA,NA,NA,NA,Y,N,N,2,9,Y,TUE,NA,NA,NA,NA,NA,NA,NA,NA,NA,NA,NA,NA,NA,NA,NA,NA,NA,NA,NA,NA,NA,NA,NA,NA,NA,NA,NA,NA,NA,NA,NA,NA,NA,NA,NA,NA,NA,NA,NA,NA,NA,NA,NA,NA,NA,NA,NA,NA,NA,,,NA,NA,NA,NA,0,2,0,1,0,2,0,90,137862992,1378629921
13790332,AUS_13790332,30.32593416,-97.72634559,2,1,3,16,2,57,1,1,4,11,1,4,N,4,NA,NA,4,97,97,,,0,1,0,0,0,1,0,N,N,N,N,N,N,N,4/15/2014,10:36 PM,227,22,N,N,NA,NA,19,,,1,,N,LAMAR,BLVD,N,N,-1,N,N,,Y,19,,,1,,W,KOENIG,LN,NA,,,,,,11,4,4,3,2,1,5,10:36 PM,DISPATCH,10:38 PM,4/15/2014,N,74,NA,121,95,8,5,2,1,64,54,1,3,1,21,21,227,22,30.32593416,-97.72634559,RM,2222,,10.772,RM2222,,2100,1,10.89,536,0.849,,,,N LAMAR BLVD,NA,NA,NA,NA,Y,Y,N,2,9,Y,TUE,2,0,0,0,0,2,4,70,44,44,4,2,2,1,0,0,1,0,0,0,0,4,14,28000,2012,28000,0.9,0.3,1.2,1,120,0,NA,0,NA,NA,NA,NA,NA,NA,NA,NA,NA,NA,NA,NA,NA,NA,NA,,,NA,NA,NA,NA,0,1,0,1,0,1,0,90,137903322,1379033221
13792743,AUS_13792743,30.36229381,-97.7403157,2,1,3,16,2,49,5,1,4,11,1,1,N,4,NA,NA,4,97,97,,,0,1,0,0,0,1,0,N,N,N,N,N,N,N,4/4/2014,4:33 PM,227,22,N,Y,NA,NA,19,,,1,7900,,SHOAL CREEK BLVD,BLVD,N,N,-1,N,N,,N,19,,,NA,,,ANDERSON LN,LN,NA,,,,,,11,1,98,NA,1,1,16,4:38 PM,DISPATCH,4:42 PM,4/4/2014,Y,74,NA,46,64,8,5,3,3,64,13,1,5,2,32,21,227,22,30.36229381,-97.7403157,,,,NA,SHOAL CREEK BLVD,7945,NA,NA,NA,NA,NA,,,,N/A,NA,NA,NA,NA,Y,N,N,2,9,Y,FRI,NA,NA,NA,NA,NA,NA,NA,NA,NA,NA,NA,NA,NA,NA,NA,NA,NA,NA,NA,NA,NA,NA,NA,NA,NA,NA,NA,NA,NA,NA,NA,NA,NA,NA,NA,NA,NA,NA,NA,NA,NA,NA,NA,NA,NA,NA,NA,NA,NA,,,NA,NA,NA,NA,0,1,0,1,0,1,0,90,137927432,1379274321
13794326,AUS_13794326,30.38349,-97.72409999,2,1,3,16,3,29,1,2,4,11,1,4,N,4,NA,NA,4,97,97,,,0,0,1,0,0,1,0,N,N,N,N,N,N,N,4/3/2014,4:33 PM,227,22,N,N,NA,NA,19,,,1,,,BURNET RD,RD,N,N,40,N,N,,Y,19,,,1,,,RUTLAND DR,DR,NA,,,,,,11,1,4,NA,1,1,5,4:35 PM,DISPATCH,4:38 PM,4/3/2014,Y,74,NA,46,64,8,5,2,1,64,54,1,5,1,21,21,227,22,30.38349,-97.72409999,,,,NA,BURNET RD,9899,NA,NA,NA,NA,NA,,,,RUTLAND DR,NA,NA,NA,NA,Y,N,N,3,9,Y,THU,NA,NA,NA,NA,NA,NA,NA,NA,NA,NA,NA,NA,NA,NA,NA,NA,NA,NA,NA,NA,NA,NA,NA,NA,NA,NA,NA,NA,NA,NA,NA,NA,NA,NA,NA,NA,NA,NA,NA,NA,NA,NA,NA,NA,NA,NA,NA,NA,NA,,,NA,NA,NA,NA,0,0,1,1,0,1,0,90,137943262,1379432621
13796774,AUS_13796774,30.18593511,-97.81631805,2,1,3,16,2,56,1,2,4,11,1,97,N,4,NA,NA,4,97,97,,,0,1,0,0,0,1,0,N,N,N,N,N,N,N,1/16/2014,11:41 AM,227,22,N,N,NA,NA,19,,,1,,,MANCHACA,RD,N,N,45,N,N,,Y,19,,,1,,,DAVIS,LN,NA,,,,,,11,1,4,3,1,1,5,10:08 AM,ON SIGHT,10:15 AM,1/16/2014,N,74,1042,99,130,8,5,1,1,64,54,1,3,1,21,21,227,22,30.18593511,-97.81631805,FM,2304,,1.106,FM2304,8599,2689,1,4.119,446,-0.868,,,,DAVIS LN,NA,NA,NA,NA,Y,Y,N,2,9,Y,THU,2,0,6,10,0,2,4,100,72,48,4,2,2,2,6,5,2,10,5,0,0,4,14,30000,2012,30000,1.8,0.2,2,NA,NA,NA,NA,NA,NA,NA,NA,NA,NA,NA,NA,NA,NA,NA,NA,NA,NA,NA,NA,,,NA,NA,NA,NA,0,1,0,1,0,1,0,90,137967742,1379677421
13797541,AUS_13797541,30.20896,-97.88403,2,1,3,16,2,NA,2,1,4,11,1,3,N,4,NA,NA,4,97,97,,,0,1,0,0,0,1,0,N,N,N,N,N,N,N,4/6/2014,7:41 AM,227,22,N,N,NA,NA,19,,,1,6500,,TAYLOR CREST,DR,N,N,25,N,N,,Y,19,,,1,,,HILLSIDE TERRACE,DR,NA,,,,,,11,1,4,NA,1,1,8,7:41 AM,DISPATCH,7:50 AM,4/9/2014,Y,74,1043,93,112,8,5,1,1,64,54,1,5,1,21,21,227,22,30.20896,-97.88403,,,,NA,TAYLORCREST DR,6599,NA,NA,NA,NA,NA,,,,HILLSIDE TERRACE DR,NA,NA,NA,NA,Y,N,N,2,9,Y,SUN,NA,NA,NA,NA,NA,NA,NA,NA,NA,NA,NA,NA,NA,NA,NA,NA,NA,NA,NA,NA,NA,NA,NA,NA,NA,NA,NA,NA,NA,NA,NA,NA,NA,NA,NA,NA,NA,NA,NA,NA,NA,NA,NA,NA,NA,NA,NA,NA,NA,,,NA,NA,NA,NA,0,1,0,1,0,1,0,90,137975412,1379754121
13797707,AUS_13797707,30.32198831,-97.71859198,2,1,3,16,2,33,1,2,4,11,1,4,N,4,NA,NA,4,97,97,,,0,1,0,0,0,1,0,N,N,N,N,N,N,N,4/7/2014,5:28 PM,227,22,N,N,NA,NA,19,,,1,,,E KOENIG LN,LN,N,N,45,N,N,,Y,19,,,1,,,AVENUE F,,NA,,,,,,11,1,4,2,1,1,5,5:28 PM,DISPATCH,5:36 PM,4/7/2014,N,74,NA,121,95,8,5,1,1,64,32,1,2,1,21,21,227,22,30.32198831,-97.71859198,SS,69,,0.56,SS0069,,114,1,1.532,538,0.519,IH,35,,IH0035,NA,NA,NA,NA,Y,Y,N,2,9,Y,MON,4,0,0,0,10,2,4,80,48,48,4,2,2,1,0,0,1,0,0,1,10,4,14,14170,2012,14170,1.2,0.5,1.7,NA,NA,NA,NA,NA,NA,NA,NA,NA,NA,NA,NA,NA,NA,NA,NA,NA,NA,NA,NA,,,NA,NA,NA,NA,0,1,0,1,0,1,0,90,137977072,1379770721
13797748,AUS_13797748,30.16416,-97.83002,2,1,3,16,2,25,2,2,4,11,1,2,N,4,NA,NA,4,97,97,,,0,1,0,0,0,1,0,N,N,N,N,N,N,N,4/8/2014,5:14 PM,227,22,N,N,NA,NA,19,,,1,,,MANCHACA RD,RD,N,N,45,N,N,,Y,19,,,1,,,OLD MANCHACA RD,RD,NA,,,,,,11,1,4,NA,1,1,5,5:14 PM,DISPATCH,5:18 PM,4/8/2014,Y,74,1042,99,130,8,5,2,3,64,54,1,5,1,21,21,227,22,30.16416,-97.83002,,,,NA,MANCHACA RD,10635,NA,NA,NA,NA,NA,,,,OLD MANCHACA RD,NA,NA,NA,NA,Y,N,N,2,9,Y,TUE,NA,NA,NA,NA,NA,NA,NA,NA,NA,NA,NA,NA,NA,NA,NA,NA,NA,NA,NA,NA,NA,NA,NA,NA,NA,NA,NA,NA,NA,NA,NA,NA,NA,NA,NA,NA,NA,NA,NA,NA,NA,NA,NA,NA,NA,NA,NA,NA,NA,,,NA,NA,NA,NA,0,1,0,1,0,1,0,90,137977482,1379774821
13799061,AUS_13799061,30.30481,-97.71961,2,1,3,16,2,22,4,1,4,11,1,97,N,4,NA,NA,4,97,97,,,0,1,0,0,0,1,0,N,N,N,N,N,N,N,4/10/2014,9:05 AM,227,22,N,N,NA,NA,19,,,1,,E,E 45TH ST,ST,N,N,35,N,N,,Y,19,,,1,,,RED RIVER ST,ST,NA,,,,,,11,1,4,NA,1,1,5,9:05 AM,DISPATCH,9:11 AM,4/10/2014,Y,74,1061,10,14,8,5,1,3,64,3,1,5,1,21,21,227,22,30.30481,-97.71961,,,,NA,E 45TH ST,900,NA,NA,NA,NA,NA,,,,RED RIVER ST,NA,NA,NA,NA,Y,N,N,2,9,Y,THU,NA,NA,NA,NA,NA,NA,NA,NA,NA,NA,NA,NA,NA,NA,NA,NA,NA,NA,NA,NA,NA,NA,NA,NA,NA,NA,NA,NA,NA,NA,NA,NA,NA,NA,NA,NA,NA,NA,NA,NA,NA,NA,NA,NA,NA,NA,NA,NA,NA,,,NA,NA,NA,NA,0,1,0,1,0,1,0,90,137990612,1379906121
13799063,AUS_13799063,30.26577376,-97.73464305,2,1,3,16,1,51,1,1,4,11,1,97,N,4,NA,NA,4,97,97,,,1,0,0,0,0,1,0,N,N,N,N,N,N,N,4/10/2014,9:48 AM,227,22,N,N,NA,NA,1,35,M,2,600,N,N IH 35 SVRD NB,EXPY,N,N,35,N,N,,N,19,,,NA,,E,E 6TH ST,ST,NA,,,,,,11,1,2,2,2,1,5,9:48 AM,ON SIGHT,9:50 AM,4/10/2014,Y,74,36,67,282,8,5,2,3,64,54,2,1,1,21,21,227,22,30.26577376,-97.73464305,IH,35,,233.858,IH0035,,15,13,17.723,235,-0.318,,,,E 6TH ST,NA,NA,NA,NA,Y,Y,N,1,9,Y,THU,5,0,2,5,7,2,6,300,86,72,4,0,0,2,4,5,2,10,5,2,3,4,11,169360,2012,169360,2.6,7.1,9.7,NA,NA,NA,NA,NA,NA,NA,NA,NA,NA,NA,NA,NA,NA,NA,NA,NA,NA,NA,NA,,,NA,NA,NA,NA,1,0,0,2,0,1,0,90,137990632,1379906321
13802676,AUS_13802676,30.26475,-97.76496,2,1,3,16,2,24,1,2,4,11,1,5,N,4,NA,NA,4,97,97,,,0,1,0,0,0,1,0,N,N,N,N,N,N,N,4/11/2014,3:01 PM,227,22,N,N,NA,NA,19,,,1,,,ROBERT E LEE RD,RD,N,N,35,N,N,,Y,19,,,1,,,BARTON SPRINGS RD,RD,NA,,,,,,11,1,3,NA,1,1,15,3:07 PM,BY CITIZEN,3:07 PM,4/11/2014,Y,74,1043,93,112,8,5,2,2,64,3,1,5,1,21,21,227,22,30.26475,-97.76496,,,,NA,ROBERT E LEE RD,401,NA,NA,NA,NA,NA,,,,BARTON SPRINGS RD,NA,NA,NA,NA,Y,N,N,2,9,Y,FRI,NA,NA,NA,NA,NA,NA,NA,NA,NA,NA,NA,NA,NA,NA,NA,NA,NA,NA,NA,NA,NA,NA,NA,NA,NA,NA,NA,NA,NA,NA,NA,NA,NA,NA,NA,NA,NA,NA,NA,NA,NA,NA,NA,NA,NA,NA,NA,NA,NA,,,NA,NA,NA,NA,0,1,0,1,0,1,0,90,138026762,1380267621
13804404,AUS_13804404,30.23444975,-97.72796273,2,1,3,16,3,38,2,1,4,11,1,97,N,4,NA,NA,4,97,97,,,0,0,1,0,0,1,0,N,N,N,N,N,N,N,4/10/2014,4:38 PM,227,22,N,N,NA,NA,19,,,1,1901,,WILLOW CREEK DR,DR,N,N,35,N,N,,N,19,,,NA,,,WOODLAND AVE,AVE,NA,,,,,,11,1,0,NA,2,1,16,4:40 PM,DISPATCH,4:57 PM,4/10/2014,Y,74,1045,98,129,8,5,3,2,64,13,1,5,1,32,21,227,22,30.23444975,-97.72796273,,,,NA,WILLOW CREEK DR,1874,NA,NA,NA,NA,NA,,,,N/A,NA,NA,NA,NA,Y,N,N,3,9,Y,THU,NA,NA,NA,NA,NA,NA,NA,NA,NA,NA,NA,NA,NA,NA,NA,NA,NA,NA,NA,NA,NA,NA,NA,NA,NA,NA,NA,NA,NA,NA,NA,NA,NA,NA,NA,NA,NA,NA,NA,NA,NA,NA,NA,NA,NA,NA,NA,NA,NA,,,NA,NA,NA,NA,0,0,1,1,0,1,0,90,138044042,1380440421
13804590,AUS_13804590,30.26564,-97.69552,2,1,3,16,2,56,1,1,4,11,1,4,N,4,NA,NA,4,97,97,,,0,1,0,0,0,1,0,N,N,N,N,N,N,N,4/11/2014,8:38 PM,227,22,N,N,NA,NA,19,,,1,,,AIRPORT BLVD,BLVD,N,N,-1,N,N,,Y,19,,,1,,,SPRINGDALE RD,RD,NA,,,,,,11,4,4,NA,1,1,5,8:38 PM,DISPATCH,8:41 PM,4/11/2014,Y,74,NA,34,48,8,5,2,2,64,54,1,5,1,21,21,227,22,30.26564,-97.69552,,,,NA,AIRPORT BLVD,1119,NA,NA,NA,NA,NA,,,,SPRINGDALE RD,NA,NA,NA,NA,Y,N,N,2,9,Y,FRI,NA,NA,NA,NA,NA,NA,NA,NA,NA,NA,NA,NA,NA,NA,NA,NA,NA,NA,NA,NA,NA,NA,NA,NA,NA,NA,NA,NA,NA,NA,NA,NA,NA,NA,NA,NA,NA,NA,NA,NA,NA,NA,NA,NA,NA,NA,NA,NA,NA,,,NA,NA,NA,NA,0,1,0,1,0,1,0,90,138045902,1380459021
13805073,AUS_13805073,30.36698,-97.70062,2,1,3,16,1,58,2,1,4,11,1,4,N,4,NA,NA,4,97,97,,,1,0,0,0,0,1,0,N,N,N,N,N,N,N,4/14/2014,7:28 PM,227,22,N,N,NA,NA,19,,,1,,,MEARNS MEADOW BLVD,BLVD,N,N,-1,N,N,,Y,19,,,1,,,RUTLAND DR,DR,NA,,,,,,11,5,4,NA,1,1,15,7:28 PM,DISPATCH,7:29 PM,4/14/2014,Y,74,63,123,143,8,5,2,3,64,54,1,5,1,21,21,227,22,30.36698,-97.70062,,,,NA,MEARNS MEADOW BLVD,9499,NA,NA,NA,NA,NA,,,,RUTLAND DR,NA,NA,NA,NA,Y,N,N,1,9,Y,MON,NA,NA,NA,NA,NA,NA,NA,NA,NA,NA,NA,NA,NA,NA,NA,NA,NA,NA,NA,NA,NA,NA,NA,NA,NA,NA,NA,NA,NA,NA,NA,NA,NA,NA,NA,NA,NA,NA,NA,NA,NA,NA,NA,NA,NA,NA,NA,NA,NA,,,NA,NA,NA,NA,1,0,0,0,1,1,0,90,138050732,1380507321
13812188,AUS_13812188,30.26594,-97.76749,2,1,3,16,2,35,1,2,4,11,1,4,N,4,NA,NA,4,97,97,,,0,1,0,0,0,1,0,N,N,N,N,N,N,N,4/20/2014,4:11 PM,227,22,N,N,NA,NA,19,,,1,2100,,BARTON SPRINGS RD,RD,N,N,35,N,N,,N,19,,,NA,,,LOU NEFF RD,RD,NA,,,,,,11,1,0,NA,2,1,11,4:11 PM,DISPATCH,4:17 PM,4/20/2014,Y,74,1043,93,112,8,5,4,1,64,3,1,5,1,21,21,227,22,30.26594,-97.76749,,,,NA,BARTON SPRINGS RD,2100,NA,NA,NA,NA,NA,,,,N/A,NA,NA,NA,NA,Y,N,N,2,9,Y,SUN,NA,NA,NA,NA,NA,NA,NA,NA,NA,NA,NA,NA,NA,NA,NA,NA,NA,NA,NA,NA,NA,NA,NA,NA,NA,NA,NA,NA,NA,NA,NA,NA,NA,NA,NA,NA,NA,NA,NA,NA,NA,NA,NA,NA,NA,NA,NA,NA,NA,,,NA,NA,NA,NA,0,1,0,0,2,1,0,90,138121882,1381218821
13815918,AUS_13815918,30.30864,-97.73444,2,1,3,16,2,24,1,1,4,11,1,4,N,4,NA,NA,4,97,97,,,0,1,0,0,0,1,0,N,N,N,N,N,N,N,4/23/2014,5:32 PM,227,22,N,N,NA,NA,19,,,1,,W,W 43RD ST,ST,N,N,35,N,N,,Y,19,,,1,,,GUADALUPE,ST,NA,,,,,,11,1,0,NA,1,1,16,5:33 PM,DISPATCH,5:37 PM,4/23/2014,Y,74,1061,10,14,8,5,1,3,64,54,1,5,1,21,21,227,22,30.30864,-97.73444,,,,NA,W 43RD ST,598,NA,NA,NA,NA,NA,,,,GUADALUPE ST,NA,NA,NA,NA,Y,N,N,2,9,Y,WED,NA,NA,NA,NA,NA,NA,NA,NA,NA,NA,NA,NA,NA,NA,NA,NA,NA,NA,NA,NA,NA,NA,NA,NA,NA,NA,NA,NA,NA,NA,NA,NA,NA,NA,NA,NA,NA,NA,NA,NA,NA,NA,NA,NA,NA,NA,NA,NA,NA,,,NA,NA,NA,NA,0,1,0,1,0,1,0,90,138159182,1381591821