CrashID,CrashID1,Latitude,Longitude,Unit_Nbr,Prsn_Nbr,Prsn_Type_ID,Prsn_Occpnt_Pos_ID,Prsn_Injry_Sev_ID,Prsn_Age,Prsn_Ethnicity_ID,Prsn_Gndr_ID,Prsn_Ejct_ID,Prsn_Rest_ID,Prsn_Airbag_ID,Prsn_Helmet_ID,Prsn_Sol_Fl,Prsn_Alc_Spec_Type_ID,Prsn_Alc_Rslt_ID,Prsn_Bac_Test_Rslt,Prsn_Drg_Spec_Type_ID,Prsn_Drg_Rslt_ID,Drvr_Drg_Cat_1_ID,Prsn_Death_Date,Prsn_Death_Time,Incap_Injry_Cnt.x,Nonincap_Injry_Cnt.x,Poss_Injry_Cnt.x,Non_Injry_Cnt.x,Unkn_Injry_Cnt.x,Tot_Injry_Cnt.x,Death_Cnt.x,Crash_Fatal_Fl,Cmv_Involv_Fl,Schl_Bus_Fl,Rr_Relat_Fl,Medical_Advisory_Fl,Amend_Supp_Fl,Active_School_Zone_Fl,Crash_Date,Crash_Time,Rpt_CRIS_Cnty_ID,Rpt_City_ID,Rpt_Outside_City_Limit_Fl,Thousand_Damage_Fl,Rpt_Latitude,Rpt_Longitude,Rpt_Rdwy_Sys_ID,Rpt_Hwy_Num,Rpt_Hwy_Sfx,Rpt_Road_Part_ID,Rpt_Block_Num,Rpt_Street_Pfx,Rpt_Street_Name,Rpt_Street_Sfx,Private_Dr_Fl,Toll_Road_Fl,Crash_Speed_Limit,Road_Constr_Zone_Fl,Road_Constr_Zone_Wrkr_Fl,Rpt_Street_Desc,At_Intrsct_Fl,Rpt_Sec_Rdwy_Sys_ID,Rpt_Sec_Hwy_Num,Rpt_Sec_Hwy_Sfx,Rpt_Sec_Road_Part_ID,Rpt_Sec_Block_Num,Rpt_Sec_Street_Pfx,Rpt_Sec_Street_Name,Rpt_Sec_Street_Sfx,Rpt_Ref_Mark_Offset_Amt,Rpt_Ref_Mark_Dist_Uom,Rpt_Ref_Mark_Dir,Rpt_Ref_Mark_Nbr,Rpt_Sec_Street_Desc,Rpt_CrossingNumber,Wthr_Cond_ID,Light_Cond_ID,Entr_Road_ID,Road_Type_ID,Road_Algn_ID,Surf_Cond_ID,Traffic_Cntl_ID,Investigat_Notify_Time,Investigat_Notify_Meth,Investigat_Arrv_Time,Report_Date,Investigat_Comp_Fl,Investigat_Agency_ID,Investigat_Area_ID,Investigat_District_ID,Investigat_Region_ID,Bridge_Detail_ID,Harm_Evnt_ID,Intrsct_Relat_ID,FHE_Collsn_ID,Obj_Struck_ID,Othr_Factr_ID,Road_Part_Adj_ID,Road_Cls_ID,Road_Relat_ID,Phys_Featr_1_ID,Phys_Featr_2_ID,Cnty_ID,City_ID,Latitude,Longitude,Hwy_Sys,Hwy_Nbr,Hwy_Sfx,Dfo,Street_Name,Street_Nbr,Control,Section,Milepoint,Ref_Mark_Nbr,Ref_Mark_Displ,Hwy_Sys_2,Hwy_Nbr_2,Hwy_Sfx_2,Street_Name_2,Street_Nbr_2,Control_2,Section_2,Milepoint_2,Txdot_Rptable_Fl,Onsys_Fl,Rural_Fl,Crash_Sev_ID,Pop_Group_ID,Located_Fl,Day_of_Week,Hwy_Dsgn_Lane_ID,Hwy_Dsgn_Hrt_ID,Hp_Shldr_Left,Hp_Shldr_Right,Hp_Median_Width,Base_Type_ID,Nbr_Of_Lane,Row_Width_Usual,Roadbed_Width,Surf_Width,Surf_Type_ID,Curb_Type_Left_ID,Curb_Type_Right_ID,Shldr_Type_Left_ID,Shldr_Width_Left,Shldr_Use_Left_ID,Shldr_Type_Right_ID,Shldr_Width_Right,Shldr_Use_Right_ID,Median_Type_ID,Median_Width,Rural_Urban_Type_ID,Func_Sys_ID,Adt_Curnt_Amt,Adt_Curnt_Year,Adt_Adj_Curnt_Amt,Pct_Single_Trk_Adt,Pct_Combo_Trk_Adt,Trk_Aadt_Pct,Curve_Type_ID,Curve_Lngth,Cd_Degr,Delta_Left_Right_ID,Dd_Degr,Feature_Crossed,Structure_Number,I_R_Min_Vert_Clear,Approach_Width,Bridge_Median_ID,Bridge_Loading_Type_ID,Bridge_Loading_In_1000_Lbs,Bridge_Srvc_Type_On_ID,Bridge_Srvc_Type_Under_ID,Culvert_Type_ID,Roadway_Width,Deck_Width,Bridge_Dir_Of_Traffic_ID,Bridge_Rte_Struct_Func_ID,Bridge_IR_Struct_Func_ID,CrossingNumber,RRCo,Poscrossing_ID,WDCode_ID,Standstop,Yield,Incap_Injry_Cnt.y,Nonincap_Injry_Cnt.y,Poss_Injry_Cnt.y,Non_Injry_Cnt.y,Unkn_Injry_Cnt.y,Tot_Injry_Cnt.y,Death_Cnt.y,MPO_ID,Unit_ID,Unit_Prsn_ID
13816094,AUS_13816094,30.28062,-97.74199,2,1,3,16,2,NA,3,1,4,11,1,4,N,4,NA,NA,4,97,97,,,0,1,0,0,0,1,0,N,N,N,N,N,N,N,4/25/2014,12:14 PM,227,22,N,N,NA,NA,19,,,1,,,GUADALUPE ST,ST,N,N,30,N,N,,Y,19,,,1,,,W 18TH ST,ST,NA,,,,,,11,1,4,NA,5,1,8,12:14 PM,DISPATCH,12:19 PM,4/25/2014,Y,74,1061,10,14,8,5,1,2,64,54,1,5,1,21,21,227,22,30.28062,-97.74199,,,,NA,GUADALUPE ST,1801,NA,NA,NA,NA,NA,,,,W 18TH ST,NA,NA,NA,NA,Y,N,N,2,9,Y,FRI,NA,NA,NA,NA,NA,NA,NA,NA,NA,NA,NA,NA,NA,NA,NA,NA,NA,NA,NA,NA,NA,NA,NA,NA,NA,NA,NA,NA,NA,NA,NA,NA,NA,NA,NA,NA,NA,NA,NA,NA,NA,NA,NA,NA,NA,NA,NA,NA,NA,,,NA,NA,NA,NA,0,1,0,1,0,1,0,90,138160942,1381609421
13820089,AUS_13820089,30.22987908,-97.79274903,2,1,3,16,2,42,2,2,4,11,1,97,N,4,NA,NA,4,97,97,,,0,1,0,0,0,1,0,N,N,N,N,N,N,N,4/26/2014,8:28 AM,227,22,N,N,NA,NA,19,,,1,2100,,REDD,ST,N,N,25,N,N,,N,19,,,NA,4500,,PACK SADDLE PASS,,NA,,,,,,12,1,0,NA,1,1,8,8:28 AM,DISPATCH,8:34 AM,4/26/2014,N,74,1043,93,112,8,5,2,2,64,54,1,5,1,21,21,227,22,30.22987908,-97.79274903,,,,NA,REDD ST,2194,NA,NA,NA,NA,NA,,,,PACK SADDLE PASS,NA,NA,NA,NA,Y,N,N,2,9,Y,SAT,NA,NA,NA,NA,NA,NA,NA,NA,NA,NA,NA,NA,NA,NA,NA,NA,NA,NA,NA,NA,NA,NA,NA,NA,NA,NA,NA,NA,NA,NA,NA,NA,NA,NA,NA,NA,NA,NA,NA,NA,NA,NA,NA,NA,NA,NA,NA,NA,NA,,,NA,NA,NA,NA,0,1,0,1,0,1,0,90,138200892,1382008921
13820159,AUS_13820159,30.25495768,-97.76217255,2,1,3,16,2,31,2,1,4,11,1,97,N,4,NA,NA,4,97,97,,,0,1,0,0,0,1,0,N,N,N,N,N,N,N,4/28/2014,7:37 AM,227,22,N,Y,NA,NA,19,,,1,1100,S,LAMAR,BLVD,N,N,35,Y,Y,,Y,19,,,1,1200,,GIBSON,ST,NA,,,,,,11,1,2,3,1,1,17,7:47 AM,DISPATCH,7:57 AM,4/28/2014,N,74,1043,93,112,8,5,1,3,64,49,1,2,1,21,21,227,22,30.25495768,-97.76217255,SL,343,,2.912,SL0343,1199,113,10,0.389,566,0.422,,,,GIBSON ST W,NA,NA,NA,NA,Y,Y,N,2,9,Y,MON,2,0,0,0,0,2,4,80,60,60,4,1,1,1,0,0,1,0,0,0,0,4,14,40000,2012,40000,0.8,0.3,1.1,NA,NA,NA,NA,NA,NA,NA,NA,NA,NA,NA,NA,NA,NA,NA,NA,NA,NA,NA,NA,,,NA,NA,NA,NA,0,1,0,1,0,1,0,90,138201592,1382015921
13820312,AUS_13820312,30.39475,-97.70681,2,1,3,16,2,19,1,2,4,11,1,97,N,4,NA,NA,4,97,97,,,0,1,0,0,0,1,0,N,N,N,N,N,N,N,5/2/2014,2:47 PM,227,22,N,Y,NA,NA,19,,,1,11400,,METRIC,BLVD,N,N,45,N,N,,Y,19,,,1,11500,,STONEHOLLOW,DR,NA,,,,,,11,4,0,NA,1,1,20,2:48 PM,DISPATCH,3:08 PM,5/2/2014,Y,74,NA,46,64,8,5,2,2,64,54,1,5,1,21,21,227,22,30.39475,-97.70681,,,,NA,METRIC BLVD,,NA,NA,NA,NA,NA,,,,STONEHOLLOW DR,NA,NA,NA,NA,Y,N,N,2,9,Y,FRI,NA,NA,NA,NA,NA,NA,NA,NA,NA,NA,NA,NA,NA,NA,NA,NA,NA,NA,NA,NA,NA,NA,NA,NA,NA,NA,NA,NA,NA,NA,NA,NA,NA,NA,NA,NA,NA,NA,NA,NA,NA,NA,NA,NA,NA,NA,NA,NA,NA,,,NA,NA,NA,NA,0,1,0,1,0,1,0,90,138203122,1382031221
13825724,AUS_13825724,30.3276,-97.74914,2,1,3,16,3,NA,2,2,4,11,1,5,N,4,NA,NA,4,97,97,,,0,0,1,0,0,1,0,N,N,N,N,N,N,N,4/29/2014,8:39 PM,227,22,N,N,NA,NA,19,,,1,,,HANCOCK DR,DR,N,N,35,N,N,,Y,19,,,1,,,BULL CREEK RD,RD,NA,,,,,,11,4,2,NA,2,1,5,8:39 PM,DISPATCH,8:45 PM,4/29/2014,Y,74,1061,10,14,8,5,1,3,64,54,1,5,1,21,21,227,22,30.3276,-97.74914,,,,NA,HANCOCK DR,2798,NA,NA,NA,NA,NA,,,,BULL CREEK RD,NA,NA,NA,NA,Y,N,N,3,9,Y,TUE,NA,NA,NA,NA,NA,NA,NA,NA,NA,NA,NA,NA,NA,NA,NA,NA,NA,NA,NA,NA,NA,NA,NA,NA,NA,NA,NA,NA,NA,NA,NA,NA,NA,NA,NA,NA,NA,NA,NA,NA,NA,NA,NA,NA,NA,NA,NA,NA,NA,,,NA,NA,NA,NA,0,0,1,1,0,1,0,90,138257242,1382572421
13825753,AUS_13825753,30.23231,-97.7204,2,1,3,16,2,23,2,1,4,11,1,5,N,4,NA,NA,4,97,97,,,0,1,0,0,0,1,0,N,N,N,N,N,N,N,4/29/2014,7:50 PM,227,22,N,N,NA,NA,19,,,1,,,E RIVERSIDE DR,RD,N,N,35,N,N,,Y,19,,,1,,,WICKERSHAM LN,LN,NA,,,,,,11,1,4,NA,1,1,5,2:30 PM,DISPATCH,2:45 PM,4/30/2014,N,74,1045,98,129,8,5,2,2,64,3,1,5,1,21,21,227,22,30.23231,-97.7204,,,,NA,E RIVERSIDE DR,,NA,NA,NA,NA,NA,,,,WICKERSHAM LN,NA,NA,NA,NA,Y,N,N,2,9,Y,TUE,NA,NA,NA,NA,NA,NA,NA,NA,NA,NA,NA,NA,NA,NA,NA,NA,NA,NA,NA,NA,NA,NA,NA,NA,NA,NA,NA,NA,NA,NA,NA,NA,NA,NA,NA,NA,NA,NA,NA,NA,NA,NA,NA,NA,NA,NA,NA,NA,NA,,,NA,NA,NA,NA,0,1,0,2,0,1,0,90,138257532,1382575321
13830026,AUS_13830026,30.26574748,-97.73465227,2,1,3,16,5,23,2,1,4,11,1,4,N,4,NA,NA,4,97,97,,,0,0,0,1,0,0,0,N,N,N,N,N,N,N,5/2/2014,2:03 AM,227,22,N,N,NA,NA,1,35,,2,,N,N IH 35 SVRD NB,,N,N,-1,N,N,,Y,19,,,1,,E,E 6TH ST,,NA,,,,,,11,4,4,2,1,1,5,2:04 AM,DISPATCH,2:08 AM,5/2/2014,Y,74,36,67,282,8,5,2,1,64,54,2,1,1,21,21,227,22,30.26574748,-97.73465227,IH,35,,233.856,IH0035,,15,13,17.721,235,-0.32,,,,E 6TH ST,NA,NA,NA,NA,N,Y,N,5,9,Y,FRI,5,0,2,5,7,2,6,300,86,72,4,0,0,2,4,5,2,10,5,2,3,4,11,169360,2012,169360,2.6,7.1,9.7,NA,NA,NA,NA,NA,NA,NA,NA,NA,NA,NA,NA,NA,NA,NA,NA,NA,NA,NA,NA,,,NA,NA,NA,NA,0,0,0,3,0,0,0,90,138300262,1383002621
13831457,AUS_13831457,30.32883,-97.71583,2,1,3,16,2,NA,1,1,4,11,1,5,N,4,NA,NA,4,97,97,,,0,1,0,0,0,1,0,N,N,N,N,N,N,N,5/7/2014,4:20 PM,227,22,N,N,NA,NA,19,,,1,,,HIGHLAND MALL BLVD,BLVD,N,N,40,N,N,,Y,19,,,1,,,AIRPORT BLVD,BLVD,NA,,,,,,11,1,2,NA,1,1,5,4:20 PM,DISPATCH,4:24 PM,5/7/2014,Y,74,NA,121,95,8,5,1,2,64,3,1,5,1,21,21,227,22,30.32883,-97.71583,,,,NA,W HIGHLAND MALL BLVD,,NA,NA,NA,NA,NA,,,,AIRPORT BLVD,NA,NA,NA,NA,Y,N,N,2,9,Y,WED,NA,NA,NA,NA,NA,NA,NA,NA,NA,NA,NA,NA,NA,NA,NA,NA,NA,NA,NA,NA,NA,NA,NA,NA,NA,NA,NA,NA,NA,NA,NA,NA,NA,NA,NA,NA,NA,NA,NA,NA,NA,NA,NA,NA,NA,NA,NA,NA,NA,,,NA,NA,NA,NA,0,1,0,1,0,1,0,90,138314572,1383145721
13833868,AUS_13833868,30.29336728,-97.74185884,2,1,3,16,3,26,2,1,4,11,1,4,N,4,NA,NA,4,97,97,,,0,0,1,0,0,1,0,N,N,N,N,N,N,N,5/9/2014,1:16 PM,227,22,N,Y,NA,NA,19,,,1,2800,,GUADALUPE,ST,N,N,-1,N,N,,N,19,,,NA,,,28TH ST,ST,NA,,,,,,12,1,0,NA,1,1,1,1:16 PM,DISPATCH,1:18 PM,5/9/2014,Y,74,1061,10,14,8,5,4,4,64,12,1,5,1,12,21,227,22,30.29336728,-97.74185884,,,,NA,GUADALUPE ST,2741,NA,NA,NA,NA,NA,,,,N/A,NA,NA,NA,NA,Y,N,N,3,9,Y,FRI,NA,NA,NA,NA,NA,NA,NA,NA,NA,NA,NA,NA,NA,NA,NA,NA,NA,NA,NA,NA,NA,NA,NA,NA,NA,NA,NA,NA,NA,NA,NA,NA,NA,NA,NA,NA,NA,NA,NA,NA,NA,NA,NA,NA,NA,NA,NA,NA,NA,,,NA,NA,NA,NA,0,0,1,1,0,1,0,90,138338682,1383386821
13837623,AUS_13837623,30.29742366,-97.72025753,2,1,3,16,3,NA,2,2,4,11,1,97,N,4,NA,NA,4,97,97,,,0,0,1,0,0,1,0,N,N,N,N,N,N,N,5/8/2014,3:14 PM,227,22,N,N,NA,NA,19,,,1,,E,E 40TH ST,ST,N,N,35,N,N,,N,19,,,NA,,,WILBERT,,NA,,,,,,11,1,3,NA,1,1,1,3:14 PM,DISPATCH,3:32 PM,5/8/2014,Y,74,1061,10,14,8,5,1,1,64,54,1,5,1,21,21,227,22,30.29742366,-97.72025753,,,,NA,E 40TH ST,996,NA,NA,NA,NA,NA,,,,WILBERT RD,NA,NA,NA,NA,Y,N,N,3,9,Y,THU,NA,NA,NA,NA,NA,NA,NA,NA,NA,NA,NA,NA,NA,NA,NA,NA,NA,NA,NA,NA,NA,NA,NA,NA,NA,NA,NA,NA,NA,NA,NA,NA,NA,NA,NA,NA,NA,NA,NA,NA,NA,NA,NA,NA,NA,NA,NA,NA,NA,,,NA,NA,NA,NA,0,0,1,1,0,1,0,90,138376232,1383762321
13837625,AUS_13837625,30.26769,-97.74148,2,1,3,16,3,40,1,1,4,11,1,2,N,4,NA,NA,4,97,97,,,0,0,1,0,0,1,0,N,N,N,N,N,N,N,5/12/2014,12:29 AM,227,22,N,N,NA,NA,19,,,1,,E,E 6TH ST,ST,N,N,-1,N,N,,Y,19,,,1,,,BRAZOS ST,ST,NA,,,,,,11,4,98,NA,1,1,5,1:30 AM,ON SIGHT,1:30 AM,5/12/2014,Y,74,36,67,282,8,5,1,1,64,54,1,5,1,21,21,227,22,30.26769,-97.74148,,,,NA,E 6TH ST,200,NA,NA,NA,NA,NA,,,,BRAZOS ST,NA,NA,NA,NA,Y,N,N,3,9,Y,MON,NA,NA,NA,NA,NA,NA,NA,NA,NA,NA,NA,NA,NA,NA,NA,NA,NA,NA,NA,NA,NA,NA,NA,NA,NA,NA,NA,NA,NA,NA,NA,NA,NA,NA,NA,NA,NA,NA,NA,NA,NA,NA,NA,NA,NA,NA,NA,NA,NA,,,NA,NA,NA,NA,0,0,2,0,0,2,0,90,138376252,1383762521
13843164,AUS_13843164,30.44246896,-97.7839307,2,1,3,16,3,51,1,2,4,11,1,4,N,4,NA,NA,4,97,97,,,0,0,1,0,0,1,0,N,N,N,N,N,N,N,5/17/2014,7:35 PM,246,22,N,N,NA,NA,2,183,,2,13200,,N US 183 HWY SVRD SB,,N,N,50,N,N,,N,19,,,NA,,,BALCONES CLUB DR,,NA,,,,,,11,1,0,2,1,1,1,7:35 PM,DISPATCH,7:40 PM,5/17/2014,Y,74,NA,46,64,8,5,3,1,64,14,2,2,1,32,21,246,22,30.44246896,-97.7839307,US,183,,309.096,US0183,13221,151,5,28.85,502,0.837,,,,N/A,NA,NA,NA,NA,Y,Y,N,3,9,Y,SAT,5,0,10,10,44,2,8,220,136,96,5,0,0,2,20,5,2,20,5,2,24,4,12,114950,2012,114950,1.9,0.5,2.4,1,275,2,1,36,NA,NA,NA,NA,NA,NA,NA,NA,NA,NA,NA,NA,NA,NA,NA,,,NA,NA,NA,NA,0,0,1,1,0,1,0,90,138431642,1384316421
13847351,AUS_13847351,30.38121,-97.7488,2,1,3,16,2,71,1,1,4,11,1,97,N,4,NA,NA,4,97,97,,,0,1,0,0,0,1,0,N,N,N,N,N,N,N,5/21/2014,9:51 AM,227,22,N,Y,NA,NA,19,,,1,8700,W,SILVERHILL,LN,N,N,35,N,N,,Y,19,,,1,8700,S,MESA,DR,NA,,,,,,11,1,98,NA,6,1,20,9:51 AM,DISPATCH,10:00 AM,5/21/2014,Y,74,NA,46,64,8,5,1,2,64,54,1,5,1,21,21,227,22,30.38121,-97.7488,,,,NA,SILVERHILL LN,8700,NA,NA,NA,NA,NA,,,,MESA DR,NA,NA,NA,NA,Y,N,N,2,9,Y,WED,NA,NA,NA,NA,NA,NA,NA,NA,NA,NA,NA,NA,NA,NA,NA,NA,NA,NA,NA,NA,NA,NA,NA,NA,NA,NA,NA,NA,NA,NA,NA,NA,NA,NA,NA,NA,NA,NA,NA,NA,NA,NA,NA,NA,NA,NA,NA,NA,NA,,,NA,NA,NA,NA,0,1,0,2,0,1,0,90,138473512,1384735121
13850772,AUS_13850772,30.36537,-97.70163,2,1,3,16,3,15,3,1,4,11,1,4,N,4,NA,NA,4,97,97,,,0,0,1,0,0,1,0,N,N,N,N,N,N,N,5/22/2014,11:08 PM,227,22,N,N,NA,NA,19,,,1,,W,RUNDBERG,LN,N,N,35,N,N,,Y,19,,,1,,,MEARNS MEADOW,BLVD,NA,,,,,,11,4,4,NA,4,1,20,11:08 PM,DISPATCH,11:11 PM,5/23/2014,Y,74,63,123,143,8,5,1,1,64,54,1,5,1,21,21,227,22,30.36537,-97.70163,,,,NA,W RUNDBERG LN,1100,NA,NA,NA,NA,NA,,,,MEARNS MEADOW BLVD,NA,NA,NA,NA,Y,N,N,3,9,Y,THU,NA,NA,NA,NA,NA,NA,NA,NA,NA,NA,NA,NA,NA,NA,NA,NA,NA,NA,NA,NA,NA,NA,NA,NA,NA,NA,NA,NA,NA,NA,NA,NA,NA,NA,NA,NA,NA,NA,NA,NA,NA,NA,NA,NA,NA,NA,NA,NA,NA,,,NA,NA,NA,NA,0,0,1,2,0,1,0,90,138507722,1385077221
13853399,AUS_13853399,30.23612674,-97.78976795,2,1,3,16,3,27,1,2,4,11,1,4,N,4,NA,NA,4,97,97,,,0,0,1,0,0,1,0,N,N,N,N,N,N,N,5/15/2014,8:09 PM,227,22,N,N,NA,NA,19,,,1,4100,,VICTORY,DR,N,N,30,N,N,,N,19,,,NA,2100,,PRATHER,LN,NA,,,,,,11,4,0,NA,1,1,17,8:09 PM,DISPATCH,8:09 PM,5/15/2014,Y,74,1043,93,112,8,5,3,3,64,14,1,5,1,32,21,227,22,30.23612674,-97.78976795,,,,NA,VICTORY DR,3960,NA,NA,NA,NA,NA,,,,N/A,NA,NA,NA,NA,Y,N,N,3,9,Y,THU,NA,NA,NA,NA,NA,NA,NA,NA,NA,NA,NA,NA,NA,NA,NA,NA,NA,NA,NA,NA,NA,NA,NA,NA,NA,NA,NA,NA,NA,NA,NA,NA,NA,NA,NA,NA,NA,NA,NA,NA,NA,NA,NA,NA,NA,NA,NA,NA,NA,,,NA,NA,NA,NA,0,0,1,0,0,1,0,90,138533992,1385339921
13864203,AUS_13864203,30.25793465,-97.70464958,2,1,3,16,2,NA,2,1,4,11,1,4,N,4,NA,NA,4,97,97,,,0,1,0,0,0,1,0,N,N,N,N,N,N,N,5/21/2014,5:55 PM,227,22,N,N,NA,NA,19,,,1,3300,,E 7TH ST,ST,N,N,40,N,N,,N,19,,,NA,,,ALLEN ST,,NA,,,,,,11,1,0,NA,1,1,20,5:55 PM,DISPATCH,5:57 PM,5/21/2014,Y,74,NA,34,48,8,5,4,1,64,54,1,5,1,21,21,227,22,30.25793465,-97.70464958,,,,NA,E 7TH ST,3267,NA,NA,NA,NA,NA,,,,N/A,NA,NA,NA,NA,Y,N,N,2,9,Y,WED,NA,NA,NA,NA,NA,NA,NA,NA,NA,NA,NA,NA,NA,NA,NA,NA,NA,NA,NA,NA,NA,NA,NA,NA,NA,NA,NA,NA,NA,NA,NA,NA,NA,NA,NA,NA,NA,NA,NA,NA,NA,NA,NA,NA,NA,NA,NA,NA,NA,,,NA,NA,NA,NA,0,1,0,1,0,1,0,90,138642032,1386420321
13864462,AUS_13864462,30.47817388,-97.76557358,2,1,3,16,3,47,1,1,4,11,1,2,N,4,NA,NA,4,97,97,,,0,0,1,0,0,1,0,N,N,N,N,N,N,N,5/30/2014,5:01 PM,246,22,N,N,NA,NA,19,,,1,9200,W,PARMER,LN,N,N,-1,N,N,WESTBOUND LANES,N,19,,,NA,,,SPECTRUM,DR,NA,,,,,,11,1,0,2,1,1,20,5:36 PM,DISPATCH,5:44 PM,5/30/2014,Y,74,NA,46,64,8,5,3,2,64,13,1,3,1,32,21,246,22,30.47817388,-97.76557358,FM,734,,4.207,FM0734,,3417,1,3.242,430,0.489,,,,N/A,NA,NA,NA,NA,Y,Y,N,3,9,Y,FRI,3,0,4,10,44,2,6,200,100,72,4,0,0,2,8,5,2,20,5,3,36,4,14,45000,2012,45000,1.5,0.2,1.7,NA,NA,NA,NA,NA,NA,NA,NA,NA,NA,NA,NA,NA,NA,NA,NA,NA,NA,NA,NA,,,NA,NA,NA,NA,0,0,1,1,0,1,0,90,138644622,1386446221
13864564,AUS_13864564,30.39557374,-97.84696535,2,1,3,16,2,46,1,1,4,11,1,1,N,4,NA,NA,4,97,97,,,0,1,0,0,0,1,0,N,N,N,N,N,N,N,5/31/2014,11:53 AM,227,22,N,Y,NA,NA,4,2222,A,1,,,NOT REPORTED,RD,N,N,-1,N,N,,N,19,,,NA,,,RIVER PLACE,BLVD,NA,,,,,,11,1,98,3,5,1,20,11:53 AM,DISPATCH,12:04 PM,5/31/2014,N,74,NA,46,64,8,5,3,3,64,13,1,3,1,32,21,227,22,30.39557374,-97.84696535,RM,2222,,0.715,RM2222,10830,2100,1,0.742,526,0.704,,,,N/A,NA,NA,NA,NA,Y,Y,N,2,9,Y,SAT,2,0,0,0,0,2,4,80,50,48,4,0,0,1,0,0,1,0,0,0,0,4,14,35000,2012,35000,1.7,0.2,1.9,1,58,2,2,6,NA,NA,NA,NA,NA,NA,NA,NA,NA,NA,NA,NA,NA,NA,NA,,,NA,NA,NA,NA,0,1,0,1,0,1,0,90,138645642,1386456421
13866402,AUS_13866402,30.24693941,-97.77716524,2,1,3,16,2,34,1,1,4,11,1,97,N,4,NA,NA,4,97,97,,,0,1,0,0,0,1,0,N,N,N,N,N,N,N,6/2/2014,12:30 PM,227,22,N,N,NA,NA,19,,,1,2400,S,LAMAR,BLVD,N,N,35,N,N,,Y,19,,,1,2300,,BLUEBONNET,LN,NA,,,,,,11,1,4,3,1,1,5,12:53 PM,DISPATCH,12:55 PM,6/2/2014,N,74,1043,93,112,8,5,1,1,64,54,1,2,1,21,21,227,22,30.24693941,-97.77716524,SL,343,,1.805,SL0343,2421,113,9,6.74,566,-0.685,,,,BLUEBONNET LN,NA,NA,NA,NA,Y,Y,N,2,9,Y,MON,2,0,0,0,0,2,4,80,60,48,4,1,1,1,0,0,1,0,0,0,0,4,14,39340,2012,39340,0.8,0.3,1.1,1,199,3,2,31,NA,NA,NA,NA,NA,NA,NA,NA,NA,NA,NA,NA,NA,NA,NA,,,NA,NA,NA,NA,0,1,0,1,0,1,0,90,138664022,1386640221
13868636,AUS_13868636,30.25842,-97.75011,2,1,3,16,3,28,1,1,4,11,1,97,N,4,NA,NA,4,97,97,,,0,0,1,0,0,1,0,N,N,N,N,N,N,N,5/21/2014,3:13 PM,227,22,N,N,NA,NA,19,,,1,600,,BARTON SPRINGS,RD,N,N,35,N,N,,Y,19,,,1,400,S,1ST,ST,NA,,,,,,11,1,98,NA,1,1,20,3:13 PM,DISPATCH,3:13 PM,5/21/2014,N,74,1043,93,112,8,5,1,1,64,54,1,5,1,21,21,227,22,30.25842,-97.75011,,,,NA,BARTON SPRINGS RD,600,NA,NA,NA,NA,NA,,,,S 1ST ST,NA,NA,NA,NA,Y,N,N,3,9,Y,WED,NA,NA,NA,NA,NA,NA,NA,NA,NA,NA,NA,NA,NA,NA,NA,NA,NA,NA,NA,NA,NA,NA,NA,NA,NA,NA,NA,NA,NA,NA,NA,NA,NA,NA,NA,NA,NA,NA,NA,NA,NA,NA,NA,NA,NA,NA,NA,NA,NA,,,NA,NA,NA,NA,0,0,1,1,0,1,0,90,138686362,1386863621
13868854,AUS_13868854,30.4132,-97.69068,2,1,3,16,2,21,1,1,4,11,1,5,N,4,NA,NA,4,97,97,,,0,1,0,0,0,1,0,N,N,N,N,N,N,N,5/28/2014,10:56 PM,227,22,N,N,NA,NA,19,,,1,,,METRIC BLVD,BLVD,N,N,40,N,N,,Y,19,,,1,,,W PARMER LN,LN,NA,,,,,,11,4,4,NA,1,1,5,10:56 PM,DISPATCH,11:00 PM,5/28/2014,Y,74,NA,46,64,8,5,2,1,64,54,1,5,1,21,21,227,22,30.4132,-97.69068,,,,NA,METRIC BLVD,,NA,NA,NA,NA,NA,,,,W PARMER LN,NA,NA,NA,NA,Y,N,N,2,9,Y,WED,NA,NA,NA,NA,NA,NA,NA,NA,NA,NA,NA,NA,NA,NA,NA,NA,NA,NA,NA,NA,NA,NA,NA,NA,NA,NA,NA,NA,NA,NA,NA,NA,NA,NA,NA,NA,NA,NA,NA,NA,NA,NA,NA,NA,NA,NA,NA,NA,NA,,,NA,NA,NA,NA,0,1,0,1,0,1,0,90,138688542,1386885421