CrashID,CrashID1,Latitude,Longitude,Unit_Nbr,Prsn_Nbr,Prsn_Type_ID,Prsn_Occpnt_Pos_ID,Prsn_Injry_Sev_ID,Prsn_Age,Prsn_Ethnicity_ID,Prsn_Gndr_ID,Prsn_Ejct_ID,Prsn_Rest_ID,Prsn_Airbag_ID,Prsn_Helmet_ID,Prsn_Sol_Fl,Prsn_Alc_Spec_Type_ID,Prsn_Alc_Rslt_ID,Prsn_Bac_Test_Rslt,Prsn_Drg_Spec_Type_ID,Prsn_Drg_Rslt_ID,Drvr_Drg_Cat_1_ID,Prsn_Death_Date,Prsn_Death_Time,Incap_Injry_Cnt.x,Nonincap_Injry_Cnt.x,Poss_Injry_Cnt.x,Non_Injry_Cnt.x,Unkn_Injry_Cnt.x,Tot_Injry_Cnt.x,Death_Cnt.x,Crash_Fatal_Fl,Cmv_Involv_Fl,Schl_Bus_Fl,Rr_Relat_Fl,Medical_Advisory_Fl,Amend_Supp_Fl,Active_School_Zone_Fl,Crash_Date,Crash_Time,Rpt_CRIS_Cnty_ID,Rpt_City_ID,Rpt_Outside_City_Limit_Fl,Thousand_Damage_Fl,Rpt_Latitude,Rpt_Longitude,Rpt_Rdwy_Sys_ID,Rpt_Hwy_Num,Rpt_Hwy_Sfx,Rpt_Road_Part_ID,Rpt_Block_Num,Rpt_Street_Pfx,Rpt_Street_Name,Rpt_Street_Sfx,Private_Dr_Fl,Toll_Road_Fl,Crash_Speed_Limit,Road_Constr_Zone_Fl,Road_Constr_Zone_Wrkr_Fl,Rpt_Street_Desc,At_Intrsct_Fl,Rpt_Sec_Rdwy_Sys_ID,Rpt_Sec_Hwy_Num,Rpt_Sec_Hwy_Sfx,Rpt_Sec_Road_Part_ID,Rpt_Sec_Block_Num,Rpt_Sec_Street_Pfx,Rpt_Sec_Street_Name,Rpt_Sec_Street_Sfx,Rpt_Ref_Mark_Offset_Amt,Rpt_Ref_Mark_Dist_Uom,Rpt_Ref_Mark_Dir,Rpt_Ref_Mark_Nbr,Rpt_Sec_Street_Desc,Rpt_CrossingNumber,Wthr_Cond_ID,Light_Cond_ID,Entr_Road_ID,Road_Type_ID,Road_Algn_ID,Surf_Cond_ID,Traffic_Cntl_ID,Investigat_Notify_Time,Investigat_Notify_Meth,Investigat_Arrv_Time,Report_Date,Investigat_Comp_Fl,Investigat_Agency_ID,Investigat_Area_ID,Investigat_District_ID,Investigat_Region_ID,Bridge_Detail_ID,Harm_Evnt_ID,Intrsct_Relat_ID,FHE_Collsn_ID,Obj_Struck_ID,Othr_Factr_ID,Road_Part_Adj_ID,Road_Cls_ID,Road_Relat_ID,Phys_Featr_1_ID,Phys_Featr_2_ID,Cnty_ID,City_ID,Latitude,Longitude,Hwy_Sys,Hwy_Nbr,Hwy_Sfx,Dfo,Street_Name,Street_Nbr,Control,Section,Milepoint,Ref_Mark_Nbr,Ref_Mark_Displ,Hwy_Sys_2,Hwy_Nbr_2,Hwy_Sfx_2,Street_Name_2,Street_Nbr_2,Control_2,Section_2,Milepoint_2,Txdot_Rptable_Fl,Onsys_Fl,Rural_Fl,Crash_Sev_ID,Pop_Group_ID,Located_Fl,Day_of_Week,Hwy_Dsgn_Lane_ID,Hwy_Dsgn_Hrt_ID,Hp_Shldr_Left,Hp_Shldr_Right,Hp_Median_Width,Base_Type_ID,Nbr_Of_Lane,Row_Width_Usual,Roadbed_Width,Surf_Width,Surf_Type_ID,Curb_Type_Left_ID,Curb_Type_Right_ID,Shldr_Type_Left_ID,Shldr_Width_Left,Shldr_Use_Left_ID,Shldr_Type_Right_ID,Shldr_Width_Right,Shldr_Use_Right_ID,Median_Type_ID,Median_Width,Rural_Urban_Type_ID,Func_Sys_ID,Adt_Curnt_Amt,Adt_Curnt_Year,Adt_Adj_Curnt_Amt,Pct_Single_Trk_Adt,Pct_Combo_Trk_Adt,Trk_Aadt_Pct,Curve_Type_ID,Curve_Lngth,Cd_Degr,Delta_Left_Right_ID,Dd_Degr,Feature_Crossed,Structure_Number,I_R_Min_Vert_Clear,Approach_Width,Bridge_Median_ID,Bridge_Loading_Type_ID,Bridge_Loading_In_1000_Lbs,Bridge_Srvc_Type_On_ID,Bridge_Srvc_Type_Under_ID,Culvert_Type_ID,Roadway_Width,Deck_Width,Bridge_Dir_Of_Traffic_ID,Bridge_Rte_Struct_Func_ID,Bridge_IR_Struct_Func_ID,CrossingNumber,RRCo,Poscrossing_ID,WDCode_ID,Standstop,Yield,Incap_Injry_Cnt.y,Nonincap_Injry_Cnt.y,Poss_Injry_Cnt.y,Non_Injry_Cnt.y,Unkn_Injry_Cnt.y,Tot_Injry_Cnt.y,Death_Cnt.y,MPO_ID,Unit_ID,Unit_Prsn_ID
13910764,AUS_13910764,30.29104,-97.72713,2,1,3,16,2,19,4,1,4,11,1,97,N,4,NA,NA,4,97,97,,,0,1,0,0,0,1,0,N,N,N,N,N,N,N,6/20/2014,2:26 PM,227,22,N,N,NA,NA,19,,,1,,E,E 32ND ST,ST,N,N,35,N,N,,Y,19,,,1,,,RED RIVER ST,ST,NA,,,,,,11,1,4,NA,2,1,5,2:27 PM,DISPATCH,2:38 PM,6/20/2014,Y,74,1061,10,14,8,5,1,1,64,54,1,5,1,21,21,227,22,30.29104,-97.72713,,,,NA,E 32ND ST,898,NA,NA,NA,NA,NA,,,,RED RIVER ST,NA,NA,NA,NA,Y,N,N,2,9,Y,FRI,NA,NA,NA,NA,NA,NA,NA,NA,NA,NA,NA,NA,NA,NA,NA,NA,NA,NA,NA,NA,NA,NA,NA,NA,NA,NA,NA,NA,NA,NA,NA,NA,NA,NA,NA,NA,NA,NA,NA,NA,NA,NA,NA,NA,NA,NA,NA,NA,NA,,,NA,NA,NA,NA,0,1,0,1,0,1,0,90,139107642,1391076421
13912874,AUS_13912874,30.38375908,-97.72403932,2,1,3,16,2,48,1,1,4,11,1,97,N,4,NA,NA,4,97,97,,,0,1,0,0,0,1,0,N,N,N,N,N,N,N,6/27/2014,5:29 PM,227,22,N,N,NA,NA,19,,,1,10000,,BURNET RD,RD,N,N,30,N,N,,N,19,,,NA,,,RUTLAND DR,DR,NA,,,,N C/L,,11,1,0,NA,1,1,1,5:29 PM,DISPATCH,5:35 PM,6/27/2014,Y,74,NA,46,64,8,5,4,1,64,42,1,5,1,21,21,227,22,30.38375908,-97.72403932,,,,NA,BURNET RD,9927,NA,NA,NA,NA,NA,,,,N/A,NA,NA,NA,NA,Y,N,N,2,9,Y,FRI,NA,NA,NA,NA,NA,NA,NA,NA,NA,NA,NA,NA,NA,NA,NA,NA,NA,NA,NA,NA,NA,NA,NA,NA,NA,NA,NA,NA,NA,NA,NA,NA,NA,NA,NA,NA,NA,NA,NA,NA,NA,NA,NA,NA,NA,NA,NA,NA,NA,,,NA,NA,NA,NA,0,1,0,3,0,1,0,90,139128742,1391287421
13916635,AUS_13916635,30.33224,-97.68666,2,1,3,16,3,18,2,1,4,11,1,4,N,4,NA,NA,4,97,97,,,0,0,1,0,0,1,0,N,Y,N,N,N,N,N,6/26/2014,10:11 PM,227,22,N,N,NA,NA,19,,,1,,,CAMERON RD,RD,N,N,45,N,N,,Y,19,,,1,,,E ANDERSON LN WB,LN,NA,,,,,,11,4,4,NA,1,1,5,10:11 PM,DISPATCH,10:20 PM,6/26/2014,Y,74,63,123,143,8,5,1,1,64,3,1,5,1,21,21,227,22,30.33224,-97.68666,,,,NA,CAMERON RD,,NA,NA,NA,NA,NA,,,,ANDERSON LN E,NA,NA,NA,NA,Y,N,N,3,9,Y,THU,NA,NA,NA,NA,NA,NA,NA,NA,NA,NA,NA,NA,NA,NA,NA,NA,NA,NA,NA,NA,NA,NA,NA,NA,NA,NA,NA,NA,NA,NA,NA,NA,NA,NA,NA,NA,NA,NA,NA,NA,NA,NA,NA,NA,NA,NA,NA,NA,NA,,,NA,NA,NA,NA,0,0,1,2,0,1,0,90,139166352,1391663521
13918789,AUS_13918789,30.30864,-97.72842,2,1,3,16,5,30,1,2,4,11,1,4,N,4,NA,NA,4,97,97,,,0,0,0,1,0,0,0,N,N,N,N,N,N,N,7/5/2014,3:20 PM,227,22,N,N,NA,NA,19,,,1,,S,SPEEDWAY,,N,N,-1,N,N,,Y,19,,,1,,W,45TH,,NA,,,,,,11,1,98,NA,1,1,5,1:46 PM,DISPATCH,3:10 PM,7/7/2014,Y,74,NA,46,64,8,5,1,1,64,54,1,5,1,21,21,227,22,30.30864,-97.72842,,,,NA,SPEEDWAY,4501,NA,NA,NA,NA,NA,,,,W 45TH ST,NA,NA,NA,NA,N,N,N,5,9,Y,SAT,NA,NA,NA,NA,NA,NA,NA,NA,NA,NA,NA,NA,NA,NA,NA,NA,NA,NA,NA,NA,NA,NA,NA,NA,NA,NA,NA,NA,NA,NA,NA,NA,NA,NA,NA,NA,NA,NA,NA,NA,NA,NA,NA,NA,NA,NA,NA,NA,NA,,,NA,NA,NA,NA,0,0,0,2,0,0,0,90,139187892,1391878921
13919065,AUS_13919065,30.42301585,-97.72548497,2,1,3,16,2,13,1,1,4,11,1,2,N,4,NA,NA,4,97,97,,,0,1,0,0,0,1,0,N,N,N,N,N,N,N,7/7/2014,4:50 PM,227,1792,Y,Y,NA,NA,19,,,7,12300,,WYCLIFF LN,LN,N,N,35,N,N,,N,19,,,NA,4600,,HAWKHAVEN LN,LN,NA,,,,,,11,1,2,NA,2,1,20,5:51 PM,DISPATCH,6:01 PM,7/7/2014,Y,74,NA,46,64,8,5,3,4,64,14,1,5,1,32,21,227,22,30.42301585,-97.72548497,,,,NA,WYCLIFF LN,12357,NA,NA,NA,NA,NA,,,,N/A,NA,NA,NA,NA,Y,N,N,2,9,Y,MON,NA,NA,NA,NA,NA,NA,NA,NA,NA,NA,NA,NA,NA,NA,NA,NA,NA,NA,NA,NA,NA,NA,NA,NA,NA,NA,NA,NA,NA,NA,NA,NA,NA,NA,NA,NA,NA,NA,NA,NA,NA,NA,NA,NA,NA,NA,NA,NA,NA,,,NA,NA,NA,NA,0,1,0,1,0,1,0,90,139190652,1391906521
13920240,AUS_13920240,30.227078,-97.707896,2,1,3,16,2,19,1,2,4,11,1,5,N,4,NA,NA,4,97,97,,,0,1,0,0,0,1,0,N,N,N,N,N,N,N,7/2/2014,3:40 PM,227,22,N,N,30.22703,-97.70792,19,,,1,,,E RIVERSIDE DR,DR,N,N,-1,N,N,,Y,19,,,1,,,GROVE BLVD,BLVD,NA,,,,,,11,1,4,NA,1,1,5,3:46 PM,DISPATCH,4:10 PM,7/2/2014,Y,74,1045,98,129,8,5,1,1,64,3,1,5,1,21,21,227,22,30.227078,-97.707896,,,,NA,E RIVERSIDE DR,,NA,NA,NA,NA,NA,,,,UNKNOWN,NA,NA,NA,NA,Y,N,N,2,9,Y,WED,NA,NA,NA,NA,NA,NA,NA,NA,NA,NA,NA,NA,NA,NA,NA,NA,NA,NA,NA,NA,NA,NA,NA,NA,NA,NA,NA,NA,NA,NA,NA,NA,NA,NA,NA,NA,NA,NA,NA,NA,NA,NA,NA,NA,NA,NA,NA,NA,NA,,,NA,NA,NA,NA,0,1,0,1,0,1,0,90,139202402,1392024021
13922074,AUS_13922074,30.26595654,-97.76826037,2,1,3,16,2,27,1,1,4,11,1,4,N,4,NA,NA,4,97,97,,,0,1,0,0,0,1,0,N,N,N,N,N,N,N,7/1/2014,8:56 AM,227,22,N,Y,NA,NA,19,,,1,2100,,BARTON SPRINGS,RD,N,N,-1,N,N,,N,19,,,NA,,,WILLIAM BARTON,DR,NA,,,,,,11,1,0,NA,1,1,6,8:56 AM,DISPATCH,8:59 AM,7/1/2014,N,74,1043,93,112,8,5,4,1,64,54,1,5,1,21,21,227,22,30.26595654,-97.76826037,,,,NA,BARTON SPRINGS RD,,NA,NA,NA,NA,NA,,,,N/A,NA,NA,NA,NA,Y,N,N,2,9,Y,TUE,NA,NA,NA,NA,NA,NA,NA,NA,NA,NA,NA,NA,NA,NA,NA,NA,NA,NA,NA,NA,NA,NA,NA,NA,NA,NA,NA,NA,NA,NA,NA,NA,NA,NA,NA,NA,NA,NA,NA,NA,NA,NA,NA,NA,NA,NA,NA,NA,NA,,,NA,NA,NA,NA,0,1,0,2,0,1,0,90,139220742,1392207421
13922171,AUS_13922171,30.2618,-97.73889,3,1,3,16,1,NA,2,2,4,11,1,2,N,4,NA,NA,4,97,97,,,1,0,0,0,0,1,0,N,N,N,N,N,N,N,7/1/2014,3:51 PM,227,22,N,N,NA,NA,19,,,1,,,RED RIVER ST,ST,N,N,35,N,N,,Y,19,,,1,,,E CESAR CHAVEZ ST,ST,NA,,,,,,11,1,4,NA,1,1,5,3:51 PM,DISPATCH,3:55 PM,7/1/2014,Y,74,36,67,282,8,5,1,1,64,3,1,5,1,21,21,227,22,30.2618,-97.73889,,,,NA,RED RIVER ST,101,NA,NA,NA,NA,NA,,,,CESAR CHAVEZ ST E,NA,NA,NA,NA,Y,N,N,1,9,Y,TUE,NA,NA,NA,NA,NA,NA,NA,NA,NA,NA,NA,NA,NA,NA,NA,NA,NA,NA,NA,NA,NA,NA,NA,NA,NA,NA,NA,NA,NA,NA,NA,NA,NA,NA,NA,NA,NA,NA,NA,NA,NA,NA,NA,NA,NA,NA,NA,NA,NA,,,NA,NA,NA,NA,1,1,0,1,0,2,0,90,139221713,1392217131
13922171,AUS_13922171,30.2618,-97.73889,2,1,3,16,2,NA,2,1,4,11,1,2,N,4,NA,NA,4,97,97,,,0,1,0,0,0,1,0,N,N,N,N,N,N,N,7/1/2014,3:51 PM,227,22,N,N,NA,NA,19,,,1,,,RED RIVER ST,ST,N,N,35,N,N,,Y,19,,,1,,,E CESAR CHAVEZ ST,ST,NA,,,,,,11,1,4,NA,1,1,5,3:51 PM,DISPATCH,3:55 PM,7/1/2014,Y,74,36,67,282,8,5,1,1,64,3,1,5,1,21,21,227,22,30.2618,-97.73889,,,,NA,RED RIVER ST,101,NA,NA,NA,NA,NA,,,,CESAR CHAVEZ ST E,NA,NA,NA,NA,Y,N,N,1,9,Y,TUE,NA,NA,NA,NA,NA,NA,NA,NA,NA,NA,NA,NA,NA,NA,NA,NA,NA,NA,NA,NA,NA,NA,NA,NA,NA,NA,NA,NA,NA,NA,NA,NA,NA,NA,NA,NA,NA,NA,NA,NA,NA,NA,NA,NA,NA,NA,NA,NA,NA,,,NA,NA,NA,NA,1,1,0,1,0,2,0,90,139221712,1392217121
13926883,AUS_13926883,30.24189,-97.75252,2,1,3,16,3,18,1,1,4,11,1,4,N,4,NA,NA,4,97,97,,,0,0,1,0,0,1,0,N,N,N,N,N,N,N,7/4/2014,9:28 PM,227,22,N,N,NA,NA,19,,,1,2200,S,CONGRESS,AVE,N,N,30,N,N,,Y,19,,,1,100,E,LIVE OAK,ST,NA,,,,,,11,4,4,NA,1,1,5,9:19 PM,DISPATCH,9:22 PM,7/4/2014,Y,74,1043,93,112,8,5,2,2,64,54,1,5,1,21,21,227,22,30.24189,-97.75252,,,,NA,S CONGRESS AVE,2199,NA,NA,NA,NA,NA,,,,W LIVE OAK ST,NA,NA,NA,NA,Y,N,N,3,9,Y,FRI,NA,NA,NA,NA,NA,NA,NA,NA,NA,NA,NA,NA,NA,NA,NA,NA,NA,NA,NA,NA,NA,NA,NA,NA,NA,NA,NA,NA,NA,NA,NA,NA,NA,NA,NA,NA,NA,NA,NA,NA,NA,NA,NA,NA,NA,NA,NA,NA,NA,,,NA,NA,NA,NA,0,0,1,1,0,1,0,90,139268832,1392688321
13932558,AUS_13932558,30.2643,-97.74421,2,1,3,16,5,23,1,2,4,11,1,4,N,4,NA,NA,4,97,97,,,0,0,0,1,0,0,0,N,N,N,N,N,N,N,7/4/2014,9:36 PM,227,22,N,N,NA,NA,19,,,1,,W,2ND,ST,N,N,35,N,N,,Y,19,,,1,,,CONGRESS,AVE,NA,,,,,,11,4,4,NA,1,1,5,9:36 PM,DISPATCH,9:40 PM,7/4/2014,Y,74,36,67,282,8,5,1,3,64,3,1,5,1,21,21,227,22,30.2643,-97.74421,,,,NA,W 2ND ST,100,NA,NA,NA,NA,NA,,,,CONGRESS AVE,NA,NA,NA,NA,N,N,N,5,9,Y,FRI,NA,NA,NA,NA,NA,NA,NA,NA,NA,NA,NA,NA,NA,NA,NA,NA,NA,NA,NA,NA,NA,NA,NA,NA,NA,NA,NA,NA,NA,NA,NA,NA,NA,NA,NA,NA,NA,NA,NA,NA,NA,NA,NA,NA,NA,NA,NA,NA,NA,,,NA,NA,NA,NA,0,0,0,3,0,0,0,90,139325582,1393255821
13934413,AUS_13934413,30.24901,-97.76443,2,1,3,16,2,30,1,2,4,11,1,1,N,4,NA,NA,4,97,97,,,0,1,0,0,0,1,0,N,N,N,N,N,N,N,5/20/2014,7:41 AM,227,22,N,N,NA,NA,19,,,1,1100,W,MARY,ST,N,N,35,N,N,,Y,19,,,1,1900,S,7TH,ST,NA,,,,,,11,1,2,NA,6,1,11,7:41 AM,DISPATCH,7:48 AM,5/20/2014,Y,74,1043,93,112,8,5,1,2,64,54,1,5,1,21,21,227,22,30.24901,-97.76443,,,,NA,W MARY ST,1200,NA,NA,NA,NA,NA,,,,S 7TH ST,NA,NA,NA,NA,Y,N,N,2,9,Y,TUE,NA,NA,NA,NA,NA,NA,NA,NA,NA,NA,NA,NA,NA,NA,NA,NA,NA,NA,NA,NA,NA,NA,NA,NA,NA,NA,NA,NA,NA,NA,NA,NA,NA,NA,NA,NA,NA,NA,NA,NA,NA,NA,NA,NA,NA,NA,NA,NA,NA,,,NA,NA,NA,NA,0,1,0,1,0,1,0,90,139344132,1393441321
13935077,AUS_13935077,30.41104305,-97.74780326,2,1,3,16,3,20,4,1,4,11,1,2,N,4,NA,NA,4,97,97,,,0,0,1,0,0,1,0,N,N,N,N,N,N,N,7/15/2014,7:03 PM,227,22,N,N,NA,NA,17,,,1,11316,,JOLLYVILLE,RD,N,N,35,N,N,,N,19,,,NA,,,TAYLOR DRAPER,LN,NA,,,,,,2,1,0,NA,4,2,1,7:03 PM,DISPATCH,7:15 PM,7/15/2014,Y,74,NA,46,64,8,5,3,2,64,13,1,5,3,32,21,227,22,30.41104305,-97.74780326,,,,NA,JOLLYVILLE RD,11286,NA,NA,NA,NA,NA,,,,N/A,NA,NA,NA,NA,Y,N,N,3,9,Y,TUE,NA,NA,NA,NA,NA,NA,NA,NA,NA,NA,NA,NA,NA,NA,NA,NA,NA,NA,NA,NA,NA,NA,NA,NA,NA,NA,NA,NA,NA,NA,NA,NA,NA,NA,NA,NA,NA,NA,NA,NA,NA,NA,NA,NA,NA,NA,NA,NA,NA,,,NA,NA,NA,NA,0,0,1,1,0,1,0,90,139350772,1393507721
13937867,AUS_13937867,30.27181306,-97.75387799,2,1,3,16,3,13,1,1,4,11,1,4,N,4,NA,NA,4,97,97,,,0,0,1,0,0,1,0,N,N,N,N,N,N,N,7/19/2014,1:48 PM,227,22,N,Y,NA,NA,19,,,7,624,N,LAMAR,BLVD,N,N,30,N,N,,N,19,,,NA,1000,,6TH,ST,NA,,,,,,12,1,0,NA,1,1,1,1:49 PM,DISPATCH,1:50 PM,7/19/2014,Y,74,1061,10,14,8,5,3,2,64,13,1,1,2,32,21,227,22,30.27181306,-97.75387799,,,,NA,N LAMAR BLVD,601,NA,NA,NA,NA,NA,,,,N/A,NA,NA,NA,NA,Y,N,N,3,9,Y,SAT,NA,NA,NA,NA,NA,NA,NA,NA,NA,NA,NA,NA,NA,NA,NA,NA,NA,NA,NA,NA,NA,NA,NA,NA,NA,NA,NA,NA,NA,NA,NA,NA,NA,NA,NA,NA,NA,NA,NA,NA,NA,NA,NA,NA,NA,NA,NA,NA,NA,,,NA,NA,NA,NA,0,0,1,2,0,1,0,90,139378672,1393786721
13943013,AUS_13943013,30.22466317,-97.80446625,2,1,3,16,2,11,1,1,4,11,1,97,N,4,NA,NA,4,97,97,,,0,1,0,0,0,1,0,N,N,N,N,N,N,N,7/22/2014,1:41 PM,227,22,N,N,NA,NA,19,,,1,5200,,TAHOE,TRL,N,N,30,N,N,,N,19,,,NA,5200,,WEST GATE,BLVD,NA,,,,,,11,1,0,NA,1,1,8,1:32 PM,DISPATCH,1:41 PM,7/22/2014,N,74,1043,93,112,8,5,2,1,64,54,1,5,1,21,21,227,22,30.22466317,-97.80446625,,,,NA,TAHOE TRL,5298,NA,NA,NA,NA,NA,,,,WEST GATE BLVD,NA,NA,NA,NA,Y,N,N,2,9,Y,TUE,NA,NA,NA,NA,NA,NA,NA,NA,NA,NA,NA,NA,NA,NA,NA,NA,NA,NA,NA,NA,NA,NA,NA,NA,NA,NA,NA,NA,NA,NA,NA,NA,NA,NA,NA,NA,NA,NA,NA,NA,NA,NA,NA,NA,NA,NA,NA,NA,NA,,,NA,NA,NA,NA,0,1,0,1,0,1,0,90,139430132,1394301321
13947389,AUS_13947389,30.26185437,-97.76139765,2,1,3,16,3,26,1,1,4,11,1,4,N,4,NA,NA,4,97,97,,,0,0,1,0,0,1,0,N,N,N,N,N,N,N,7/24/2014,6:03 PM,227,22,N,N,NA,NA,19,,,1,1500,W,BARTON SPRINGS RD,RD,N,N,25,N,N,,N,19,,,NA,,,KINNEY,AVE,NA,,,,,,11,1,2,NA,1,1,20,6:03 PM,DISPATCH,6:07 PM,7/24/2014,N,74,1043,93,112,8,5,3,1,64,14,1,5,2,32,21,227,22,30.26185437,-97.76139765,,,,NA,BARTON SPRINGS RD,,NA,NA,NA,NA,NA,,,,N/A,NA,NA,NA,NA,Y,N,N,3,9,Y,THU,NA,NA,NA,NA,NA,NA,NA,NA,NA,NA,NA,NA,NA,NA,NA,NA,NA,NA,NA,NA,NA,NA,NA,NA,NA,NA,NA,NA,NA,NA,NA,NA,NA,NA,NA,NA,NA,NA,NA,NA,NA,NA,NA,NA,NA,NA,NA,NA,NA,,,NA,NA,NA,NA,0,0,1,1,0,1,0,90,139473892,1394738921
13950829,AUS_13950829,30.2975474,-97.71796894,2,1,3,16,2,39,1,1,4,11,1,4,N,4,NA,NA,4,97,97,,,0,1,0,0,0,1,0,N,N,N,N,N,N,N,7/15/2014,6:45 PM,227,22,N,N,NA,NA,1,35,I,2,,N,N IH 35 SVRD SB,HWY,N,N,-1,N,N,,Y,19,,,1,,,41ST ST,ST,NA,,,,,,12,1,4,2,1,1,5,6:45 PM,DISPATCH,6:50 PM,7/15/2014,Y,74,1061,10,14,8,5,1,1,64,54,2,1,1,21,21,227,22,30.2975474,-97.71796894,IH,35,,236.269,IH0035,,15,13,20.15,237,0.114,,,,E 41ST ST,NA,NA,NA,NA,Y,Y,N,2,9,Y,TUE,5,0,2,10,7,2,8,310,182,96,4,0,0,2,20,5,2,40,5,2,3,4,11,191460,2012,191460,2.5,6.6,9.1,NA,NA,NA,NA,NA,NA,NA,NA,NA,NA,NA,NA,NA,NA,NA,NA,NA,NA,NA,NA,,,NA,NA,NA,NA,0,2,0,0,0,2,0,90,139508292,1395082921
13952772,AUS_13952772,30.29196,-97.7412,2,1,3,16,2,25,1,2,4,11,1,2,N,4,NA,NA,4,97,97,,,0,1,0,0,0,1,0,N,N,N,N,N,N,N,7/30/2014,4:49 PM,227,22,N,N,NA,NA,19,,,1,,,GUADALUPLE,ST,N,N,-1,N,N,,Y,19,,,1,,W,27TH,ST,NA,,,,,,11,1,4,NA,1,1,5,4:49 PM,DISPATCH,5:05 PM,7/30/2014,Y,74,1061,10,14,8,5,1,2,64,3,1,5,1,21,21,227,22,30.29196,-97.7412,,,,NA,GUADALUPE ST,2701,NA,NA,NA,NA,NA,,,,W 27TH ST,NA,NA,NA,NA,Y,N,N,2,9,Y,WED,NA,NA,NA,NA,NA,NA,NA,NA,NA,NA,NA,NA,NA,NA,NA,NA,NA,NA,NA,NA,NA,NA,NA,NA,NA,NA,NA,NA,NA,NA,NA,NA,NA,NA,NA,NA,NA,NA,NA,NA,NA,NA,NA,NA,NA,NA,NA,NA,NA,,,NA,NA,NA,NA,0,1,0,2,0,1,0,90,139527722,1395277221
13965251,AUS_13965251,30.26743757,-97.73685077,2,1,3,16,1,33,1,1,4,11,1,4,N,4,NA,NA,4,97,97,,,1,0,0,0,0,1,0,N,N,N,N,N,N,N,7/24/2014,8:08 PM,227,22,N,Y,NA,NA,19,,,1,,E,7TH,ST,N,N,-1,N,N,,Y,19,,,1,,,RED RIVER,,NA,,,,,,11,1,4,NA,1,1,5,8:08 PM,DISPATCH,8:09 PM,7/24/2014,Y,74,36,67,282,8,5,1,1,64,54,1,5,1,21,21,227,22,30.26743757,-97.73685077,,,,NA,E 7TH ST,600,NA,NA,NA,NA,NA,,,,UNKNOWN,NA,NA,NA,NA,Y,N,N,1,9,Y,THU,NA,NA,NA,NA,NA,NA,NA,NA,NA,NA,NA,NA,NA,NA,NA,NA,NA,NA,NA,NA,NA,NA,NA,NA,NA,NA,NA,NA,NA,NA,NA,NA,NA,NA,NA,NA,NA,NA,NA,NA,NA,NA,NA,NA,NA,NA,NA,NA,NA,,,NA,NA,NA,NA,1,0,0,1,0,1,0,90,139652512,1396525121
13965444,AUS_13965444,30.24953,-97.85305,2,1,3,16,2,26,1,1,4,11,1,2,N,4,NA,NA,4,97,97,,,0,1,0,0,0,1,0,N,N,N,N,N,N,N,7/22/2014,4:10 PM,227,22,N,N,NA,NA,19,,,1,6400,,SOUTHWEST PKWY,PKWY,N,N,65,N,N,,Y,19,,,1,,,VERA AVE,AVE,NA,,,,,,11,1,0,NA,1,1,8,4:01 PM,DISPATCH,4:30 PM,7/22/2014,Y,74,1043,93,112,8,5,2,1,64,54,1,5,1,21,21,227,22,30.24953,-97.85305,,,,NA,SOUTHWEST PKY,,NA,NA,NA,NA,NA,,,,UNKNOWN,NA,NA,NA,NA,Y,N,N,2,9,Y,TUE,NA,NA,NA,NA,NA,NA,NA,NA,NA,NA,NA,NA,NA,NA,NA,NA,NA,NA,NA,NA,NA,NA,NA,NA,NA,NA,NA,NA,NA,NA,NA,NA,NA,NA,NA,NA,NA,NA,NA,NA,NA,NA,NA,NA,NA,NA,NA,NA,NA,,,NA,NA,NA,NA,0,1,0,1,0,1,0,90,139654442,1396544421
13965519,AUS_13965519,30.27768,-97.77186,2,1,3,16,3,26,1,1,4,11,1,4,N,4,NA,NA,4,97,97,,,0,0,1,0,0,1,0,N,N,N,N,N,N,N,7/22/2014,7:03 PM,227,22,N,N,NA,NA,19,,,1,2300,,LAKE AUSTIN BLVD,BLVD,N,N,35,N,N,,Y,19,,,1,,,VETERANS DR,DR,NA,,,,,,11,1,2,NA,1,1,21,7:03 PM,DISPATCH,7:25 PM,7/22/2014,Y,74,1061,10,14,8,5,1,1,64,54,1,5,1,21,21,227,22,30.27768,-97.77186,,,,NA,LAKE AUSTIN BLVD,2306,NA,NA,NA,NA,NA,,,,VETERANS DR,NA,NA,NA,NA,Y,N,N,3,9,Y,TUE,NA,NA,NA,NA,NA,NA,NA,NA,NA,NA,NA,NA,NA,NA,NA,NA,NA,NA,NA,NA,NA,NA,NA,NA,NA,NA,NA,NA,NA,NA,NA,NA,NA,NA,NA,NA,NA,NA,NA,NA,NA,NA,NA,NA,NA,NA,NA,NA,NA,,,NA,NA,NA,NA,0,0,1,1,0,1,0,90,139655192,1396551921
13967808,AUS_13967808,30.20939319,-97.78480929,2,1,3,16,1,23,1,1,4,11,1,97,N,4,NA,NA,4,97,97,,,1,0,0,0,0,1,0,N,N,N,N,N,N,N,8/8/2014,6:00 PM,227,22,N,Y,NA,NA,19,,,1,800,W,STASSNEY,LN,N,N,45,N,N,,N,19,,,NA,,,COUGAR,DR,NA,,,,,,11,1,0,NA,1,1,1,5:43 PM,DISPATCH,5:49 PM,8/8/2014,N,74,1042,99,130,8,5,4,1,64,54,1,5,1,21,21,227,22,30.20939319,-97.78480929,,,,NA,W STASSNEY LN,,NA,NA,NA,NA,NA,,,,N/A,NA,NA,NA,NA,Y,N,N,1,9,Y,FRI,NA,NA,NA,NA,NA,NA,NA,NA,NA,NA,NA,NA,NA,NA,NA,NA,NA,NA,NA,NA,NA,NA,NA,NA,NA,NA,NA,NA,NA,NA,NA,NA,NA,NA,NA,NA,NA,NA,NA,NA,NA,NA,NA,NA,NA,NA,NA,NA,NA,,,NA,NA,NA,NA,1,0,0,2,0,1,0,90,139678082,1396780821