CrashID,CrashID1,Latitude,Longitude,Unit_Nbr,Prsn_Nbr,Prsn_Type_ID,Prsn_Occpnt_Pos_ID,Prsn_Injry_Sev_ID,Prsn_Age,Prsn_Ethnicity_ID,Prsn_Gndr_ID,Prsn_Ejct_ID,Prsn_Rest_ID,Prsn_Airbag_ID,Prsn_Helmet_ID,Prsn_Sol_Fl,Prsn_Alc_Spec_Type_ID,Prsn_Alc_Rslt_ID,Prsn_Bac_Test_Rslt,Prsn_Drg_Spec_Type_ID,Prsn_Drg_Rslt_ID,Drvr_Drg_Cat_1_ID,Prsn_Death_Date,Prsn_Death_Time,Incap_Injry_Cnt.x,Nonincap_Injry_Cnt.x,Poss_Injry_Cnt.x,Non_Injry_Cnt.x,Unkn_Injry_Cnt.x,Tot_Injry_Cnt.x,Death_Cnt.x,Crash_Fatal_Fl,Cmv_Involv_Fl,Schl_Bus_Fl,Rr_Relat_Fl,Medical_Advisory_Fl,Amend_Supp_Fl,Active_School_Zone_Fl,Crash_Date,Crash_Time,Rpt_CRIS_Cnty_ID,Rpt_City_ID,Rpt_Outside_City_Limit_Fl,Thousand_Damage_Fl,Rpt_Latitude,Rpt_Longitude,Rpt_Rdwy_Sys_ID,Rpt_Hwy_Num,Rpt_Hwy_Sfx,Rpt_Road_Part_ID,Rpt_Block_Num,Rpt_Street_Pfx,Rpt_Street_Name,Rpt_Street_Sfx,Private_Dr_Fl,Toll_Road_Fl,Crash_Speed_Limit,Road_Constr_Zone_Fl,Road_Constr_Zone_Wrkr_Fl,Rpt_Street_Desc,At_Intrsct_Fl,Rpt_Sec_Rdwy_Sys_ID,Rpt_Sec_Hwy_Num,Rpt_Sec_Hwy_Sfx,Rpt_Sec_Road_Part_ID,Rpt_Sec_Block_Num,Rpt_Sec_Street_Pfx,Rpt_Sec_Street_Name,Rpt_Sec_Street_Sfx,Rpt_Ref_Mark_Offset_Amt,Rpt_Ref_Mark_Dist_Uom,Rpt_Ref_Mark_Dir,Rpt_Ref_Mark_Nbr,Rpt_Sec_Street_Desc,Rpt_CrossingNumber,Wthr_Cond_ID,Light_Cond_ID,Entr_Road_ID,Road_Type_ID,Road_Algn_ID,Surf_Cond_ID,Traffic_Cntl_ID,Investigat_Notify_Time,Investigat_Notify_Meth,Investigat_Arrv_Time,Report_Date,Investigat_Comp_Fl,Investigat_Agency_ID,Investigat_Area_ID,Investigat_District_ID,Investigat_Region_ID,Bridge_Detail_ID,Harm_Evnt_ID,Intrsct_Relat_ID,FHE_Collsn_ID,Obj_Struck_ID,Othr_Factr_ID,Road_Part_Adj_ID,Road_Cls_ID,Road_Relat_ID,Phys_Featr_1_ID,Phys_Featr_2_ID,Cnty_ID,City_ID,Latitude,Longitude,Hwy_Sys,Hwy_Nbr,Hwy_Sfx,Dfo,Street_Name,Street_Nbr,Control,Section,Milepoint,Ref_Mark_Nbr,Ref_Mark_Displ,Hwy_Sys_2,Hwy_Nbr_2,Hwy_Sfx_2,Street_Name_2,Street_Nbr_2,Control_2,Section_2,Milepoint_2,Txdot_Rptable_Fl,Onsys_Fl,Rural_Fl,Crash_Sev_ID,Pop_Group_ID,Located_Fl,Day_of_Week,Hwy_Dsgn_Lane_ID,Hwy_Dsgn_Hrt_ID,Hp_Shldr_Left,Hp_Shldr_Right,Hp_Median_Width,Base_Type_ID,Nbr_Of_Lane,Row_Width_Usual,Roadbed_Width,Surf_Width,Surf_Type_ID,Curb_Type_Left_ID,Curb_Type_Right_ID,Shldr_Type_Left_ID,Shldr_Width_Left,Shldr_Use_Left_ID,Shldr_Type_Right_ID,Shldr_Width_Right,Shldr_Use_Right_ID,Median_Type_ID,Median_Width,Rural_Urban_Type_ID,Func_Sys_ID,Adt_Curnt_Amt,Adt_Curnt_Year,Adt_Adj_Curnt_Amt,Pct_Single_Trk_Adt,Pct_Combo_Trk_Adt,Trk_Aadt_Pct,Curve_Type_ID,Curve_Lngth,Cd_Degr,Delta_Left_Right_ID,Dd_Degr,Feature_Crossed,Structure_Number,I_R_Min_Vert_Clear,Approach_Width,Bridge_Median_ID,Bridge_Loading_Type_ID,Bridge_Loading_In_1000_Lbs,Bridge_Srvc_Type_On_ID,Bridge_Srvc_Type_Under_ID,Culvert_Type_ID,Roadway_Width,Deck_Width,Bridge_Dir_Of_Traffic_ID,Bridge_Rte_Struct_Func_ID,Bridge_IR_Struct_Func_ID,CrossingNumber,RRCo,Poscrossing_ID,WDCode_ID,Standstop,Yield,Incap_Injry_Cnt.y,Nonincap_Injry_Cnt.y,Poss_Injry_Cnt.y,Non_Injry_Cnt.y,Unkn_Injry_Cnt.y,Tot_Injry_Cnt.y,Death_Cnt.y,MPO_ID,Unit_ID,Unit_Prsn_ID
14100487,AUS_14100487,30.19915869,-97.87880283,2,1,3,16,3,50,1,1,4,11,1,97,N,4,NA,NA,4,97,97,,,0,0,1,0,0,1,0,N,N,N,N,N,N,N,10/28/2014,6:27 PM,227,22,N,N,NA,NA,19,,,1,9500,,ESCARPMENT,BLVD,N,N,45,N,N,,N,19,,,NA,,W,SLAUGHTER,LN,NA,,,,,,11,1,0,NA,1,1,1,6:13 PM,DISPATCH,6:19 PM,10/28/2014,Y,74,1043,93,112,8,5,3,1,64,14,1,5,1,32,21,227,22,30.19915869,-97.87880283,,,,NA,ESCARPMENT BLVD,,NA,NA,NA,NA,NA,,,,N/A,NA,NA,NA,NA,Y,N,N,3,9,Y,TUE,NA,NA,NA,NA,NA,NA,NA,NA,NA,NA,NA,NA,NA,NA,NA,NA,NA,NA,NA,NA,NA,NA,NA,NA,NA,NA,NA,NA,NA,NA,NA,NA,NA,NA,NA,NA,NA,NA,NA,NA,NA,NA,NA,NA,NA,NA,NA,NA,NA,,,NA,NA,NA,NA,0,0,1,1,0,1,0,90,141004872,1410048721
14100533,AUS_14100533,30.4157,-97.74836,2,1,3,16,1,65,1,1,4,11,1,3,N,4,NA,NA,4,97,97,,,1,0,0,0,0,1,0,N,N,N,N,N,N,N,10/30/2014,2:26 PM,227,22,N,N,NA,NA,19,,,1,11500,,JOLLYVILLE,RD,N,N,35,N,N,,Y,19,,,1,5300,,THUNDER CREEK,RD,NA,,,,,,11,1,0,NA,5,1,20,2:30 PM,DISPATCH,2:48 PM,10/30/2014,Y,74,NA,46,64,8,5,2,2,64,54,1,5,1,21,21,227,22,30.4157,-97.74836,,,,NA,JOLLYVILLE RD,11579,NA,NA,NA,NA,NA,,,,THUNDER CREEK RD,NA,NA,NA,NA,Y,N,N,1,9,Y,THU,NA,NA,NA,NA,NA,NA,NA,NA,NA,NA,NA,NA,NA,NA,NA,NA,NA,NA,NA,NA,NA,NA,NA,NA,NA,NA,NA,NA,NA,NA,NA,NA,NA,NA,NA,NA,NA,NA,NA,NA,NA,NA,NA,NA,NA,NA,NA,NA,NA,,,NA,NA,NA,NA,1,0,0,1,0,1,0,90,141005332,1410053321
14100567,AUS_14100567,30.30275,-97.73816,2,1,3,16,2,46,1,1,4,11,1,4,N,4,NA,NA,4,97,97,,,0,1,0,0,0,1,0,N,N,N,N,N,N,N,10/31/2014,9:48 AM,227,22,N,N,NA,NA,19,,,1,,,GUADALUPE,ST,N,N,35,N,N,,Y,19,,,1,,W,38TH,ST,NA,,,,,,11,1,4,NA,2,1,5,9:48 AM,ON SIGHT,9:48 AM,10/31/2014,Y,74,1061,10,14,8,5,1,3,64,54,1,5,1,21,21,227,22,30.30275,-97.73816,,,,NA,GUADALUPE ST,3801,NA,NA,NA,NA,NA,,,,W 38TH ST,NA,NA,NA,NA,Y,N,N,2,9,Y,FRI,NA,NA,NA,NA,NA,NA,NA,NA,NA,NA,NA,NA,NA,NA,NA,NA,NA,NA,NA,NA,NA,NA,NA,NA,NA,NA,NA,NA,NA,NA,NA,NA,NA,NA,NA,NA,NA,NA,NA,NA,NA,NA,NA,NA,NA,NA,NA,NA,NA,,,NA,NA,NA,NA,0,1,0,1,0,1,0,90,141005672,1410056721
14103943,AUS_14103943,30.30269,-97.74472,2,1,3,16,2,26,4,2,4,11,1,97,N,4,NA,NA,4,97,97,,,0,1,0,0,0,1,0,N,N,N,N,N,N,N,10/21/2014,10:30 AM,227,1792,Y,N,NA,NA,19,,,1,3400,N,LAMAR,BLVD,N,N,35,N,N,,Y,19,,,1,900,W,34TH,ST,NA,,,,,,11,1,0,NA,1,1,5,10:30 AM,DISPATCH,10:37 AM,10/21/2014,Y,74,1061,10,14,8,5,2,2,64,3,1,5,1,21,21,227,22,30.30269,-97.74472,,,,NA,N LAMAR BLVD,3399,NA,NA,NA,NA,NA,,,,W 34TH ST,NA,NA,NA,NA,Y,N,N,2,9,Y,TUE,NA,NA,NA,NA,NA,NA,NA,NA,NA,NA,NA,NA,NA,NA,NA,NA,NA,NA,NA,NA,NA,NA,NA,NA,NA,NA,NA,NA,NA,NA,NA,NA,NA,NA,NA,NA,NA,NA,NA,NA,NA,NA,NA,NA,NA,NA,NA,NA,NA,,,NA,NA,NA,NA,0,1,0,1,0,1,0,90,141039432,1410394321
14106616,AUS_14106616,30.26649,-97.73719,2,1,3,16,2,36,1,1,4,11,1,2,N,4,NA,NA,4,97,97,,,0,1,0,0,0,1,0,N,N,N,N,N,N,N,10/24/2014,8:06 AM,227,22,N,N,NA,NA,19,,,1,600,E,6TH ST,ST,N,N,30,N,N,,Y,19,,,1,600,,SABINE ST,ST,NA,,,,,,11,1,4,NA,1,1,20,8:08 AM,DISPATCH,8:14 AM,10/24/2014,Y,74,36,67,282,8,5,2,2,64,3,1,5,1,21,21,227,22,30.26649,-97.73719,,,,NA,E 6TH ST,600,NA,NA,NA,NA,NA,,,,UNKNOWN,NA,NA,NA,NA,Y,N,N,2,9,Y,FRI,NA,NA,NA,NA,NA,NA,NA,NA,NA,NA,NA,NA,NA,NA,NA,NA,NA,NA,NA,NA,NA,NA,NA,NA,NA,NA,NA,NA,NA,NA,NA,NA,NA,NA,NA,NA,NA,NA,NA,NA,NA,NA,NA,NA,NA,NA,NA,NA,NA,,,NA,NA,NA,NA,0,1,0,1,0,1,0,90,141066162,1410661621
14108534,AUS_14108534,30.25665462,-97.72326585,2,1,3,16,2,24,1,1,4,11,1,97,N,4,NA,NA,4,97,97,,,0,1,0,0,0,1,0,N,N,N,N,N,N,N,10/23/2014,10:22 PM,227,1792,Y,N,NA,NA,19,,,1,2200,E,CESAR CHAVEZ,ST,N,N,35,N,N,,N,19,,,NA,,,LYNN,ST,NA,,,,,,11,4,2,NA,1,1,11,10:22 PM,DISPATCH,10:25 PM,10/23/2014,Y,74,NA,34,48,8,5,1,1,64,3,1,5,1,21,21,227,22,30.25665462,-97.72326585,,,,NA,E CESAR CHAVEZ ST,2009,NA,NA,NA,NA,NA,,,,LYNN ST,NA,NA,NA,NA,Y,N,N,2,9,Y,THU,NA,NA,NA,NA,NA,NA,NA,NA,NA,NA,NA,NA,NA,NA,NA,NA,NA,NA,NA,NA,NA,NA,NA,NA,NA,NA,NA,NA,NA,NA,NA,NA,NA,NA,NA,NA,NA,NA,NA,NA,NA,NA,NA,NA,NA,NA,NA,NA,NA,,,NA,NA,NA,NA,0,1,0,2,0,1,0,90,141085342,1410853421
14115556,AUS_14115556,30.25844562,-97.74942192,2,1,3,16,2,51,1,1,4,11,1,4,N,4,NA,NA,4,97,97,,,0,1,0,0,0,1,0,N,N,N,N,N,N,N,11/7/2014,8:27 PM,227,22,N,N,NA,NA,19,,,1,1500,,BURTON DR,DR,N,N,30,N,N,,N,19,,,NA,,E,RIVERSIDE,DR,NA,,,,,,11,3,0,NA,5,1,1,8:27 PM,DISPATCH,8:30 PM,11/7/2014,Y,74,1045,98,129,8,5,4,5,64,54,1,5,1,21,21,227,22,30.25844562,-97.74942192,,,,NA,BARTON SPRINGS RD,,NA,NA,NA,NA,NA,,,,N/A,NA,NA,NA,NA,Y,N,N,2,9,Y,FRI,NA,NA,NA,NA,NA,NA,NA,NA,NA,NA,NA,NA,NA,NA,NA,NA,NA,NA,NA,NA,NA,NA,NA,NA,NA,NA,NA,NA,NA,NA,NA,NA,NA,NA,NA,NA,NA,NA,NA,NA,NA,NA,NA,NA,NA,NA,NA,NA,NA,,,NA,NA,NA,NA,0,1,0,0,1,1,0,90,141155562,1411555621
14115821,AUS_14115821,30.4270496,-97.67102639,2,1,3,16,5,41,1,1,4,11,1,97,N,4,NA,NA,4,97,97,,,0,0,0,1,0,0,0,N,N,N,N,N,N,N,10/24/2014,8:21 PM,227,1792,Y,N,NA,NA,1,35,,2,13800,N,IH 35 SVRD NB,,N,N,55,N,N,,N,19,,,NA,,,HOWARD,LN,NA,,,,,,11,4,0,2,1,1,20,8:26 PM,DISPATCH,8:30 PM,10/24/2014,Y,74,63,123,143,8,5,4,1,64,54,2,1,1,21,21,227,22,30.4270496,-97.67102639,IH,35,,245.868,IH0035,,15,13,29.75,247,-0.301,,,,N/A,NA,NA,NA,NA,N,Y,N,5,9,Y,FRI,5,0,6,10,11,2,6,300,100,72,4,0,0,2,8,5,2,20,5,2,3,4,11,125090,2012,125090,3.1,8.3,11.4,NA,NA,NA,NA,NA,NA,NA,NA,NA,NA,NA,NA,NA,NA,NA,NA,NA,NA,NA,NA,,,NA,NA,NA,NA,0,0,0,2,0,0,0,90,141158212,1411582121
14115926,AUS_14115926,30.21561,-97.73488,2,1,3,16,2,65,1,1,4,11,1,97,N,4,NA,NA,4,97,97,,,0,1,0,0,0,1,0,N,N,N,N,N,N,N,10/25/2014,2:40 PM,227,1792,Y,Y,NA,NA,19,,,2,,,BURLESON,RD,N,N,-1,N,N,,Y,19,,,1,,E,BEN WHITE SVRE WB,BLVD,NA,,,,,,11,1,0,NA,1,1,5,2:40 PM,DISPATCH,2:45 PM,10/25/2014,Y,74,1045,98,129,8,5,2,1,64,54,2,5,1,21,21,227,22,30.21561,-97.73488,,,,NA,BURLESON RD,,NA,NA,NA,NA,NA,,,,E BEN WHITE BLVD,NA,NA,NA,NA,Y,N,N,2,9,Y,SAT,NA,NA,NA,NA,NA,NA,NA,NA,NA,NA,NA,NA,NA,NA,NA,NA,NA,NA,NA,NA,NA,NA,NA,NA,NA,NA,NA,NA,NA,NA,NA,NA,NA,NA,NA,NA,NA,NA,NA,NA,NA,NA,NA,NA,NA,NA,NA,NA,NA,,,NA,NA,NA,NA,0,1,0,1,0,1,0,90,141159262,1411592621
14116003,AUS_14116003,30.20420147,-97.85875525,2,1,3,16,1,36,1,1,4,11,1,97,N,4,NA,NA,4,97,97,,,1,0,0,0,0,1,0,N,N,N,N,N,N,N,10/25/2014,8:17 PM,227,1792,Y,N,NA,NA,19,,,1,4800,,DAVIS,LN,N,N,40,N,N,,N,19,,,NA,,,LATTA,DR,NA,,,,,,11,3,98,NA,1,1,1,8:17 PM,DISPATCH,8:28 PM,10/25/2014,Y,74,1042,99,130,8,5,4,1,64,24,1,4,1,21,21,227,22,30.20420147,-97.85875525,,,,NA,DAVIS LN,,NA,NA,NA,NA,NA,,,,N/A,NA,NA,NA,NA,Y,N,N,1,9,Y,SAT,NA,NA,NA,NA,NA,NA,NA,NA,NA,NA,NA,NA,NA,NA,NA,NA,NA,NA,NA,NA,NA,NA,NA,NA,NA,NA,NA,NA,NA,NA,NA,NA,NA,NA,NA,NA,NA,NA,NA,NA,NA,NA,NA,NA,NA,NA,NA,NA,NA,,,NA,NA,NA,NA,1,0,0,1,0,1,0,90,141160032,1411600321
14116301,AUS_14116301,30.25891,-97.74622,2,1,3,16,1,22,1,2,4,11,1,4,N,4,NA,NA,4,97,97,,,1,0,0,0,0,1,0,N,N,N,N,N,N,N,11/8/2014,7:39 PM,227,22,N,N,NA,NA,19,,,1,,,S CONGRESS,AVE,N,N,35,N,N,,Y,19,,,1,,,BARTON SPRINGS,RD,NA,,,,,,11,1,3,NA,1,1,21,7:39 PM,DISPATCH,7:39 PM,11/8/2014,N,74,1043,93,112,8,5,2,1,64,38,1,5,1,21,21,227,22,30.25891,-97.74622,,,,NA,S CONGRESS AVE,301,NA,NA,NA,NA,NA,,,,BARTON SPRINGS RD,NA,NA,NA,NA,Y,N,N,1,9,Y,SAT,NA,NA,NA,NA,NA,NA,NA,NA,NA,NA,NA,NA,NA,NA,NA,NA,NA,NA,NA,NA,NA,NA,NA,NA,NA,NA,NA,NA,NA,NA,NA,NA,NA,NA,NA,NA,NA,NA,NA,NA,NA,NA,NA,NA,NA,NA,NA,NA,NA,,,NA,NA,NA,NA,1,0,0,2,0,1,0,90,141163012,1411630121
14124140,AUS_14124140,30.20416,-97.8099,2,1,3,16,2,24,1,1,4,11,1,4,N,4,NA,NA,4,97,97,,,0,1,0,0,0,1,0,N,N,N,N,N,N,N,10/22/2014,5:49 PM,227,22,N,N,NA,NA,19,,,1,,W,WILLIAM CANNON,DR,N,N,40,N,N,,Y,19,,,1,,,WHISPERING OAKS,DR,NA,,,,,,11,1,2,NA,2,1,8,5:49 PM,DISPATCH,5:57 PM,10/22/2014,Y,74,1043,93,112,8,5,2,1,64,54,1,5,1,21,21,227,22,30.20416,-97.8099,,,,NA,W WILLIAM CANNON DR,,NA,NA,NA,NA,NA,,,,WHISPERING OAKS DR,NA,NA,NA,NA,Y,N,N,2,9,Y,WED,NA,NA,NA,NA,NA,NA,NA,NA,NA,NA,NA,NA,NA,NA,NA,NA,NA,NA,NA,NA,NA,NA,NA,NA,NA,NA,NA,NA,NA,NA,NA,NA,NA,NA,NA,NA,NA,NA,NA,NA,NA,NA,NA,NA,NA,NA,NA,NA,NA,,,NA,NA,NA,NA,0,1,0,1,0,1,0,90,141241402,1412414021
14124691,AUS_14124691,30.44011575,-97.66855656,2,1,3,16,2,17,1,1,4,11,1,4,N,4,NA,NA,4,97,97,,,0,1,0,0,0,1,0,N,N,N,N,N,N,N,11/7/2014,7:05 AM,227,22,N,N,NA,NA,1,35,A,2,14100,N,IH 35 NB SVC,RD,N,N,55,N,N,,Y,19,,,1,1400,,WELLS BRANCH,PKWY,NA,,,,,,11,1,4,2,1,1,15,7:15 AM,DISPATCH,7:26 AM,11/7/2014,N,74,NA,46,64,8,5,2,1,64,54,2,1,1,21,21,227,22,30.44011575,-97.66855656,IH,35,,246.778,IH0035,,15,10,0.373,248,-0.403,,,,WELLS BRANCH PKY,NA,NA,NA,NA,Y,Y,N,2,9,Y,FRI,5,0,4,10,11,2,6,300,100,72,4,0,0,2,8,5,2,20,5,2,3,4,11,121890,2012,121890,3.1,8.5,11.6,NA,NA,NA,NA,NA,NA,NA,NA,NA,NA,NA,NA,NA,NA,NA,NA,NA,NA,NA,NA,,,NA,NA,NA,NA,0,1,0,1,0,1,0,90,141246912,1412469121
14128759,AUS_14128759,30.23044065,-97.75975127,2,1,3,16,3,27,1,1,4,11,1,2,N,4,NA,NA,4,97,97,,,0,0,1,0,0,1,0,N,N,N,N,N,N,N,10/8/2014,7:47 AM,227,22,N,N,NA,NA,19,,,7,3500,S,CONGRESS,AVE,N,N,35,N,N,,N,19,,,NA,100,,LIGHTSEY,RD,NA,,,,,,11,1,0,NA,1,1,1,7:47 AM,DISPATCH,7:50 AM,10/8/2014,N,74,1043,93,112,8,5,3,3,64,13,1,5,1,32,21,227,22,30.23044065,-97.75975127,,,,NA,S CONGRESS AVE,3286,NA,NA,NA,NA,NA,,,,N/A,NA,NA,NA,NA,Y,N,N,3,9,Y,WED,NA,NA,NA,NA,NA,NA,NA,NA,NA,NA,NA,NA,NA,NA,NA,NA,NA,NA,NA,NA,NA,NA,NA,NA,NA,NA,NA,NA,NA,NA,NA,NA,NA,NA,NA,NA,NA,NA,NA,NA,NA,NA,NA,NA,NA,NA,NA,NA,NA,,,NA,NA,NA,NA,0,0,1,1,0,1,0,90,141287592,1412875921
14129055,AUS_14129055,30.28165486,-97.70957603,2,1,3,16,3,47,3,1,4,11,1,5,N,4,NA,NA,4,97,97,,,0,0,1,0,0,1,0,N,N,N,N,N,N,N,10/23/2014,9:56 AM,227,22,N,Y,NA,NA,19,,,1,2800,E,MARTIN LUTHER KING JR,BLVD,N,N,45,N,N,,N,19,,,NA,1900,,ALEXANDER,AVE,NA,,,,,,11,4,0,NA,3,1,1,9:56 AM,DISPATCH,10:56 AM,10/23/2014,Y,74,NA,34,48,8,5,3,2,64,13,1,5,2,32,21,227,22,30.28165486,-97.70957603,,,,NA,E MARTIN LUTHER KING JR BLVD,2892,NA,NA,NA,NA,NA,,,,N/A,NA,NA,NA,NA,Y,N,N,3,9,Y,THU,NA,NA,NA,NA,NA,NA,NA,NA,NA,NA,NA,NA,NA,NA,NA,NA,NA,NA,NA,NA,NA,NA,NA,NA,NA,NA,NA,NA,NA,NA,NA,NA,NA,NA,NA,NA,NA,NA,NA,NA,NA,NA,NA,NA,NA,NA,NA,NA,NA,,,NA,NA,NA,NA,0,0,1,1,0,1,0,90,141290552,1412905521
14129274,AUS_14129274,30.32318,-97.72808,2,1,3,16,0,NA,NA,0,4,11,1,5,N,4,NA,NA,4,97,97,,,0,0,0,0,1,0,0,N,N,N,N,N,N,N,10/29/2014,4:52 PM,227,1792,Y,N,NA,NA,19,,,1,5500,N,LAMAR,BLVD,N,N,45,N,N,,N,19,,,NA,,,HOUSTON,ST,NA,,,,,,11,1,0,NA,8,1,1,4:52 PM,DISPATCH,4:55 PM,10/29/2014,Y,74,NA,121,95,8,5,4,1,64,54,1,5,1,21,21,227,22,30.32318,-97.72808,,,,NA,N LAMAR BLVD,5500,NA,NA,NA,NA,NA,,,,N/A,NA,NA,NA,NA,Y,N,N,3,9,Y,WED,NA,NA,NA,NA,NA,NA,NA,NA,NA,NA,NA,NA,NA,NA,NA,NA,NA,NA,NA,NA,NA,NA,NA,NA,NA,NA,NA,NA,NA,NA,NA,NA,NA,NA,NA,NA,NA,NA,NA,NA,NA,NA,NA,NA,NA,NA,NA,NA,NA,,,NA,NA,NA,NA,0,0,1,0,1,1,0,90,141292742,1412927421
14129303,AUS_14129303,30.30275001,-97.73816,2,1,3,16,2,55,1,1,4,11,1,4,N,4,NA,NA,4,97,97,,,0,1,0,0,0,1,0,N,N,N,N,N,N,N,10/31/2014,6:23 PM,227,1792,Y,Y,NA,NA,19,,,1,3800,,GUADALUPE,ST,N,N,35,N,N,,N,19,,,NA,512,W,38TH 12,ST,NA,,,,,,11,1,0,NA,1,1,16,6:23 PM,DISPATCH,6:32 PM,10/31/2014,Y,74,1061,10,14,8,5,2,1,64,3,1,5,1,21,21,227,22,30.30275001,-97.73816,,,,NA,GUADALUPE ST,3800,NA,NA,NA,NA,NA,,,,UNKNOWN,NA,NA,NA,NA,Y,N,N,2,9,Y,FRI,NA,NA,NA,NA,NA,NA,NA,NA,NA,NA,NA,NA,NA,NA,NA,NA,NA,NA,NA,NA,NA,NA,NA,NA,NA,NA,NA,NA,NA,NA,NA,NA,NA,NA,NA,NA,NA,NA,NA,NA,NA,NA,NA,NA,NA,NA,NA,NA,NA,,,NA,NA,NA,NA,0,1,0,1,0,1,0,90,141293032,1412930321
14129762,AUS_14129762,30.35726338,-97.7305311,2,1,3,16,1,31,1,2,4,11,1,4,N,4,NA,NA,4,97,97,,,1,0,0,0,0,1,0,N,N,N,N,N,N,N,11/16/2014,12:28 PM,227,22,N,Y,NA,NA,19,,,1,8100,,BURNET,RD,N,N,40,N,N,,N,19,,,NA,,,ASHDALE,DR,NA,,,,,,12,1,0,NA,1,2,20,12:32 PM,DISPATCH,12:34 PM,11/16/2014,Y,74,NA,46,64,8,5,3,2,64,13,1,5,1,32,21,227,22,30.35726338,-97.7305311,,,,NA,BURNET RD,7931,NA,NA,NA,NA,NA,,,,N/A,NA,NA,NA,NA,Y,N,N,1,9,Y,SUN,NA,NA,NA,NA,NA,NA,NA,NA,NA,NA,NA,NA,NA,NA,NA,NA,NA,NA,NA,NA,NA,NA,NA,NA,NA,NA,NA,NA,NA,NA,NA,NA,NA,NA,NA,NA,NA,NA,NA,NA,NA,NA,NA,NA,NA,NA,NA,NA,NA,,,NA,NA,NA,NA,1,0,0,1,0,1,0,90,141297622,1412976221
14132006,AUS_14132006,30.28769,-97.74158,2,1,3,16,2,21,4,1,4,11,1,97,N,4,NA,NA,4,97,97,,,0,1,0,0,0,1,0,N,N,N,N,N,N,N,10/31/2014,9:24 AM,227,1792,Y,N,NA,NA,19,,,1,2400,,GUADALUPE,ST,N,N,-1,N,N,,Y,19,,,1,300,W,24TH,ST,NA,,,,,,11,1,4,NA,1,1,5,9:24 AM,DISPATCH,9:26 AM,10/31/2014,Y,74,1061,10,14,8,5,2,3,64,54,1,5,1,21,21,227,22,30.28769,-97.74158,,,,NA,GUADALUPE ST,2399,NA,NA,NA,NA,NA,,,,W 24TH ST,NA,NA,NA,NA,Y,N,N,2,9,Y,FRI,NA,NA,NA,NA,NA,NA,NA,NA,NA,NA,NA,NA,NA,NA,NA,NA,NA,NA,NA,NA,NA,NA,NA,NA,NA,NA,NA,NA,NA,NA,NA,NA,NA,NA,NA,NA,NA,NA,NA,NA,NA,NA,NA,NA,NA,NA,NA,NA,NA,,,NA,NA,NA,NA,0,1,0,1,0,1,0,90,141320062,1413200621
14134312,AUS_14134312,30.45634,-97.80461,2,1,3,16,3,51,1,2,4,11,1,97,N,4,NA,NA,4,97,97,,,0,0,1,0,0,1,0,N,N,N,N,N,N,N,10/29/2014,5:43 PM,246,1811,Y,N,NA,NA,19,,,1,,,LAKE CREEK,PKWY,N,N,40,N,N,,Y,19,,,1,,,MILLWRIGHT,PKWY,NA,,,,,,11,1,2,NA,4,1,8,5:43 PM,DISPATCH,5:50 PM,10/29/2014,Y,74,NA,46,64,8,5,1,1,64,54,1,5,1,21,21,246,22,30.45634,-97.80461,,,,NA,LAKE CREEK PKY,,NA,NA,NA,NA,NA,,,,MILLWRIGHT PKY,NA,NA,NA,NA,Y,N,N,3,9,Y,WED,NA,NA,NA,NA,NA,NA,NA,NA,NA,NA,NA,NA,NA,NA,NA,NA,NA,NA,NA,NA,NA,NA,NA,NA,NA,NA,NA,NA,NA,NA,NA,NA,NA,NA,NA,NA,NA,NA,NA,NA,NA,NA,NA,NA,NA,NA,NA,NA,NA,,,NA,NA,NA,NA,0,0,1,1,0,1,0,90,141343122,1413431221
14137679,AUS_14137679,30.39475,-97.70681,2,1,3,16,2,30,1,1,4,11,1,97,N,4,NA,NA,4,97,97,,,0,1,0,0,0,1,0,N,N,N,N,N,N,N,10/27/2014,4:00 PM,227,1792,Y,Y,NA,NA,19,,,1,11900,,METRIC,BLVD,N,N,45,N,N,,Y,19,,,1,,,STONEHOLLOW,DR,NA,,,,,,11,1,4,NA,1,1,5,3:59 PM,BY CITIZEN,4:25 PM,11/4/2014,Y,74,36,67,282,8,5,2,1,64,3,1,5,1,21,21,227,22,30.39475,-97.70681,,,,NA,METRIC BLVD,,NA,NA,NA,NA,NA,,,,STONEHOLLOW DR,NA,NA,NA,NA,Y,N,N,2,9,Y,MON,NA,NA,NA,NA,NA,NA,NA,NA,NA,NA,NA,NA,NA,NA,NA,NA,NA,NA,NA,NA,NA,NA,NA,NA,NA,NA,NA,NA,NA,NA,NA,NA,NA,NA,NA,NA,NA,NA,NA,NA,NA,NA,NA,NA,NA,NA,NA,NA,NA,,,NA,NA,NA,NA,0,1,0,1,0,1,0,90,141376792,1413767921