CrashID,CrashID1,Latitude,Longitude,Unit_Nbr,Prsn_Nbr,Prsn_Type_ID,Prsn_Occpnt_Pos_ID,Prsn_Injry_Sev_ID,Prsn_Age,Prsn_Ethnicity_ID,Prsn_Gndr_ID,Prsn_Ejct_ID,Prsn_Rest_ID,Prsn_Airbag_ID,Prsn_Helmet_ID,Prsn_Sol_Fl,Prsn_Alc_Spec_Type_ID,Prsn_Alc_Rslt_ID,Prsn_Bac_Test_Rslt,Prsn_Drg_Spec_Type_ID,Prsn_Drg_Rslt_ID,Drvr_Drg_Cat_1_ID,Prsn_Death_Date,Prsn_Death_Time,Incap_Injry_Cnt.x,Nonincap_Injry_Cnt.x,Poss_Injry_Cnt.x,Non_Injry_Cnt.x,Unkn_Injry_Cnt.x,Tot_Injry_Cnt.x,Death_Cnt.x,Crash_Fatal_Fl,Cmv_Involv_Fl,Schl_Bus_Fl,Rr_Relat_Fl,Medical_Advisory_Fl,Amend_Supp_Fl,Active_School_Zone_Fl,Crash_Date,Crash_Time,Rpt_CRIS_Cnty_ID,Rpt_City_ID,Rpt_Outside_City_Limit_Fl,Thousand_Damage_Fl,Rpt_Latitude,Rpt_Longitude,Rpt_Rdwy_Sys_ID,Rpt_Hwy_Num,Rpt_Hwy_Sfx,Rpt_Road_Part_ID,Rpt_Block_Num,Rpt_Street_Pfx,Rpt_Street_Name,Rpt_Street_Sfx,Private_Dr_Fl,Toll_Road_Fl,Crash_Speed_Limit,Road_Constr_Zone_Fl,Road_Constr_Zone_Wrkr_Fl,Rpt_Street_Desc,At_Intrsct_Fl,Rpt_Sec_Rdwy_Sys_ID,Rpt_Sec_Hwy_Num,Rpt_Sec_Hwy_Sfx,Rpt_Sec_Road_Part_ID,Rpt_Sec_Block_Num,Rpt_Sec_Street_Pfx,Rpt_Sec_Street_Name,Rpt_Sec_Street_Sfx,Rpt_Ref_Mark_Offset_Amt,Rpt_Ref_Mark_Dist_Uom,Rpt_Ref_Mark_Dir,Rpt_Ref_Mark_Nbr,Rpt_Sec_Street_Desc,Rpt_CrossingNumber,Wthr_Cond_ID,Light_Cond_ID,Entr_Road_ID,Road_Type_ID,Road_Algn_ID,Surf_Cond_ID,Traffic_Cntl_ID,Investigat_Notify_Time,Investigat_Notify_Meth,Investigat_Arrv_Time,Report_Date,Investigat_Comp_Fl,Investigat_Agency_ID,Investigat_Area_ID,Investigat_District_ID,Investigat_Region_ID,Bridge_Detail_ID,Harm_Evnt_ID,Intrsct_Relat_ID,FHE_Collsn_ID,Obj_Struck_ID,Othr_Factr_ID,Road_Part_Adj_ID,Road_Cls_ID,Road_Relat_ID,Phys_Featr_1_ID,Phys_Featr_2_ID,Cnty_ID,City_ID,Latitude,Longitude,Hwy_Sys,Hwy_Nbr,Hwy_Sfx,Dfo,Street_Name,Street_Nbr,Control,Section,Milepoint,Ref_Mark_Nbr,Ref_Mark_Displ,Hwy_Sys_2,Hwy_Nbr_2,Hwy_Sfx_2,Street_Name_2,Street_Nbr_2,Control_2,Section_2,Milepoint_2,Txdot_Rptable_Fl,Onsys_Fl,Rural_Fl,Crash_Sev_ID,Pop_Group_ID,Located_Fl,Day_of_Week,Hwy_Dsgn_Lane_ID,Hwy_Dsgn_Hrt_ID,Hp_Shldr_Left,Hp_Shldr_Right,Hp_Median_Width,Base_Type_ID,Nbr_Of_Lane,Row_Width_Usual,Roadbed_Width,Surf_Width,Surf_Type_ID,Curb_Type_Left_ID,Curb_Type_Right_ID,Shldr_Type_Left_ID,Shldr_Width_Left,Shldr_Use_Left_ID,Shldr_Type_Right_ID,Shldr_Width_Right,Shldr_Use_Right_ID,Median_Type_ID,Median_Width,Rural_Urban_Type_ID,Func_Sys_ID,Adt_Curnt_Amt,Adt_Curnt_Year,Adt_Adj_Curnt_Amt,Pct_Single_Trk_Adt,Pct_Combo_Trk_Adt,Trk_Aadt_Pct,Curve_Type_ID,Curve_Lngth,Cd_Degr,Delta_Left_Right_ID,Dd_Degr,Feature_Crossed,Structure_Number,I_R_Min_Vert_Clear,Approach_Width,Bridge_Median_ID,Bridge_Loading_Type_ID,Bridge_Loading_In_1000_Lbs,Bridge_Srvc_Type_On_ID,Bridge_Srvc_Type_Under_ID,Culvert_Type_ID,Roadway_Width,Deck_Width,Bridge_Dir_Of_Traffic_ID,Bridge_Rte_Struct_Func_ID,Bridge_IR_Struct_Func_ID,CrossingNumber,RRCo,Poscrossing_ID,WDCode_ID,Standstop,Yield,Incap_Injry_Cnt.y,Nonincap_Injry_Cnt.y,Poss_Injry_Cnt.y,Non_Injry_Cnt.y,Unkn_Injry_Cnt.y,Tot_Injry_Cnt.y,Death_Cnt.y,MPO_ID,Unit_ID,Unit_Prsn_ID
13120151,AUS_13120151,30.22236022,-97.77209511,2,1,3,16,2,15,2,1,4,11,1,4,N,4,NA,NA,4,97,97,,,0,1,0,0,0,1,0,N,N,N,N,N,N,N,2/1/2013,12:25 PM,227,22,N,N,NA,NA,19,,,1,4300,S,1ST,ST,N,N,0,N,N,,Y,19,,,NA,600,E,ST ELMO,RD,NA,,,,,,11,1,4,NA,3,1,15,12:25 PM,DISPATCHED,12:25 PM,2/1/2013,Y,74,17,105,112,8,5,1,1,64,3,1,5,1,21,21,227,22,30.22236022,-97.77209511,,,,NA,S 1ST ST,4300,NA,NA,NA,NA,NA,,,,UNKNOWN,NA,NA,NA,NA,Y,N,N,2,9,Y,FRI,NA,NA,NA,NA,NA,NA,NA,NA,NA,NA,NA,NA,NA,NA,NA,NA,NA,NA,NA,NA,NA,NA,NA,NA,NA,NA,NA,NA,NA,NA,NA,NA,NA,NA,NA,NA,NA,NA,NA,NA,NA,NA,NA,NA,NA,NA,NA,NA,NA,,,NA,NA,NA,NA,0,1,0,1,0,1,0,90,131201512,1312015121
13120189,AUS_13120189,30.26724105,-97.74932283,1,1,3,16,2,38,1,1,4,11,1,1,N,4,NA,NA,4,97,97,,,0,1,0,0,0,1,0,N,N,N,N,N,N,N,2/4/2013,3:44 PM,227,22,N,N,NA,NA,19,,,1,300,,NUECES,ST,N,N,30,N,N,,N,19,,,NA,,W,3RD,ST,NA,,,,,,11,1,0,NA,1,1,1,3:44 PM,DISPATCHED,7:00 PM,2/4/2013,Y,74,NA,NA,359,8,5,4,2,64,54,1,5,1,12,21,227,22,30.26724105,-97.74932283,,,,NA,NUECES ST,342,NA,NA,NA,NA,NA,,,,N/A,NA,NA,NA,NA,Y,N,N,2,9,Y,MON,NA,NA,NA,NA,NA,NA,NA,NA,NA,NA,NA,NA,NA,NA,NA,NA,NA,NA,NA,NA,NA,NA,NA,NA,NA,NA,NA,NA,NA,NA,NA,NA,NA,NA,NA,NA,NA,NA,NA,NA,NA,NA,NA,NA,NA,NA,NA,NA,NA,,,NA,NA,NA,NA,0,1,0,1,0,1,0,90,131201891,1312018911
13138037,AUS_13138037,30.42189,-97.66576,1,1,3,16,1,25,1,1,4,11,1,4,N,4,NA,NA,4,97,97,,,1,0,0,0,0,1,0,N,N,N,N,N,N,N,1/2/2013,10:59 PM,227,22,N,Y,NA,NA,19,,,1,900,W,HOWARD,LN,N,N,50,N,N,,Y,19,,,NA,,,THE LAKES,BLVD,NA,,,,,,11,4,4,NA,1,1,5,10:59 PM,DISPATCH,11:01 PM,1/3/2013,Y,74,63,123,143,8,5,1,1,64,54,1,5,1,21,21,227,22,30.42189,-97.66576,,,,NA,W HOWARD LN,900,NA,NA,NA,NA,NA,,,,UNKNOWN,NA,NA,NA,NA,Y,N,N,1,9,Y,WED,NA,NA,NA,NA,NA,NA,NA,NA,NA,NA,NA,NA,NA,NA,NA,NA,NA,NA,NA,NA,NA,NA,NA,NA,NA,NA,NA,NA,NA,NA,NA,NA,NA,NA,NA,NA,NA,NA,NA,NA,NA,NA,NA,NA,NA,NA,NA,NA,NA,,,NA,NA,NA,NA,1,0,0,2,0,1,0,90,131380371,1313803711
13138064,AUS_13138064,30.26929,-97.73615,2,1,3,16,2,28,1,2,4,11,1,4,N,4,NA,NA,4,97,97,,,0,1,0,0,0,1,0,N,N,N,N,N,N,N,2/7/2013,8:13 AM,227,22,N,N,NA,NA,19,,,1,,,RED RIVER,ST,N,N,30,N,N,,Y,19,,,NA,,E,9TH,ST,NA,,,,,,12,1,4,NA,1,1,11,8:14 AM,DISPATCH,8:17 AM,2/7/2013,N,74,NA,53,312,8,5,1,2,64,54,1,5,1,21,21,227,22,30.26929,-97.73615,,,,NA,RED RIVER ST,899,NA,NA,NA,NA,NA,,,,E 9TH ST,NA,NA,NA,NA,Y,N,N,2,9,Y,THU,NA,NA,NA,NA,NA,NA,NA,NA,NA,NA,NA,NA,NA,NA,NA,NA,NA,NA,NA,NA,NA,NA,NA,NA,NA,NA,NA,NA,NA,NA,NA,NA,NA,NA,NA,NA,NA,NA,NA,NA,NA,NA,NA,NA,NA,NA,NA,NA,NA,,,NA,NA,NA,NA,0,1,0,0,1,1,0,90,131380642,1313806421
13138078,AUS_13138078,30.21138,-97.83196,1,1,3,16,2,20,1,2,4,11,1,4,N,4,NA,NA,4,97,97,,,0,1,0,0,0,1,0,N,N,N,N,N,N,N,2/4/2013,4:55 PM,227,22,N,Y,NA,NA,19,,,1,7000,,BRODIE,LN,N,N,30,N,N,,Y,19,,,NA,3500,,CONVICT HILL,RD,NA,,,,,,11,1,3,NA,1,1,5,4:55 PM,DISPATCHED,5:04 PM,2/4/2013,Y,74,NA,NA,195,8,5,2,2,64,54,1,5,1,21,21,227,22,30.21138,-97.83196,,,,NA,BRODIE LN,,NA,NA,NA,NA,NA,,,,CONVICT HILL RD,NA,NA,NA,NA,Y,N,N,2,9,Y,MON,NA,NA,NA,NA,NA,NA,NA,NA,NA,NA,NA,NA,NA,NA,NA,NA,NA,NA,NA,NA,NA,NA,NA,NA,NA,NA,NA,NA,NA,NA,NA,NA,NA,NA,NA,NA,NA,NA,NA,NA,NA,NA,NA,NA,NA,NA,NA,NA,NA,,,NA,NA,NA,NA,0,1,0,1,0,1,0,90,131380781,1313807811
13146106,AUS_13146106,30.31119,-97.71339,2,1,3,16,3,33,1,1,4,11,1,1,N,4,NA,NA,4,97,97,,,0,0,1,0,0,1,0,N,N,N,N,N,N,N,2/12/2013,5:26 PM,227,22,N,N,NA,NA,19,,,1,900,E,51ST,ST,N,N,30,N,N,,Y,19,,,NA,5100,,BENNETT,,NA,,,,,,11,1,98,NA,1,1,8,5:26 PM,DISPATCHED,5:30 PM,2/12/2013,Y,74,NA,75,95,8,5,1,1,64,54,1,5,1,21,21,227,22,30.31119,-97.71339,,,,NA,E 51ST ST,924,NA,NA,NA,NA,NA,,,,BENNETT AVE,NA,NA,NA,NA,Y,N,N,3,9,Y,TUE,NA,NA,NA,NA,NA,NA,NA,NA,NA,NA,NA,NA,NA,NA,NA,NA,NA,NA,NA,NA,NA,NA,NA,NA,NA,NA,NA,NA,NA,NA,NA,NA,NA,NA,NA,NA,NA,NA,NA,NA,NA,NA,NA,NA,NA,NA,NA,NA,NA,,,NA,NA,NA,NA,0,0,1,1,0,1,0,90,131461062,1314610621
13146122,AUS_13146122,30.31984,-97.73919,2,1,3,16,1,41,2,1,4,11,1,3,N,4,NA,NA,4,97,97,,,1,0,0,0,0,1,0,N,N,N,N,N,N,N,2/13/2013,5:32 PM,227,22,N,Y,NA,NA,19,,,1,,W,49TH,ST,N,N,35,N,N,,Y,19,,,NA,,,BURNET,RD,NA,,,,,,11,1,4,NA,4,1,5,5:33 PM,DISPATCH,5:34 PM,2/13/2013,Y,74,NA,NA,125,8,5,1,1,64,54,1,5,1,21,21,227,22,30.31984,-97.73919,,,,NA,W 49TH ST,2100,NA,NA,NA,NA,NA,,,,BURNET RD,NA,NA,NA,NA,Y,N,N,1,9,Y,WED,NA,NA,NA,NA,NA,NA,NA,NA,NA,NA,NA,NA,NA,NA,NA,NA,NA,NA,NA,NA,NA,NA,NA,NA,NA,NA,NA,NA,NA,NA,NA,NA,NA,NA,NA,NA,NA,NA,NA,NA,NA,NA,NA,NA,NA,NA,NA,NA,NA,,,NA,NA,NA,NA,1,0,0,1,0,1,0,90,131461222,1314612221
13146129,AUS_13146129,30.27731,-97.71659,2,1,3,16,1,20,1,2,4,11,1,5,N,4,NA,NA,4,97,97,,,1,0,0,0,0,1,0,N,N,N,N,N,N,N,2/12/2013,11:46 AM,227,22,N,N,NA,NA,19,,,1,1600,,CHESTNUT,AVE,N,N,0,N,N,,Y,19,,,NA,,E,16TH,ST,NA,,,,,,11,1,4,NA,3,1,8,11:46 AM,DISPATCH,11:52 AM,2/12/2013,Y,74,NA,NA,96,8,5,1,1,64,46,1,5,1,21,21,227,22,30.27731,-97.71659,,,,NA,CHESTNUT AVE,1601,NA,NA,NA,NA,NA,,,,E 16TH ST,NA,NA,NA,NA,Y,N,N,1,9,Y,TUE,NA,NA,NA,NA,NA,NA,NA,NA,NA,NA,NA,NA,NA,NA,NA,NA,NA,NA,NA,NA,NA,NA,NA,NA,NA,NA,NA,NA,NA,NA,NA,NA,NA,NA,NA,NA,NA,NA,NA,NA,NA,NA,NA,NA,NA,NA,NA,NA,NA,,,NA,NA,NA,NA,1,0,0,1,0,1,0,90,131461292,1314612921
13146178,AUS_13146178,30.31239,-97.73078,2,1,3,16,2,43,1,1,4,11,1,1,N,4,NA,NA,4,97,97,,,0,1,0,0,0,1,0,N,N,N,N,N,N,N,2/15/2013,8:22 AM,227,22,N,N,NA,NA,19,,,1,,W,46TH,ST,N,N,30,N,N,,Y,19,,,NA,,,AVENUE A,,NA,,,,,,11,1,4,NA,1,1,8,8:23 AM,DISPATCHED,8:30 AM,2/15/2013,Y,74,NA,NA,139,8,5,1,3,64,54,1,5,1,21,21,227,22,30.31239,-97.73078,,,,NA,W 46TH ST,498,NA,NA,NA,NA,NA,,,,AVENUE A,NA,NA,NA,NA,Y,N,N,2,9,Y,FRI,NA,NA,NA,NA,NA,NA,NA,NA,NA,NA,NA,NA,NA,NA,NA,NA,NA,NA,NA,NA,NA,NA,NA,NA,NA,NA,NA,NA,NA,NA,NA,NA,NA,NA,NA,NA,NA,NA,NA,NA,NA,NA,NA,NA,NA,NA,NA,NA,NA,,,NA,NA,NA,NA,0,1,0,1,0,1,0,90,131461782,1314617821
13146228,AUS_13146228,30.26601786,-97.76865404,2,1,3,16,2,25,1,2,4,11,1,97,N,4,NA,NA,4,97,97,,,0,1,0,0,0,1,0,N,N,N,N,N,N,N,2/18/2013,3:26 PM,227,22,N,N,NA,NA,19,,,1,2200,,BARKER SPRINGS,RD,N,N,35,N,N,,N,19,,,NA,1100,,WILLIAM BARTON,DR,NA,,,,,,11,1,2,NA,1,1,1,3:26 PM,DISPATCH,3:35 PM,2/18/2013,Y,74,42,93,112,8,5,2,3,64,54,1,5,1,21,21,227,22,30.26601786,-97.76865404,,,,NA,BARTON SPRINGS RD,,NA,NA,NA,NA,NA,,,,UNKNOWN,NA,NA,NA,NA,Y,N,N,2,9,Y,MON,NA,NA,NA,NA,NA,NA,NA,NA,NA,NA,NA,NA,NA,NA,NA,NA,NA,NA,NA,NA,NA,NA,NA,NA,NA,NA,NA,NA,NA,NA,NA,NA,NA,NA,NA,NA,NA,NA,NA,NA,NA,NA,NA,NA,NA,NA,NA,NA,NA,,,NA,NA,NA,NA,0,1,0,1,0,1,0,90,131462282,1314622821
13154767,AUS_13154767,30.23285,-97.72443,2,1,3,16,2,19,2,1,4,11,1,4,N,4,NA,NA,4,97,97,,,0,1,0,0,0,1,0,N,N,N,N,N,N,N,2/25/2013,7:16 AM,227,22,N,N,NA,NA,19,,,1,,,SOUTH PLEASANT VALLEY,RD,N,N,35,N,N,,Y,19,,,NA,,,WILLOW HILL,DR,NA,,,,,,11,1,2,NA,2,1,8,7:18 AM,DISPATCHED,7:27 AM,2/25/2013,Y,74,NA,41,274,8,5,4,1,64,54,1,5,1,21,21,227,22,30.23285,-97.72443,,,,NA,S PLEASANT VALLEY RD,,NA,NA,NA,NA,NA,,,,N/A,NA,NA,NA,NA,Y,N,N,2,9,Y,MON,NA,NA,NA,NA,NA,NA,NA,NA,NA,NA,NA,NA,NA,NA,NA,NA,NA,NA,NA,NA,NA,NA,NA,NA,NA,NA,NA,NA,NA,NA,NA,NA,NA,NA,NA,NA,NA,NA,NA,NA,NA,NA,NA,NA,NA,NA,NA,NA,NA,,,NA,NA,NA,NA,0,1,0,2,0,1,0,90,131547672,1315476721
13156284,AUS_13156284,30.26392823,-97.72607174,2,1,3,16,2,28,1,2,4,11,1,4,N,4,NA,NA,4,97,97,,,0,1,0,0,0,1,0,N,N,N,N,N,N,N,2/26/2013,1:14 AM,227,22,N,Y,NA,NA,19,,,1,1600,E,7TH,ST,N,N,35,N,N,,N,19,,,NA,,,COMAL,ST,NA,,,,,,11,4,0,NA,2,1,1,1:15 AM,DISP,1:17 AM,2/26/2013,Y,74,NA,NA,NA,8,5,4,1,64,54,1,5,1,21,21,227,22,30.26392823,-97.72607174,,,,NA,E 7TH ST,1601,NA,NA,NA,NA,NA,,,,N/A,NA,NA,NA,NA,Y,N,N,2,9,Y,TUE,NA,NA,NA,NA,NA,NA,NA,NA,NA,NA,NA,NA,NA,NA,NA,NA,NA,NA,NA,NA,NA,NA,NA,NA,NA,NA,NA,NA,NA,NA,NA,NA,NA,NA,NA,NA,NA,NA,NA,NA,NA,NA,NA,NA,NA,NA,NA,NA,NA,,,NA,NA,NA,NA,0,1,0,0,1,1,0,90,131562842,1315628421
13156295,AUS_13156295,30.42249001,-97.79358001,2,1,3,16,2,21,4,2,4,11,1,1,N,4,NA,NA,4,97,97,,,0,1,0,0,0,1,0,N,N,N,N,N,N,N,2/23/2013,12:22 PM,227,22,N,Y,NA,NA,19,,,1,10400,,SCOTLAND WELL,DR,N,N,30,N,N,,N,19,,,NA,,,SPICEWOOD SPRINGS,RD,NA,,,,,,11,1,0,NA,2,1,20,12:23 PM,RADIO,12:29 PM,2/23/2013,Y,74,22,46,64,8,5,2,1,64,54,1,5,1,21,21,227,22,30.42249001,-97.79358001,,,,NA,SCOTLAND WELL DR,10400,NA,NA,NA,NA,NA,,,,UNKNOWN,NA,NA,NA,NA,Y,N,N,2,9,Y,SAT,NA,NA,NA,NA,NA,NA,NA,NA,NA,NA,NA,NA,NA,NA,NA,NA,NA,NA,NA,NA,NA,NA,NA,NA,NA,NA,NA,NA,NA,NA,NA,NA,NA,NA,NA,NA,NA,NA,NA,NA,NA,NA,NA,NA,NA,NA,NA,NA,NA,,,NA,NA,NA,NA,0,1,0,2,0,1,0,90,131562952,1315629521
13156318,AUS_13156318,30.34397,-97.71496,2,1,3,16,2,29,1,1,4,11,2,2,N,4,NA,NA,4,97,97,,,0,1,0,0,0,1,0,N,N,N,N,N,N,N,2/19/2013,3:40 PM,227,22,N,N,NA,NA,19,,,1,,N,LAMAR,BLVD,N,N,0,N,N,,Y,19,,,NA,,,MORROW,ST,NA,,,,,,11,1,4,NA,1,1,5,3:44 PM,DISPATCH,3:53 PM,2/19/2013,Y,74,NA,75,95,8,5,1,2,64,54,1,2,1,21,21,227,22,30.34397,-97.71496,,,,NA,N LAMAR BLVD,,NA,NA,NA,NA,NA,,,,UNKNOWN,NA,NA,NA,NA,Y,N,N,2,9,Y,TUE,NA,NA,NA,NA,NA,NA,NA,NA,NA,NA,NA,NA,NA,NA,NA,NA,NA,NA,NA,NA,NA,NA,NA,NA,NA,NA,NA,NA,NA,NA,NA,NA,NA,NA,NA,NA,NA,NA,NA,NA,NA,NA,NA,NA,NA,NA,NA,NA,NA,,,NA,NA,NA,NA,0,1,0,1,0,1,0,90,131563182,1315631821
13156346,AUS_13156346,30.17728,-97.83695,2,1,3,16,3,19,1,1,4,11,1,3,N,4,NA,NA,4,97,97,,,0,0,1,0,0,1,0,N,N,N,N,N,N,N,2/19/2013,8:10 PM,227,22,N,N,NA,NA,19,,,1,9900,,BRASHER,DR,N,N,30,N,N,,Y,19,,,NA,2700,W,SLAUGHTER,RD,NA,,,,,,11,4,2,NA,1,1,8,8:10 PM,DISPATCH,8:15 PM,2/19/2013,Y,74,NA,169,130,8,5,2,2,64,54,1,5,1,21,21,227,22,30.17728,-97.83695,,,,NA,BRASHER DR,,NA,NA,NA,NA,NA,,,,W SLAUGHTER LN,NA,NA,NA,NA,Y,N,N,3,9,Y,TUE,NA,NA,NA,NA,NA,NA,NA,NA,NA,NA,NA,NA,NA,NA,NA,NA,NA,NA,NA,NA,NA,NA,NA,NA,NA,NA,NA,NA,NA,NA,NA,NA,NA,NA,NA,NA,NA,NA,NA,NA,NA,NA,NA,NA,NA,NA,NA,NA,NA,,,NA,NA,NA,NA,0,0,1,1,0,1,0,90,131563462,1315634621
13171103,AUS_13171103,30.35552668,-97.68474385,2,1,3,16,2,12,2,1,4,11,1,4,N,4,NA,NA,4,97,97,,,0,1,0,0,0,1,0,N,N,N,N,N,N,N,3/3/2013,2:25 PM,227,22,N,N,NA,NA,19,,,1,8800,,NORTH PLAZA,,N,N,0,N,N,,N,19,,,NA,,,PARK PLAZA,,NA,,,,,,11,1,0,NA,1,1,1,2:25 PM,DISPATCH,2:35 PM,3/3/2013,Y,74,42,378,143,8,5,3,1,64,23,1,5,1,32,21,227,22,30.35552668,-97.68474385,,,,NA,NORTH PLZ,9316,NA,NA,NA,NA,NA,,,,N/A,NA,NA,NA,NA,Y,N,N,2,9,Y,SUN,NA,NA,NA,NA,NA,NA,NA,NA,NA,NA,NA,NA,NA,NA,NA,NA,NA,NA,NA,NA,NA,NA,NA,NA,NA,NA,NA,NA,NA,NA,NA,NA,NA,NA,NA,NA,NA,NA,NA,NA,NA,NA,NA,NA,NA,NA,NA,NA,NA,,,NA,NA,NA,NA,0,1,0,1,0,1,0,90,131711032,1317110321
13171140,AUS_13171140,30.30528,-97.73056,2,1,3,16,2,25,1,1,4,11,1,4,N,4,NA,NA,4,97,97,,,0,1,0,0,0,1,0,N,N,N,N,N,N,N,2/27/2013,4:08 PM,227,22,N,N,NA,NA,19,,,1,,,SPEEDWAY,,N,N,30,N,N,,Y,19,,,NA,,E,42ND,ST,NA,,,,,,11,1,4,NA,1,1,9,4:08 PM,DISPATCHED,4:30 PM,2/27/2013,Y,74,NA,120,14,8,5,1,1,64,3,1,5,1,21,21,227,22,30.30528,-97.73056,,,,NA,SPEEDWAY,4199,NA,NA,NA,NA,NA,,,,W 42ND ST,NA,NA,NA,NA,Y,N,N,2,9,Y,WED,NA,NA,NA,NA,NA,NA,NA,NA,NA,NA,NA,NA,NA,NA,NA,NA,NA,NA,NA,NA,NA,NA,NA,NA,NA,NA,NA,NA,NA,NA,NA,NA,NA,NA,NA,NA,NA,NA,NA,NA,NA,NA,NA,NA,NA,NA,NA,NA,NA,,,NA,NA,NA,NA,0,1,0,1,0,1,0,90,131711402,1317114021
13173200,AUS_13173200,30.35640389,-97.73144154,2,1,3,16,2,16,1,2,4,11,1,5,N,4,NA,NA,4,97,97,,,0,1,0,0,0,1,0,N,N,N,N,N,N,N,3/9/2013,3:04 PM,227,22,N,N,NA,NA,19,,,1,2500,W,ANDERSON,LN,N,N,0,N,N,,N,19,,,NA,,,BURNET,RD,NA,,,,,,11,1,2,NA,1,1,5,3:04 PM,DISPATCH,3:09 PM,3/9/2013,Y,74,NA,75,95,8,5,2,1,64,54,1,2,1,21,21,227,22,30.35640389,-97.73144154,,,,NA,W ANDERSON LN,2408,NA,NA,NA,NA,NA,,,,UNKNOWN,NA,NA,NA,NA,Y,N,N,2,9,Y,SAT,NA,NA,NA,NA,NA,NA,NA,NA,NA,NA,NA,NA,NA,NA,NA,NA,NA,NA,NA,NA,NA,NA,NA,NA,NA,NA,NA,NA,NA,NA,NA,NA,NA,NA,NA,NA,NA,NA,NA,NA,NA,NA,NA,NA,NA,NA,NA,NA,NA,,,NA,NA,NA,NA,0,1,0,1,0,1,0,90,131732002,1317320021
13173213,AUS_13173213,30.21958,-97.75664,2,1,3,16,2,25,1,2,4,11,1,4,Y,4,NA,NA,4,97,97,,,0,1,0,0,0,1,0,N,N,N,N,N,N,N,3/5/2013,1:59 PM,227,22,N,N,NA,NA,19,,,2,,E,BEN WHITE WB,BLVD,N,N,40,N,N,,Y,19,,,NA,,,PAYLOAD PASS,,NA,,,,,,11,1,2,NA,1,1,8,2:07 PM,DISPATCHED,2:14 PM,3/5/2013,Y,74,NA,NA,NA,8,5,1,1,64,54,2,5,1,21,21,227,22,30.21958,-97.75664,,,,NA,E BEN WHITE BLVD,598,NA,NA,NA,NA,NA,,,,PAYLOAD PASS,NA,NA,NA,NA,Y,N,N,2,9,Y,TUE,NA,NA,NA,NA,NA,NA,NA,NA,NA,NA,NA,NA,NA,NA,NA,NA,NA,NA,NA,NA,NA,NA,NA,NA,NA,NA,NA,NA,NA,NA,NA,NA,NA,NA,NA,NA,NA,NA,NA,NA,NA,NA,NA,NA,NA,NA,NA,NA,NA,,,NA,NA,NA,NA,0,1,0,1,0,1,0,90,131732132,1317321321
13173353,AUS_13173353,30.29920069,-97.72949462,1,1,3,16,2,28,1,1,4,11,1,4,N,4,NA,NA,4,97,97,,,0,1,0,0,0,1,0,N,N,N,N,N,N,N,3/11/2013,12:12 AM,227,22,N,N,NA,NA,19,,,1,3800,,DUVAL,ST,N,N,0,N,N,,N,19,,,NA,,E,38TH,ST,NA,,,,,,11,3,0,NA,1,1,1,12:12 AM,DISPATCH,12:16 AM,3/11/2013,Y,74,11,10,14,8,5,4,1,64,3,1,5,1,21,21,227,22,30.29920069,-97.72949462,,,,NA,DUVAL ST,3806,NA,NA,NA,NA,NA,,,,N/A,NA,NA,NA,NA,Y,N,N,2,9,Y,MON,NA,NA,NA,NA,NA,NA,NA,NA,NA,NA,NA,NA,NA,NA,NA,NA,NA,NA,NA,NA,NA,NA,NA,NA,NA,NA,NA,NA,NA,NA,NA,NA,NA,NA,NA,NA,NA,NA,NA,NA,NA,NA,NA,NA,NA,NA,NA,NA,NA,,,NA,NA,NA,NA,0,1,0,2,0,1,0,90,131733531,1317335311
13173392,AUS_13173392,30.27719,-97.7524,2,1,3,16,3,26,1,1,4,11,1,4,N,4,NA,NA,4,97,97,,,0,0,1,0,0,1,0,N,N,N,N,N,N,N,3/6/2013,5:47 PM,227,22,N,N,NA,NA,19,,,1,,,BAYLOR,ST,N,N,30,N,N,,Y,19,,,NA,,W,12TH,ST,NA,,,,,,11,1,4,NA,2,1,8,5:47 PM,DISPATCH,7:00 PM,3/6/2013,Y,74,252,10,14,8,5,1,1,64,54,1,5,1,21,21,227,22,30.27719,-97.7524,,,,NA,BAYLOR ST,1199,NA,NA,NA,NA,NA,,,,W 12TH ST,NA,NA,NA,NA,Y,N,N,3,9,Y,WED,NA,NA,NA,NA,NA,NA,NA,NA,NA,NA,NA,NA,NA,NA,NA,NA,NA,NA,NA,NA,NA,NA,NA,NA,NA,NA,NA,NA,NA,NA,NA,NA,NA,NA,NA,NA,NA,NA,NA,NA,NA,NA,NA,NA,NA,NA,NA,NA,NA,,,NA,NA,NA,NA,0,0,1,1,0,1,0,90,131733922,1317339221
13173408,AUS_13173408,30.36491717,-97.72853943,2,1,3,16,2,19,2,1,4,11,1,4,N,4,NA,NA,4,97,97,,,0,1,0,0,0,1,0,N,N,N,N,N,N,N,3/4/2013,7:44 PM,227,22,N,N,NA,NA,19,,,1,8500,,BURNET,RD,N,N,0,N,N,,N,19,,,NA,,,RESEARCH SVRD SB,,NA,,,,,,11,4,2,NA,1,1,20,7:45 PM,DISPATCH,7:55 PM,3/4/2013,Y,74,NA,46,64,8,5,3,1,64,14,1,5,1,32,21,227,22,30.36491717,-97.72853943,,,,NA,BURNET RD,8405,NA,NA,NA,NA,NA,,,,N/A,NA,NA,NA,NA,Y,N,N,2,9,Y,MON,NA,NA,NA,NA,NA,NA,NA,NA,NA,NA,NA,NA,NA,NA,NA,NA,NA,NA,NA,NA,NA,NA,NA,NA,NA,NA,NA,NA,NA,NA,NA,NA,NA,NA,NA,NA,NA,NA,NA,NA,NA,NA,NA,NA,NA,NA,NA,NA,NA,,,NA,NA,NA,NA,0,1,0,1,0,1,0,90,131734082,1317340821