CrashID,CrashID1,Latitude,Longitude,Unit_Nbr,Prsn_Nbr,Prsn_Type_ID,Prsn_Occpnt_Pos_ID,Prsn_Injry_Sev_ID,Prsn_Age,Prsn_Ethnicity_ID,Prsn_Gndr_ID,Prsn_Ejct_ID,Prsn_Rest_ID,Prsn_Airbag_ID,Prsn_Helmet_ID,Prsn_Sol_Fl,Prsn_Alc_Spec_Type_ID,Prsn_Alc_Rslt_ID,Prsn_Bac_Test_Rslt,Prsn_Drg_Spec_Type_ID,Prsn_Drg_Rslt_ID,Drvr_Drg_Cat_1_ID,Prsn_Death_Date,Prsn_Death_Time,Incap_Injry_Cnt.x,Nonincap_Injry_Cnt.x,Poss_Injry_Cnt.x,Non_Injry_Cnt.x,Unkn_Injry_Cnt.x,Tot_Injry_Cnt.x,Death_Cnt.x,Crash_Fatal_Fl,Cmv_Involv_Fl,Schl_Bus_Fl,Rr_Relat_Fl,Medical_Advisory_Fl,Amend_Supp_Fl,Active_School_Zone_Fl,Crash_Date,Crash_Time,Rpt_CRIS_Cnty_ID,Rpt_City_ID,Rpt_Outside_City_Limit_Fl,Thousand_Damage_Fl,Rpt_Latitude,Rpt_Longitude,Rpt_Rdwy_Sys_ID,Rpt_Hwy_Num,Rpt_Hwy_Sfx,Rpt_Road_Part_ID,Rpt_Block_Num,Rpt_Street_Pfx,Rpt_Street_Name,Rpt_Street_Sfx,Private_Dr_Fl,Toll_Road_Fl,Crash_Speed_Limit,Road_Constr_Zone_Fl,Road_Constr_Zone_Wrkr_Fl,Rpt_Street_Desc,At_Intrsct_Fl,Rpt_Sec_Rdwy_Sys_ID,Rpt_Sec_Hwy_Num,Rpt_Sec_Hwy_Sfx,Rpt_Sec_Road_Part_ID,Rpt_Sec_Block_Num,Rpt_Sec_Street_Pfx,Rpt_Sec_Street_Name,Rpt_Sec_Street_Sfx,Rpt_Ref_Mark_Offset_Amt,Rpt_Ref_Mark_Dist_Uom,Rpt_Ref_Mark_Dir,Rpt_Ref_Mark_Nbr,Rpt_Sec_Street_Desc,Rpt_CrossingNumber,Wthr_Cond_ID,Light_Cond_ID,Entr_Road_ID,Road_Type_ID,Road_Algn_ID,Surf_Cond_ID,Traffic_Cntl_ID,Investigat_Notify_Time,Investigat_Notify_Meth,Investigat_Arrv_Time,Report_Date,Investigat_Comp_Fl,Investigat_Agency_ID,Investigat_Area_ID,Investigat_District_ID,Investigat_Region_ID,Bridge_Detail_ID,Harm_Evnt_ID,Intrsct_Relat_ID,FHE_Collsn_ID,Obj_Struck_ID,Othr_Factr_ID,Road_Part_Adj_ID,Road_Cls_ID,Road_Relat_ID,Phys_Featr_1_ID,Phys_Featr_2_ID,Cnty_ID,City_ID,Latitude,Longitude,Hwy_Sys,Hwy_Nbr,Hwy_Sfx,Dfo,Street_Name,Street_Nbr,Control,Section,Milepoint,Ref_Mark_Nbr,Ref_Mark_Displ,Hwy_Sys_2,Hwy_Nbr_2,Hwy_Sfx_2,Street_Name_2,Street_Nbr_2,Control_2,Section_2,Milepoint_2,Txdot_Rptable_Fl,Onsys_Fl,Rural_Fl,Crash_Sev_ID,Pop_Group_ID,Located_Fl,Day_of_Week,Hwy_Dsgn_Lane_ID,Hwy_Dsgn_Hrt_ID,Hp_Shldr_Left,Hp_Shldr_Right,Hp_Median_Width,Base_Type_ID,Nbr_Of_Lane,Row_Width_Usual,Roadbed_Width,Surf_Width,Surf_Type_ID,Curb_Type_Left_ID,Curb_Type_Right_ID,Shldr_Type_Left_ID,Shldr_Width_Left,Shldr_Use_Left_ID,Shldr_Type_Right_ID,Shldr_Width_Right,Shldr_Use_Right_ID,Median_Type_ID,Median_Width,Rural_Urban_Type_ID,Func_Sys_ID,Adt_Curnt_Amt,Adt_Curnt_Year,Adt_Adj_Curnt_Amt,Pct_Single_Trk_Adt,Pct_Combo_Trk_Adt,Trk_Aadt_Pct,Curve_Type_ID,Curve_Lngth,Cd_Degr,Delta_Left_Right_ID,Dd_Degr,Feature_Crossed,Structure_Number,I_R_Min_Vert_Clear,Approach_Width,Bridge_Median_ID,Bridge_Loading_Type_ID,Bridge_Loading_In_1000_Lbs,Bridge_Srvc_Type_On_ID,Bridge_Srvc_Type_Under_ID,Culvert_Type_ID,Roadway_Width,Deck_Width,Bridge_Dir_Of_Traffic_ID,Bridge_Rte_Struct_Func_ID,Bridge_IR_Struct_Func_ID,CrossingNumber,RRCo,Poscrossing_ID,WDCode_ID,Standstop,Yield,Incap_Injry_Cnt.y,Nonincap_Injry_Cnt.y,Poss_Injry_Cnt.y,Non_Injry_Cnt.y,Unkn_Injry_Cnt.y,Tot_Injry_Cnt.y,Death_Cnt.y,MPO_ID,Unit_ID,Unit_Prsn_ID
13189090,AUS_13189090,30.2705828,-97.74813524,2,1,3,16,2,38,1,1,4,11,1,4,N,4,NA,NA,4,97,97,,,0,1,0,0,0,1,0,N,N,N,N,N,N,N,3/15/2013,10:33 PM,227,22,N,N,NA,NA,19,,,1,600,W,7TH,ST,N,N,30,N,N,,N,19,,,NA,,,NUECES,ST,NA,,,,,,11,4,4,NA,2,1,8,10:34 PM,DISPATCHED,10:36 PM,3/15/2013,Y,74,NA,NA,126,8,5,2,1,64,9,1,5,1,21,21,227,22,30.2705828,-97.74813524,,,,NA,W 7TH ST,604,NA,NA,NA,NA,NA,,,,NUECES ST,NA,NA,NA,NA,Y,N,N,2,9,Y,FRI,NA,NA,NA,NA,NA,NA,NA,NA,NA,NA,NA,NA,NA,NA,NA,NA,NA,NA,NA,NA,NA,NA,NA,NA,NA,NA,NA,NA,NA,NA,NA,NA,NA,NA,NA,NA,NA,NA,NA,NA,NA,NA,NA,NA,NA,NA,NA,NA,NA,,,NA,NA,NA,NA,0,1,0,0,1,1,0,90,131890902,1318909021
13189105,AUS_13189105,30.26304206,-97.74318863,1,1,3,16,2,42,1,1,4,11,1,4,N,4,NA,NA,4,97,97,,,0,1,0,0,0,1,0,N,N,N,N,N,N,N,3/13/2013,1:57 PM,227,22,N,N,NA,NA,19,,,1,100,E,CESAR CHAVEZ,ST,N,N,35,N,N,,Y,19,,,NA,100,,BRAZOS,ST,NA,,,,,,11,1,4,3,1,1,5,1:57 PM,DISPATCH,2:10 PM,3/13/2013,Y,74,36,67,282,8,5,1,3,64,54,1,2,1,21,21,227,22,30.26304206,-97.74318863,SL,343,,4.622,SL0343,198,113,12,5.867,568,0.304,,,,BRAZOS ST,NA,NA,NA,NA,Y,Y,N,2,9,Y,WED,1,0,10,10,0,9,4,80,68,48,6,0,0,2,10,5,2,10,5,0,0,4,14,29000,2012,29000,0.9,0.3,1.2,NA,NA,NA,NA,NA,NA,NA,NA,NA,NA,NA,NA,NA,NA,NA,NA,NA,NA,NA,NA,,,NA,NA,NA,NA,0,1,0,1,0,1,0,90,131891051,1318910511
13189178,AUS_13189178,30.25904001,-97.74616977,3,1,3,16,3,30,1,2,4,11,1,5,N,4,NA,NA,4,97,97,,,0,0,1,0,0,1,0,N,N,N,N,N,N,N,3/14/2013,1:56 AM,227,22,N,Y,NA,NA,19,,,1,200,S,CONGRESS,AVE,N,N,30,N,N,,N,19,,,NA,,,BARTON SPRINGS,RD,NA,,,,,,11,4,0,NA,2,1,5,1:56 AM,DISPATCH,1:58 AM,3/14/2013,Y,74,NA,105,112,8,2,4,20,64,54,1,5,1,21,21,227,22,30.25904001,-97.74616977,,,,NA,S CONGRESS AVE,277,NA,NA,NA,NA,NA,,,,N/A,NA,NA,NA,NA,Y,N,N,3,9,Y,THU,NA,NA,NA,NA,NA,NA,NA,NA,NA,NA,NA,NA,NA,NA,NA,NA,NA,NA,NA,NA,NA,NA,NA,NA,NA,NA,NA,NA,NA,NA,NA,NA,NA,NA,NA,NA,NA,NA,NA,NA,NA,NA,NA,NA,NA,NA,NA,NA,NA,,,NA,NA,NA,NA,0,0,3,2,0,3,0,90,131891783,1318917831
13189227,AUS_13189227,30.22036,-97.76553,2,1,3,16,2,30,1,1,4,11,1,4,N,4,NA,NA,4,97,97,,,0,1,0,0,0,1,0,N,N,N,N,N,N,N,3/15/2013,2:48 PM,227,22,N,N,NA,NA,19,,,1,4200,S,CONGRESS,AVE,N,N,0,N,N,,Y,19,,,NA,100,,INDUSTRIAL,BLVD,NA,,,,,,11,1,2,NA,1,1,8,2:55 PM,DISPATCH,2:57 PM,3/15/2013,Y,74,17,105,112,8,5,1,3,64,54,1,5,1,21,21,227,22,30.22036,-97.76553,,,,NA,S CONGRESS AVE,4227,NA,NA,NA,NA,NA,,,,INDUSTRIAL BLVD,NA,NA,NA,NA,Y,N,N,2,9,Y,FRI,NA,NA,NA,NA,NA,NA,NA,NA,NA,NA,NA,NA,NA,NA,NA,NA,NA,NA,NA,NA,NA,NA,NA,NA,NA,NA,NA,NA,NA,NA,NA,NA,NA,NA,NA,NA,NA,NA,NA,NA,NA,NA,NA,NA,NA,NA,NA,NA,NA,,,NA,NA,NA,NA,0,1,0,1,0,1,0,90,131892272,1318922721
13189261,AUS_13189261,30.32141565,-97.68877376,2,1,3,16,1,40,3,1,4,11,1,4,N,4,NA,NA,4,97,97,,,1,0,0,0,0,1,0,N,N,N,N,N,N,N,3/17/2013,6:55 PM,227,22,N,N,NA,NA,2,290,,2,6800,E,SVRD EB,,N,N,0,N,N,,N,19,,,NA,,,BERKMAN,DR,NA,,,,,,11,1,0,2,1,1,9,6:55 PM,DISPATCH,6:58 PM,3/17/2013,Y,74,NA,75,95,8,5,2,1,64,54,2,2,1,21,21,227,22,30.32141565,-97.68877376,US,290,,126.182,US0290,,114,1,3.356,588,-0.867,,,,BERKMAN DR,NA,NA,NA,NA,Y,Y,N,1,9,Y,SUN,4,0,6,10,36,2,5,190,92,60,4,0,0,2,12,5,2,20,5,3,24,4,12,33980,2012,33980,2.9,4,6.9,1,251,0,1,0,NA,NA,NA,NA,NA,NA,NA,NA,NA,NA,NA,NA,NA,NA,NA,,,NA,NA,NA,NA,1,0,0,1,0,1,0,90,131892612,1318926121
13189269,AUS_13189269,30.18897603,-97.76794349,2,1,3,16,2,44,1,1,4,11,1,4,N,4,NA,NA,4,97,97,,,0,1,0,0,0,1,0,N,N,N,N,N,N,N,3/16/2013,12:40 PM,227,22,N,Y,NA,NA,19,,,1,6700,,BLUFF SPRINGS,RD,N,N,0,N,N,,N,19,,,NA,,E,WILLIAM CANNON,DR,NA,,,,,,11,1,0,NA,1,1,1,2:07 PM,DISPATCHED,2:14 PM,3/16/2013,Y,74,NA,NA,NA,8,5,4,1,64,3,1,5,1,21,21,227,22,30.18897603,-97.76794349,,,,NA,BLUFF SPRINGS RD,6603,NA,NA,NA,NA,NA,,,,N/A,NA,NA,NA,NA,Y,N,N,2,9,Y,SAT,NA,NA,NA,NA,NA,NA,NA,NA,NA,NA,NA,NA,NA,NA,NA,NA,NA,NA,NA,NA,NA,NA,NA,NA,NA,NA,NA,NA,NA,NA,NA,NA,NA,NA,NA,NA,NA,NA,NA,NA,NA,NA,NA,NA,NA,NA,NA,NA,NA,,,NA,NA,NA,NA,0,1,0,0,0,1,0,90,131892692,1318926921
13192261,AUS_13192261,30.26181479,-97.73876434,2,1,3,16,3,22,1,1,4,11,1,4,N,4,NA,NA,4,97,97,,,0,0,1,0,0,1,0,N,N,N,N,N,N,N,2/23/2013,4:45 PM,227,22,N,N,30.26178,-97.73894,19,,,1,600,,CESAR CHAVEZ,,N,N,35,N,N,,Y,19,,,NA,99,,RED RIVER,,NA,,,,,,11,1,4,3,1,1,5,10:12 PM,DISPATCH,11:19 PM,2/23/2013,Y,74,20,98,129,8,5,1,3,64,3,1,2,1,21,21,227,22,30.26181479,-97.73876434,SL,343,,4.899,SL0343,600,113,12,6.155,568,0.581,IH,35,,IH0035,NA,NA,NA,NA,Y,Y,N,3,9,Y,SAT,2,0,10,10,0,9,4,80,68,48,6,0,0,2,10,5,2,10,5,0,0,4,14,28000,2012,28000,0.9,0.3,1.2,NA,NA,NA,NA,NA,NA,NA,NA,NA,NA,NA,NA,NA,NA,NA,NA,NA,NA,NA,NA,,,NA,NA,NA,NA,0,0,1,0,1,1,0,90,131922612,1319226121
13192375,AUS_13192375,30.37175,-97.75002,1,1,3,16,2,91,1,1,4,11,1,4,N,4,NA,NA,4,97,97,,,0,1,0,0,0,1,0,N,N,N,N,N,N,N,3/12/2013,3:48 PM,227,22,N,N,NA,NA,19,,,1,8100,,GREENSLOPE,DR,N,N,0,N,N,,Y,19,,,NA,,,SOUTH,DR,NA,,,,,,11,1,98,NA,1,1,20,3:48 PM,DISPATCH,3:57 PM,3/12/2013,Y,74,17,46,64,8,5,1,1,64,3,1,5,1,21,21,227,22,30.37175,-97.75002,,,,NA,GREENSLOPE DR,8121,NA,NA,NA,NA,NA,,,,SOUTH DR,NA,NA,NA,NA,Y,N,N,2,9,Y,TUE,NA,NA,NA,NA,NA,NA,NA,NA,NA,NA,NA,NA,NA,NA,NA,NA,NA,NA,NA,NA,NA,NA,NA,NA,NA,NA,NA,NA,NA,NA,NA,NA,NA,NA,NA,NA,NA,NA,NA,NA,NA,NA,NA,NA,NA,NA,NA,NA,NA,,,NA,NA,NA,NA,0,1,0,1,0,1,0,90,131923751,1319237511
13192444,AUS_13192444,30.24017,-97.72708,1,1,3,16,3,NA,1,1,4,11,1,4,Y,4,NA,NA,4,97,97,,,0,0,1,0,0,1,0,N,N,N,N,N,N,N,3/17/2013,2:47 AM,227,22,N,Y,NA,NA,19,,,1,,,RIVERSIDE,DR,N,N,35,N,N,,Y,19,,,NA,,,BURTON,DR,NA,,,,,,12,4,4,NA,1,1,5,2:47 AM,DISPATCHED,2:50 AM,3/17/2013,Y,74,20,98,129,8,5,1,3,64,54,1,5,1,21,21,227,22,30.24017,-97.72708,,,,NA,E RIVERSIDE DR,,NA,NA,NA,NA,NA,,,,BURTON DR,NA,NA,NA,NA,Y,N,N,3,9,Y,SUN,NA,NA,NA,NA,NA,NA,NA,NA,NA,NA,NA,NA,NA,NA,NA,NA,NA,NA,NA,NA,NA,NA,NA,NA,NA,NA,NA,NA,NA,NA,NA,NA,NA,NA,NA,NA,NA,NA,NA,NA,NA,NA,NA,NA,NA,NA,NA,NA,NA,,,NA,NA,NA,NA,0,0,1,1,0,1,0,90,131924441,1319244411
13199172,AUS_13199172,30.17364176,-97.82384537,2,1,3,16,1,7,2,2,4,11,1,5,N,4,NA,NA,4,97,97,,,1,0,0,0,0,1,0,N,N,N,N,N,N,N,3/14/2013,5:08 PM,227,22,N,N,NA,NA,19,,,1,9900,,MANCHACA,RD,N,N,0,N,N,,N,19,,,NA,,W,SLAUGHTER,LN,NA,,,,,,11,1,0,3,1,1,5,5:08 PM,DISPATCHED,5:05 PM,3/14/2013,Y,74,NA,169,130,8,5,1,1,64,54,1,3,1,21,21,227,22,30.17364176,-97.82384537,FM,2304,,2.063,FM2304,9901,2689,1,5.088,446,0.089,,,,W SLAUGHTER LN,NA,NA,NA,NA,Y,Y,N,1,9,Y,THU,2,0,4,10,0,2,4,100,72,48,4,2,2,2,4,5,2,10,5,0,0,4,16,26000,2012,26000,1.8,0.3,2.1,1,119,2,1,12,NA,NA,NA,NA,NA,NA,NA,NA,NA,NA,NA,NA,NA,NA,NA,,,NA,NA,NA,NA,1,0,0,2,0,1,0,90,131991722,1319917221
13199294,AUS_13199294,30.27271,-97.75712,2,1,3,16,2,43,1,1,4,11,1,1,N,4,NA,NA,4,97,97,,,0,1,0,0,0,1,0,N,N,N,N,N,N,N,3/23/2013,5:00 PM,227,22,N,N,NA,NA,19,,,1,1100,W,6TH,ST,N,N,35,N,N,,Y,19,,,NA,600,,BLANCO,ST,NA,,,,,,11,1,2,NA,1,1,5,10:36 AM,DISPATCHED,11:20 AM,3/24/2013,Y,74,NA,NA,174,8,5,1,2,64,54,1,5,1,21,21,227,22,30.27271,-97.75712,,,,NA,W 6TH ST,,NA,NA,NA,NA,NA,,,,BLANCO ST,NA,NA,NA,NA,Y,N,N,2,9,Y,SAT,NA,NA,NA,NA,NA,NA,NA,NA,NA,NA,NA,NA,NA,NA,NA,NA,NA,NA,NA,NA,NA,NA,NA,NA,NA,NA,NA,NA,NA,NA,NA,NA,NA,NA,NA,NA,NA,NA,NA,NA,NA,NA,NA,NA,NA,NA,NA,NA,NA,,,NA,NA,NA,NA,0,1,0,0,2,1,0,90,131992942,1319929421
13199301,AUS_13199301,30.26679,-97.73826,2,1,3,16,3,29,1,2,4,11,1,4,N,4,NA,NA,4,97,97,,,0,0,1,0,0,1,0,N,N,N,N,N,N,N,3/22/2013,8:38 PM,227,22,N,N,NA,NA,19,,,1,500,,NECHES,ST,N,N,30,N,N,,Y,19,,,NA,400,E,6TH,ST,NA,,,,,,11,4,4,NA,1,1,5,8:39 PM,CAD,8:42 PM,3/22/2013,Y,74,36,67,282,8,5,1,3,64,54,1,5,1,21,21,227,22,30.26679,-97.73826,,,,NA,NECHES ST,601,NA,NA,NA,NA,NA,,,,E 6TH ST,NA,NA,NA,NA,Y,N,N,3,9,Y,FRI,NA,NA,NA,NA,NA,NA,NA,NA,NA,NA,NA,NA,NA,NA,NA,NA,NA,NA,NA,NA,NA,NA,NA,NA,NA,NA,NA,NA,NA,NA,NA,NA,NA,NA,NA,NA,NA,NA,NA,NA,NA,NA,NA,NA,NA,NA,NA,NA,NA,,,NA,NA,NA,NA,0,0,1,1,0,1,0,90,131993012,1319930121
13205375,AUS_13205375,30.26254,-97.72211,1,1,3,16,1,32,1,1,4,11,1,4,N,4,NA,NA,4,97,97,,,1,0,0,0,0,1,0,N,N,N,N,N,N,N,2/13/2013,10:58 AM,227,22,N,N,30.26257,-97.72211,19,,,1,1900,E,7TH,ST,N,N,30,N,N,,Y,19,,,NA,700,,CHICON,,NA,,,,,,11,1,2,NA,2,1,5,10:58 AM,WITHIN VIEW,10:58 AM,2/13/2013,Y,74,17,34,48,8,5,1,2,64,54,1,5,1,21,21,227,22,30.26254,-97.72211,,,,NA,E 7TH ST,1900,NA,NA,NA,NA,NA,,,,CHICON ST,NA,NA,NA,NA,Y,N,N,1,9,Y,WED,NA,NA,NA,NA,NA,NA,NA,NA,NA,NA,NA,NA,NA,NA,NA,NA,NA,NA,NA,NA,NA,NA,NA,NA,NA,NA,NA,NA,NA,NA,NA,NA,NA,NA,NA,NA,NA,NA,NA,NA,NA,NA,NA,NA,NA,NA,NA,NA,NA,,,NA,NA,NA,NA,1,0,0,1,0,1,0,90,132053751,1320537511
13205496,AUS_13205496,30.27501751,-97.75228206,2,1,3,16,2,19,1,2,4,11,1,4,N,4,NA,NA,4,97,97,,,0,1,0,0,0,1,0,N,N,N,N,N,N,N,3/26/2013,3:05 PM,227,22,N,N,NA,NA,19,,,1,,N,LAMAR,BLVD,N,N,40,N,N,,Y,19,,,NA,,W,10TH,ST,NA,,,,,,11,1,4,NA,1,1,5,3:05 PM,DISPATCH,3:09 PM,3/26/2013,Y,74,12,120,14,8,5,1,1,64,3,1,5,1,21,21,227,22,30.27501751,-97.75228206,,,,NA,N LAMAR BLVD,1005,NA,NA,NA,NA,NA,,,,UNKNOWN,NA,NA,NA,NA,Y,N,N,2,9,Y,TUE,NA,NA,NA,NA,NA,NA,NA,NA,NA,NA,NA,NA,NA,NA,NA,NA,NA,NA,NA,NA,NA,NA,NA,NA,NA,NA,NA,NA,NA,NA,NA,NA,NA,NA,NA,NA,NA,NA,NA,NA,NA,NA,NA,NA,NA,NA,NA,NA,NA,,,NA,NA,NA,NA,0,1,0,1,0,1,0,90,132054962,1320549621
13205586,AUS_13205586,30.29431,-97.73749,1,1,3,16,2,22,4,2,4,11,1,4,N,4,NA,NA,4,97,97,,,0,1,0,0,0,1,0,N,N,N,N,N,N,N,3/30/2013,4:36 PM,227,22,N,N,NA,NA,19,,,1,101,E,30TH,ST,N,N,35,N,N,,Y,19,,,NA,,,UNIVERSITY,AVE,NA,,,,,,11,1,2,NA,2,1,8,4:36 PM,DISPATCH,4:41 PM,5/30/2013,Y,74,NA,120,14,8,5,1,1,64,54,1,5,1,21,21,227,22,30.29431,-97.73749,,,,NA,E 30TH ST,100,NA,NA,NA,NA,NA,,,,UNIVERSITY AVE,NA,NA,NA,NA,Y,N,N,2,9,Y,SAT,NA,NA,NA,NA,NA,NA,NA,NA,NA,NA,NA,NA,NA,NA,NA,NA,NA,NA,NA,NA,NA,NA,NA,NA,NA,NA,NA,NA,NA,NA,NA,NA,NA,NA,NA,NA,NA,NA,NA,NA,NA,NA,NA,NA,NA,NA,NA,NA,NA,,,NA,NA,NA,NA,0,1,0,4,0,1,0,90,132055861,1320558611
13205603,AUS_13205603,30.4334957,-97.66980333,2,1,3,16,2,49,1,1,4,11,1,2,N,4,NA,NA,4,97,97,,,0,1,0,0,0,1,0,N,N,N,N,N,N,N,1/12/2013,6:36 AM,227,22,N,N,NA,NA,1,35,,2,14200,N,SERVICE ROAD,,N,N,55,N,N,,N,19,,,NA,,,KORMAN,DR,NA,,,,,,2,3,2,2,1,2,20,6:36 AM,DISPATCHED CFS,6:42 AM,1/12/2013,Y,74,63,123,143,8,5,4,1,64,3,2,1,1,21,21,227,22,30.4334957,-97.66980333,IH,35,,246.317,IH0035,,15,13,30.191,247,0.148,,,,N/A,NA,NA,NA,NA,Y,Y,N,2,9,Y,SAT,5,0,4,10,11,2,6,300,100,72,4,0,0,2,8,5,2,20,5,2,3,4,11,125090,2012,125090,3.1,8.3,11.4,NA,NA,NA,NA,NA,NA,NA,NA,NA,NA,NA,NA,NA,NA,NA,NA,NA,NA,NA,NA,,,NA,NA,NA,NA,0,1,0,2,0,1,0,90,132056032,1320560321
13206360,AUS_13206360,30.27673136,-97.77203597,2,1,3,16,1,30,1,1,4,11,1,3,N,4,NA,NA,4,97,97,,,1,0,0,0,0,1,0,N,N,N,N,N,N,N,2/8/2013,8:47 AM,227,22,N,Y,NA,NA,19,,,1,2200,,VETERANS,DR,N,N,30,N,N,NEAR EMS STATION,N,19,,,1,2300,,FOSTER,AVE,NA,,,,100 FT'S OF EMS,,11,1,0,NA,2,1,1,8:48 AM,DISPATCH,8:49 AM,2/8/2013,Y,74,1,120,14,8,5,4,1,64,11,1,5,1,21,21,227,22,30.27673136,-97.77203597,,,,NA,VETERANS DR,2229,NA,NA,NA,NA,NA,,,,N/A,NA,NA,NA,NA,Y,N,N,1,9,Y,FRI,NA,NA,NA,NA,NA,NA,NA,NA,NA,NA,NA,NA,NA,NA,NA,NA,NA,NA,NA,NA,NA,NA,NA,NA,NA,NA,NA,NA,NA,NA,NA,NA,NA,NA,NA,NA,NA,NA,NA,NA,NA,NA,NA,NA,NA,NA,NA,NA,NA,,,NA,NA,NA,NA,1,0,0,1,0,1,0,90,132063602,1320636021
13206376,AUS_13206376,30.37489497,-97.72987739,2,1,3,16,3,23,1,1,4,11,1,4,N,4,NA,NA,4,97,97,,,0,0,1,0,0,1,0,N,N,N,N,N,N,N,3/26/2013,2:24 PM,227,22,N,Y,NA,NA,2,183,,2,9000,,RESEARCH BLVD,HWY,N,N,55,N,N,EAST FRONTAGE,N,19,,,1,,,BURNET RD,RD,NA,,,,,,11,1,0,2,1,1,1,2:24 PM,RADIO DISPATCH,2:32 PM,3/26/2013,Y,74,NA,NA,51,8,5,3,2,64,14,2,2,2,32,21,227,22,30.37489497,-97.72987739,US,183,,315.366,US0183,,151,6,5.09,512,-0.893,,,,N/A,NA,NA,NA,NA,Y,Y,N,3,9,Y,TUE,5,0,10,10,28,2,6,260,112,72,5,0,0,2,20,5,2,20,5,2,8,4,12,113940,2012,113940,1.9,0.5,2.4,NA,NA,NA,NA,NA,NA,NA,NA,NA,NA,NA,NA,NA,NA,NA,NA,NA,NA,NA,NA,,,NA,NA,NA,NA,0,0,1,1,0,1,0,90,132063762,1320637621
13218687,AUS_13218687,30.32049538,-97.71257919,2,1,3,16,2,22,3,1,4,11,1,4,N,4,NA,NA,4,97,97,,,0,1,0,0,0,1,0,N,N,N,N,N,N,N,4/2/2013,5:00 PM,227,22,N,N,NA,NA,19,,,2,,,AIRPORT,BLVD,N,N,40,N,N,,Y,19,,,NA,,W,KOENIG WB SVRD,LN,NA,,,,,,2,1,6,1,1,2,5,5:36 PM,DISPATCH,5:36 PM,4/2/2013,N,74,NA,NA,NA,8,5,2,1,64,54,2,2,1,21,21,227,22,30.32049538,-97.71257919,SS,69,,0.947,SS0069,,114,1,1.907,538,0.906,IH,35,,IH0035,NA,NA,NA,NA,Y,Y,N,2,9,Y,TUE,2,0,0,0,0,2,2,80,20,20,4,2,2,1,0,0,1,0,0,0,0,4,14,14170,2012,14170,1.2,0.5,1.7,1,130,2,1,0,NA,NA,NA,NA,NA,NA,NA,NA,NA,NA,NA,NA,NA,NA,NA,,,NA,NA,NA,NA,0,1,0,0,1,1,0,90,132186872,1321868721
13218778,AUS_13218778,30.42497241,-97.75522036,2,1,3,16,2,56,1,1,4,11,1,4,N,4,NA,NA,4,97,97,,,0,1,0,0,0,1,0,N,N,N,N,N,N,N,4/4/2013,6:14 PM,227,22,N,N,NA,NA,19,,,1,11901,,PAVILION,BLVD,N,N,0,N,N,,N,19,,,NA,,,RESEARCH SVRD SB,BLVD,NA,,,,,,11,1,0,NA,1,1,20,6:14 PM,DISPATCHED,6:15 PM,4/4/2013,Y,74,NA,46,64,8,5,4,3,4,54,1,5,1,21,21,227,22,30.42497241,-97.75522036,,,,NA,PAVILION BLVD,11901,NA,NA,NA,NA,NA,,,,N/A,NA,NA,NA,NA,Y,N,N,2,9,Y,THU,NA,NA,NA,NA,NA,NA,NA,NA,NA,NA,NA,NA,NA,NA,NA,NA,NA,NA,NA,NA,NA,NA,NA,NA,NA,NA,NA,NA,NA,NA,NA,NA,NA,NA,NA,NA,NA,NA,NA,NA,NA,NA,NA,NA,NA,NA,NA,NA,NA,,,NA,NA,NA,NA,0,1,0,1,0,1,0,90,132187782,1321877821
13226446,AUS_13226446,30.30055,-97.73357,2,1,3,16,2,20,2,1,4,11,1,4,N,4,NA,NA,4,97,97,,,0,1,0,0,0,1,0,N,N,N,N,N,N,N,1/17/2013,2:37 PM,227,22,N,N,NA,NA,19,,,1,100,E,38TH,ST,N,N,30,N,N,,Y,19,,,NA,3800,,SPEEDWAY,,NA,,,,,,11,1,4,NA,1,1,5,2:39 PM,DISPATCH,2:43 PM,1/17/2013,Y,74,NA,NA,187,8,5,1,3,64,54,1,5,1,21,21,227,22,30.30055,-97.73357,,,,NA,W 38TH ST,100,NA,NA,NA,NA,NA,,,,SPEEDWAY,NA,NA,NA,NA,Y,N,N,2,9,Y,THU,NA,NA,NA,NA,NA,NA,NA,NA,NA,NA,NA,NA,NA,NA,NA,NA,NA,NA,NA,NA,NA,NA,NA,NA,NA,NA,NA,NA,NA,NA,NA,NA,NA,NA,NA,NA,NA,NA,NA,NA,NA,NA,NA,NA,NA,NA,NA,NA,NA,,,NA,NA,NA,NA,0,1,0,1,0,1,0,90,132264462,1322644621