CrashID,CrashID1,Latitude,Longitude,Unit_Nbr,Prsn_Nbr,Prsn_Type_ID,Prsn_Occpnt_Pos_ID,Prsn_Injry_Sev_ID,Prsn_Age,Prsn_Ethnicity_ID,Prsn_Gndr_ID,Prsn_Ejct_ID,Prsn_Rest_ID,Prsn_Airbag_ID,Prsn_Helmet_ID,Prsn_Sol_Fl,Prsn_Alc_Spec_Type_ID,Prsn_Alc_Rslt_ID,Prsn_Bac_Test_Rslt,Prsn_Drg_Spec_Type_ID,Prsn_Drg_Rslt_ID,Drvr_Drg_Cat_1_ID,Prsn_Death_Date,Prsn_Death_Time,Incap_Injry_Cnt.x,Nonincap_Injry_Cnt.x,Poss_Injry_Cnt.x,Non_Injry_Cnt.x,Unkn_Injry_Cnt.x,Tot_Injry_Cnt.x,Death_Cnt.x,Crash_Fatal_Fl,Cmv_Involv_Fl,Schl_Bus_Fl,Rr_Relat_Fl,Medical_Advisory_Fl,Amend_Supp_Fl,Active_School_Zone_Fl,Crash_Date,Crash_Time,Rpt_CRIS_Cnty_ID,Rpt_City_ID,Rpt_Outside_City_Limit_Fl,Thousand_Damage_Fl,Rpt_Latitude,Rpt_Longitude,Rpt_Rdwy_Sys_ID,Rpt_Hwy_Num,Rpt_Hwy_Sfx,Rpt_Road_Part_ID,Rpt_Block_Num,Rpt_Street_Pfx,Rpt_Street_Name,Rpt_Street_Sfx,Private_Dr_Fl,Toll_Road_Fl,Crash_Speed_Limit,Road_Constr_Zone_Fl,Road_Constr_Zone_Wrkr_Fl,Rpt_Street_Desc,At_Intrsct_Fl,Rpt_Sec_Rdwy_Sys_ID,Rpt_Sec_Hwy_Num,Rpt_Sec_Hwy_Sfx,Rpt_Sec_Road_Part_ID,Rpt_Sec_Block_Num,Rpt_Sec_Street_Pfx,Rpt_Sec_Street_Name,Rpt_Sec_Street_Sfx,Rpt_Ref_Mark_Offset_Amt,Rpt_Ref_Mark_Dist_Uom,Rpt_Ref_Mark_Dir,Rpt_Ref_Mark_Nbr,Rpt_Sec_Street_Desc,Rpt_CrossingNumber,Wthr_Cond_ID,Light_Cond_ID,Entr_Road_ID,Road_Type_ID,Road_Algn_ID,Surf_Cond_ID,Traffic_Cntl_ID,Investigat_Notify_Time,Investigat_Notify_Meth,Investigat_Arrv_Time,Report_Date,Investigat_Comp_Fl,Investigat_Agency_ID,Investigat_Area_ID,Investigat_District_ID,Investigat_Region_ID,Bridge_Detail_ID,Harm_Evnt_ID,Intrsct_Relat_ID,FHE_Collsn_ID,Obj_Struck_ID,Othr_Factr_ID,Road_Part_Adj_ID,Road_Cls_ID,Road_Relat_ID,Phys_Featr_1_ID,Phys_Featr_2_ID,Cnty_ID,City_ID,Latitude,Longitude,Hwy_Sys,Hwy_Nbr,Hwy_Sfx,Dfo,Street_Name,Street_Nbr,Control,Section,Milepoint,Ref_Mark_Nbr,Ref_Mark_Displ,Hwy_Sys_2,Hwy_Nbr_2,Hwy_Sfx_2,Street_Name_2,Street_Nbr_2,Control_2,Section_2,Milepoint_2,Txdot_Rptable_Fl,Onsys_Fl,Rural_Fl,Crash_Sev_ID,Pop_Group_ID,Located_Fl,Day_of_Week,Hwy_Dsgn_Lane_ID,Hwy_Dsgn_Hrt_ID,Hp_Shldr_Left,Hp_Shldr_Right,Hp_Median_Width,Base_Type_ID,Nbr_Of_Lane,Row_Width_Usual,Roadbed_Width,Surf_Width,Surf_Type_ID,Curb_Type_Left_ID,Curb_Type_Right_ID,Shldr_Type_Left_ID,Shldr_Width_Left,Shldr_Use_Left_ID,Shldr_Type_Right_ID,Shldr_Width_Right,Shldr_Use_Right_ID,Median_Type_ID,Median_Width,Rural_Urban_Type_ID,Func_Sys_ID,Adt_Curnt_Amt,Adt_Curnt_Year,Adt_Adj_Curnt_Amt,Pct_Single_Trk_Adt,Pct_Combo_Trk_Adt,Trk_Aadt_Pct,Curve_Type_ID,Curve_Lngth,Cd_Degr,Delta_Left_Right_ID,Dd_Degr,Feature_Crossed,Structure_Number,I_R_Min_Vert_Clear,Approach_Width,Bridge_Median_ID,Bridge_Loading_Type_ID,Bridge_Loading_In_1000_Lbs,Bridge_Srvc_Type_On_ID,Bridge_Srvc_Type_Under_ID,Culvert_Type_ID,Roadway_Width,Deck_Width,Bridge_Dir_Of_Traffic_ID,Bridge_Rte_Struct_Func_ID,Bridge_IR_Struct_Func_ID,CrossingNumber,RRCo,Poscrossing_ID,WDCode_ID,Standstop,Yield,Incap_Injry_Cnt.y,Nonincap_Injry_Cnt.y,Poss_Injry_Cnt.y,Non_Injry_Cnt.y,Unkn_Injry_Cnt.y,Tot_Injry_Cnt.y,Death_Cnt.y,MPO_ID,Unit_ID,Unit_Prsn_ID
13314207,AUS_13314207,30.28858207,-97.75276763,2,1,3,16,3,25,2,1,4,11,1,4,N,4,NA,NA,4,97,97,,,0,0,1,0,0,1,0,N,N,N,N,N,N,N,6/2/2013,12:15 PM,227,22,N,N,NA,NA,19,,,1,,N,LAMAR,BLVD,N,N,35,N,N,,Y,19,,,NA,,W,24TH,ST,NA,,,,,,11,1,4,NA,1,1,15,9:21 AM,UNIT 2,9:34 AM,6/3/2013,Y,74,12,115,144,8,5,1,1,64,54,1,5,1,21,21,227,22,30.28858207,-97.75276763,,,,NA,N LAMAR BLVD,2404,NA,NA,NA,NA,NA,,,,UNKNOWN,NA,NA,NA,NA,Y,N,N,3,9,Y,SUN,NA,NA,NA,NA,NA,NA,NA,NA,NA,NA,NA,NA,NA,NA,NA,NA,NA,NA,NA,NA,NA,NA,NA,NA,NA,NA,NA,NA,NA,NA,NA,NA,NA,NA,NA,NA,NA,NA,NA,NA,NA,NA,NA,NA,NA,NA,NA,NA,NA,,,NA,NA,NA,NA,0,0,1,0,1,1,0,90,133142072,1331420721
13323424,AUS_13323424,30.25559,-97.71158,2,1,3,16,2,56,2,1,4,11,1,4,N,6,NA,NA,6,NA,99,,,0,1,0,0,0,1,0,N,N,N,N,N,N,N,6/11/2013,5:01 PM,227,22,N,N,NA,NA,19,,,1,,N,PLEASANT VALLEY,RD,N,N,30,N,N,,Y,19,,,NA,,E,4TH,ST,NA,,,,,,11,1,4,NA,1,1,8,5:01 PM,DISPATCH,5:03 PM,6/11/2013,Y,74,64,34,48,8,5,1,1,64,54,1,5,1,21,21,227,22,30.25559,-97.71158,,,,NA,N PLEASANT VALLEY RD,321,NA,NA,NA,NA,NA,,,,E 4TH ST,NA,NA,NA,NA,Y,N,N,2,9,Y,TUE,NA,NA,NA,NA,NA,NA,NA,NA,NA,NA,NA,NA,NA,NA,NA,NA,NA,NA,NA,NA,NA,NA,NA,NA,NA,NA,NA,NA,NA,NA,NA,NA,NA,NA,NA,NA,NA,NA,NA,NA,NA,NA,NA,NA,NA,NA,NA,NA,NA,,,NA,NA,NA,NA,0,1,0,1,0,1,0,90,133234242,1332342421
13323546,AUS_13323546,30.4501,-97.81795,2,1,3,16,2,23,1,1,4,11,1,5,N,4,NA,NA,4,97,97,,,0,1,0,0,0,1,0,N,N,N,N,N,N,N,6/9/2013,4:37 PM,227,22,N,N,NA,NA,19,,,1,11500,,STEUR VIEW,TRL,N,N,25,N,N,,Y,19,,,NA,11200,,ANDERSON MILL,RD,NA,,,,,,11,1,2,NA,1,1,8,4:37 PM,RADIO CALL,4:45 PM,6/9/2013,Y,74,1,46,64,8,5,2,1,64,54,1,5,1,21,21,227,22,30.4501,-97.81795,,,,NA,STAR VIEW TRL,,NA,NA,NA,NA,NA,,,,ANDERSON MILL RD,NA,NA,NA,NA,Y,N,N,2,9,Y,SUN,NA,NA,NA,NA,NA,NA,NA,NA,NA,NA,NA,NA,NA,NA,NA,NA,NA,NA,NA,NA,NA,NA,NA,NA,NA,NA,NA,NA,NA,NA,NA,NA,NA,NA,NA,NA,NA,NA,NA,NA,NA,NA,NA,NA,NA,NA,NA,NA,NA,,,NA,NA,NA,NA,0,1,0,0,1,1,0,90,133235462,1332354621
13328823,AUS_13328823,30.18087117,-97.88174628,2,1,3,16,2,43,1,1,4,11,2,3,N,4,NA,NA,4,97,97,,,0,1,0,0,0,1,0,N,N,N,N,N,N,N,5/14/2013,7:13 PM,227,22,N,N,NA,NA,19,,,1,11000,S,MOPAC NB,EXPY,N,N,65,N,N,,Y,19,,,NA,,,SOUTH BAY,RD,NA,,,,,,11,1,4,2,1,1,8,7:59 PM,DISPATCH,8:05 PM,5/14/2013,Y,74,NA,169,130,8,5,1,3,64,54,1,2,1,21,21,227,22,30.18087117,-97.88174628,SL,1,,24.918,SL0001,,3136,1,25.257,448,1.759,SH,45,,SH0045,NA,NA,NA,NA,Y,Y,N,2,9,Y,TUE,3,0,6,10,337,2,4,500,80,48,4,0,0,2,12,5,2,20,5,3,325,4,14,21000,2012,21000,1.6,0.3,1.9,1,377,0,2,7,NA,NA,NA,NA,NA,NA,NA,NA,NA,NA,NA,NA,NA,NA,NA,,,NA,NA,NA,NA,0,1,0,1,0,1,0,90,133288232,1332882321
13328842,AUS_13328842,30.24058128,-97.72681248,2,1,3,16,2,24,1,1,4,11,1,4,N,4,NA,NA,4,97,97,,,0,1,0,0,0,1,0,N,N,N,N,N,N,N,5/19/2013,4:25 AM,227,22,N,N,NA,NA,19,,,1,1500,,TINNIN FORD,,N,N,35,N,N,,N,19,,,NA,,E,RIVERSIDEBURTON,,NA,,,,,,11,4,0,NA,1,1,20,4:25 AM,DISPATCH,4:27 AM,5/19/2013,Y,74,200,98,129,8,5,4,1,64,3,1,5,1,21,21,227,22,30.24058128,-97.72681248,,,,NA,TINNIN FORD RD,1570,NA,NA,NA,NA,NA,,,,N/A,NA,NA,NA,NA,Y,N,N,2,9,Y,SUN,NA,NA,NA,NA,NA,NA,NA,NA,NA,NA,NA,NA,NA,NA,NA,NA,NA,NA,NA,NA,NA,NA,NA,NA,NA,NA,NA,NA,NA,NA,NA,NA,NA,NA,NA,NA,NA,NA,NA,NA,NA,NA,NA,NA,NA,NA,NA,NA,NA,,,NA,NA,NA,NA,0,1,0,0,1,1,0,90,133288422,1332884221
13335312,AUS_13335312,30.29872,-97.7298,2,1,3,16,1,42,1,1,4,11,1,4,N,4,NA,NA,4,97,97,,,1,0,0,0,0,1,0,N,N,N,N,N,N,N,6/15/2013,1:51 PM,227,22,N,N,NA,NA,19,,,1,,E,38TH,ST,N,N,0,N,N,,Y,19,,,NA,,,DUVAL,ST,NA,,,,,,12,1,4,NA,1,1,5,1:50 PM,DISPATCH,1:58 PM,6/15/2013,Y,74,NA,NA,187,8,5,2,1,64,54,1,5,1,21,21,227,22,30.29872,-97.7298,,,,NA,E 38TH ST,498,NA,NA,NA,NA,NA,,,,DUVAL ST,NA,NA,NA,NA,Y,N,N,1,9,Y,SAT,NA,NA,NA,NA,NA,NA,NA,NA,NA,NA,NA,NA,NA,NA,NA,NA,NA,NA,NA,NA,NA,NA,NA,NA,NA,NA,NA,NA,NA,NA,NA,NA,NA,NA,NA,NA,NA,NA,NA,NA,NA,NA,NA,NA,NA,NA,NA,NA,NA,,,NA,NA,NA,NA,1,0,0,2,0,1,0,90,133353122,1333531221
13336063,AUS_13336063,30.42787039,-97.70170557,2,1,3,16,2,27,1,1,4,11,1,4,N,4,NA,NA,4,97,97,,,0,1,0,0,0,1,0,N,N,N,N,N,N,N,6/14/2013,7:05 PM,227,22,N,N,NA,NA,19,,,1,2900,,NORTH SHIELDS,DR,N,N,30,N,N,,Y,19,,,NA,13000,,BURNET,RD,NA,,,,,,12,1,2,2,1,1,8,7:05 PM,RADIO CALL,7:12 PM,6/14/2013,Y,74,12,46,64,8,5,2,1,64,54,1,2,1,21,21,227,22,30.42787039,-97.70170557,SL,1,,3.44,SL0001,,3136,1,3.595,428,-0.407,FM,734,,FM0734,NA,NA,NA,NA,Y,Y,N,2,9,Y,FRI,5,3,10,10,56,2,6,300,112,72,5,0,0,2,20,5,2,20,5,2,36,4,12,50540,2012,50540,0.7,0.3,1,NA,NA,NA,NA,NA,NA,NA,NA,NA,NA,NA,NA,NA,NA,NA,NA,NA,NA,NA,NA,,,NA,NA,NA,NA,0,1,0,1,0,1,0,90,133360632,1333606321
13336113,AUS_13336113,30.26020588,-97.74570365,2,1,3,16,3,23,1,1,4,11,1,5,N,4,NA,NA,4,97,97,,,0,0,1,0,0,1,0,N,N,N,N,N,N,N,6/16/2013,12:05 PM,227,22,N,N,NA,NA,19,,,1,200,S,CONGRESS,AVE,N,N,35,N,N,,N,19,,,NA,100,,BARTON SPRINGS,RD,NA,,,,,,11,1,0,NA,2,1,20,12:05 PM,DISPATCHED,12:18 PM,6/16/2013,Y,74,21,93,112,8,5,4,1,64,3,1,5,1,21,21,227,22,30.26020588,-97.74570365,,,,NA,S CONGRESS AVE,,NA,NA,NA,NA,NA,,,,N/A,NA,NA,NA,NA,Y,N,N,3,9,Y,SUN,NA,NA,NA,NA,NA,NA,NA,NA,NA,NA,NA,NA,NA,NA,NA,NA,NA,NA,NA,NA,NA,NA,NA,NA,NA,NA,NA,NA,NA,NA,NA,NA,NA,NA,NA,NA,NA,NA,NA,NA,NA,NA,NA,NA,NA,NA,NA,NA,NA,,,NA,NA,NA,NA,0,0,1,1,0,1,0,90,133361132,1333611321
13336225,AUS_13336225,30.26855933,-97.77736834,2,1,3,16,2,NA,3,1,4,11,1,5,N,4,NA,NA,4,97,97,,,0,1,0,0,0,1,0,N,N,N,N,N,N,N,6/17/2013,5:56 PM,227,22,N,N,NA,NA,19,,,1,2400,,ANDREW ZILKER,RD,N,N,35,N,N,,Y,19,,,NA,200,S,MOPAC SVRD NB,,NA,,,,,,11,1,4,2,1,1,8,5:56 PM,DISPATCH,6:04 PM,6/17/2013,Y,74,160,93,112,8,5,1,1,64,54,1,2,1,21,21,227,22,30.26855933,-97.77736834,SL,1,,15.848,SL0001,,3136,1,15.868,440,-0.054,RM,2244,,RM2244,NA,NA,NA,NA,Y,Y,N,2,9,Y,MON,5,0,4,6,44,2,8,200,116,96,4,1,1,2,8,5,2,12,5,2,36,4,12,122100,2012,122100,1.6,0.3,1.9,NA,NA,NA,NA,NA,NA,NA,NA,NA,NA,NA,NA,NA,NA,NA,NA,NA,NA,NA,NA,,,NA,NA,NA,NA,0,1,0,3,0,1,0,90,133362252,1333622521
13336230,AUS_13336230,30.17021913,-97.82508247,2,1,3,16,1,33,1,1,4,11,1,1,N,4,NA,NA,4,97,97,,,1,0,0,0,0,1,0,N,N,N,N,N,N,N,6/18/2013,4:04 PM,227,22,N,Y,NA,NA,19,,,1,10000,,MANCHACA,RD,N,N,55,N,N,,N,19,,,NA,,W,SLAUGHTER,LN,NA,,,,,,11,1,0,3,2,1,20,4:10 PM,DISPATCHED,4:14 PM,6/18/2013,Y,74,NA,169,130,8,5,4,1,64,3,1,3,3,21,21,227,22,30.17021913,-97.82508247,FM,2304,,2.31,FM2304,10067,2689,1,5.333,446,0.336,,,,N/A,NA,NA,NA,NA,Y,Y,N,1,9,Y,TUE,2,0,4,10,0,2,4,100,72,48,4,2,2,2,4,5,2,10,5,0,0,4,16,26000,2012,26000,1.8,0.3,2.1,1,91,2,2,9,NA,NA,NA,NA,NA,NA,NA,NA,NA,NA,NA,NA,NA,NA,NA,,,NA,NA,NA,NA,1,0,0,1,0,1,0,90,133362302,1333623021
13345608,AUS_13345608,30.26574748,-97.73465227,2,1,3,16,3,26,1,2,4,11,1,4,N,4,NA,NA,4,97,97,,,0,0,1,0,0,1,0,N,N,N,N,N,N,N,6/3/2013,10:10 PM,227,22,N,N,NA,NA,19,,,1,,E,6TH,ST,N,N,35,N,N,,Y,1,35,,NA,,N,SOUTHBOUND SERVICE,RD,NA,,,,,,11,4,0,2,1,1,5,10:10 PM,DISPATCHED,10:11 PM,6/3/2013,Y,74,17,115,144,8,5,2,3,64,54,2,1,1,21,21,227,22,30.26574748,-97.73465227,IH,35,,233.856,IH0035,,15,13,17.721,235,-0.32,,,,E 6TH ST,NA,NA,NA,NA,Y,Y,N,3,9,Y,MON,5,0,2,5,7,2,6,300,86,72,4,0,0,2,4,5,2,10,5,2,3,4,11,169360,2012,169360,2.6,7.1,9.7,NA,NA,NA,NA,NA,NA,NA,NA,NA,NA,NA,NA,NA,NA,NA,NA,NA,NA,NA,NA,,,NA,NA,NA,NA,0,0,1,0,1,1,0,90,133456082,1334560821
13345612,AUS_13345612,30.19400901,-97.74476582,1,1,3,16,2,13,2,1,4,11,1,4,N,4,NA,NA,4,97,97,,,0,1,0,0,0,1,0,N,N,N,N,N,N,N,6/24/2013,11:07 AM,227,22,N,Y,NA,NA,19,,,1,4600,E,STASSNEY,LN,N,N,35,N,N,,N,19,,,NA,5400,S,PLEASANT VALLEY,RD,NA,,,,,,11,1,4,NA,3,1,5,11:07 AM,DISPATCHED,11:12 AM,6/24/2013,Y,74,1,175,9,8,5,2,1,64,54,1,5,1,21,21,227,22,30.19400901,-97.74476582,,,,NA,E STASSNEY LN,,NA,NA,NA,NA,NA,,,,S PLEASANT VALLEY RD,NA,NA,NA,NA,Y,N,N,2,9,Y,MON,NA,NA,NA,NA,NA,NA,NA,NA,NA,NA,NA,NA,NA,NA,NA,NA,NA,NA,NA,NA,NA,NA,NA,NA,NA,NA,NA,NA,NA,NA,NA,NA,NA,NA,NA,NA,NA,NA,NA,NA,NA,NA,NA,NA,NA,NA,NA,NA,NA,,,NA,NA,NA,NA,0,2,0,1,0,2,0,90,133456121,1334561211
13345663,AUS_13345663,30.37148,-97.75722999,2,1,3,16,2,25,1,2,4,11,1,2,N,4,NA,NA,4,97,97,,,0,1,0,0,0,1,0,N,N,N,N,N,N,N,6/22/2013,11:30 AM,227,22,N,Y,NA,NA,19,,,1,4200,,SPICEWOOD SPRINGS,RD,N,N,35,N,N,,Y,19,,,NA,8100,,MESA,DR,NA,,,,,,11,1,4,NA,1,1,5,11:30 AM,DISPATCHED,11:31 AM,6/22/2013,Y,74,NA,46,64,8,5,2,3,64,54,1,5,1,21,21,227,22,30.37148,-97.75722999,,,,NA,SPICEWOOD SPRINGS RD,,NA,NA,NA,NA,NA,,,,MESA DR,NA,NA,NA,NA,Y,N,N,2,9,Y,SAT,NA,NA,NA,NA,NA,NA,NA,NA,NA,NA,NA,NA,NA,NA,NA,NA,NA,NA,NA,NA,NA,NA,NA,NA,NA,NA,NA,NA,NA,NA,NA,NA,NA,NA,NA,NA,NA,NA,NA,NA,NA,NA,NA,NA,NA,NA,NA,NA,NA,,,NA,NA,NA,NA,0,1,0,0,1,1,0,90,133456632,1334566321
13353076,AUS_13353076,30.43206,-97.73868,2,1,3,16,2,55,1,1,4,11,1,5,N,4,NA,NA,4,97,97,,,0,1,0,0,0,1,0,N,N,N,N,N,N,N,6/22/2013,3:20 PM,227,22,N,N,NA,NA,19,,,1,12500,,RIATA VISTA,CIR,N,N,30,N,N,,Y,19,,,NA,,,RIATA TRACE,PKWY,NA,,,,,,0,0,2,NA,5,0,8,7:47 AM,DISPATCH,8:26 AM,6/27/2013,Y,74,NA,46,64,8,5,2,1,64,3,1,5,1,21,21,227,22,30.43206,-97.73868,,,,NA,RIATA VISTA CIR,12601,NA,NA,NA,NA,NA,,,,RIATA TRACE PKY,NA,NA,NA,NA,Y,N,N,2,9,Y,SAT,NA,NA,NA,NA,NA,NA,NA,NA,NA,NA,NA,NA,NA,NA,NA,NA,NA,NA,NA,NA,NA,NA,NA,NA,NA,NA,NA,NA,NA,NA,NA,NA,NA,NA,NA,NA,NA,NA,NA,NA,NA,NA,NA,NA,NA,NA,NA,NA,NA,,,NA,NA,NA,NA,0,1,0,0,1,1,0,90,133530762,1335307621
13353169,AUS_13353169,30.27808,-97.77257,2,1,3,16,2,35,1,1,4,11,1,3,N,4,NA,NA,4,97,97,,,0,1,0,0,0,1,0,N,N,N,N,N,N,N,7/1/2013,12:56 PM,227,22,N,N,NA,NA,19,,,1,2400,,LAKE AUSTIN,BLVD,N,N,35,N,N,,Y,19,,,NA,400,,DEEP EDDY,AVE,NA,,,,,,11,1,0,NA,1,1,20,12:56 PM,DISPATCH,1:02 PM,7/1/2013,Y,74,95,10,14,8,5,1,3,64,54,1,5,1,21,21,227,22,30.27808,-97.77257,,,,NA,LAKE AUSTIN BLVD,,NA,NA,NA,NA,NA,,,,DEEP EDDY AVE,NA,NA,NA,NA,Y,N,N,2,9,Y,MON,NA,NA,NA,NA,NA,NA,NA,NA,NA,NA,NA,NA,NA,NA,NA,NA,NA,NA,NA,NA,NA,NA,NA,NA,NA,NA,NA,NA,NA,NA,NA,NA,NA,NA,NA,NA,NA,NA,NA,NA,NA,NA,NA,NA,NA,NA,NA,NA,NA,,,NA,NA,NA,NA,0,1,0,1,0,1,0,90,133531692,1335316921
13353189,AUS_13353189,30.24330536,-97.7292975,2,1,3,16,1,47,2,1,4,11,1,4,N,4,NA,NA,4,97,97,,,1,0,0,0,0,1,0,N,N,N,N,N,N,N,6/21/2013,2:27 PM,227,22,N,N,NA,NA,19,,,7,1800,E,RIVERSIDE,DR,N,N,0,N,N,,N,19,,,NA,,,ARENA,DR,NA,,,,,,11,1,0,NA,1,1,1,2:27 PM,DISPATCHED,2:30 PM,6/21/2013,Y,74,187,98,129,8,5,3,2,64,14,1,5,2,32,21,227,22,30.24330536,-97.7292975,,,,NA,E RIVERSIDE DR,1800,NA,NA,NA,NA,NA,,,,N/A,NA,NA,NA,NA,Y,N,N,1,9,Y,FRI,NA,NA,NA,NA,NA,NA,NA,NA,NA,NA,NA,NA,NA,NA,NA,NA,NA,NA,NA,NA,NA,NA,NA,NA,NA,NA,NA,NA,NA,NA,NA,NA,NA,NA,NA,NA,NA,NA,NA,NA,NA,NA,NA,NA,NA,NA,NA,NA,NA,,,NA,NA,NA,NA,1,0,0,1,0,1,0,90,133531892,1335318921
13356316,AUS_13356316,30.27685,-97.73954,2,1,3,16,2,25,1,2,4,11,1,4,N,4,NA,NA,4,97,97,,,0,1,0,0,0,1,0,N,N,N,N,N,N,N,6/26/2013,6:52 AM,227,22,N,N,30.277,-97.7393,19,,,1,100,W,15TH,ST,N,N,35,N,N,,Y,19,,,1,1500,N,CONGRESS,AVE,NA,,,,,,11,1,0,NA,1,1,5,6:52 AM,DPS COMMUNICATIONS,6:53 AM,6/28/2013,Y,10000,7,108,383,8,5,1,1,64,54,1,5,1,21,21,227,22,30.27685,-97.73954,,,,NA,E 15TH ST,,NA,NA,NA,NA,NA,,,,CONGRESS AVE,NA,NA,NA,NA,Y,N,N,2,9,Y,WED,NA,NA,NA,NA,NA,NA,NA,NA,NA,NA,NA,NA,NA,NA,NA,NA,NA,NA,NA,NA,NA,NA,NA,NA,NA,NA,NA,NA,NA,NA,NA,NA,NA,NA,NA,NA,NA,NA,NA,NA,NA,NA,NA,NA,NA,NA,NA,NA,NA,,,NA,NA,NA,NA,0,1,0,1,0,1,0,90,133563162,1335631621
13360117,AUS_13360117,30.30126,-97.76533,2,1,3,16,2,47,1,1,4,11,1,1,N,4,NA,NA,4,97,97,,,0,1,0,0,0,1,0,N,N,N,N,N,N,N,7/6/2013,12:49 PM,227,22,N,N,NA,NA,19,,,1,2600,,EXPOSITION,BLVD,N,N,35,N,N,,Y,19,,,NA,2600,,MCCULLOUGH,ST,NA,,,,,,11,1,0,NA,2,1,8,12:49 PM,DISPATCH,12:56 PM,7/6/2013,Y,74,95,10,14,8,5,1,1,64,54,1,5,1,21,21,227,22,30.30126,-97.76533,,,,NA,EXPOSITION BLVD,2613,NA,NA,NA,NA,NA,,,,MCCULLOUGH ST,NA,NA,NA,NA,Y,N,N,2,9,Y,SAT,NA,NA,NA,NA,NA,NA,NA,NA,NA,NA,NA,NA,NA,NA,NA,NA,NA,NA,NA,NA,NA,NA,NA,NA,NA,NA,NA,NA,NA,NA,NA,NA,NA,NA,NA,NA,NA,NA,NA,NA,NA,NA,NA,NA,NA,NA,NA,NA,NA,,,NA,NA,NA,NA,0,1,0,1,0,1,0,90,133601172,1336011721
13360123,AUS_13360123,30.26523,-97.74004,2,1,3,16,2,48,2,1,4,11,1,2,N,4,NA,NA,4,97,97,,,0,1,0,0,0,1,0,N,N,N,N,N,N,N,7/7/2013,5:30 PM,227,22,N,N,NA,NA,19,,,1,400,,TRINITY,,N,N,30,N,N,,Y,19,,,NA,400,,EAST 4TH,,NA,,,,,,11,1,98,NA,1,1,8,5:30 PM,DISPATCH,6:00 PM,7/7/2013,Y,74,22,115,144,8,5,1,1,64,54,1,5,1,21,21,227,22,30.26523,-97.74004,,,,NA,TRINITY ST,399,NA,NA,NA,NA,NA,,,,E 4TH ST,NA,NA,NA,NA,Y,N,N,2,9,Y,SUN,NA,NA,NA,NA,NA,NA,NA,NA,NA,NA,NA,NA,NA,NA,NA,NA,NA,NA,NA,NA,NA,NA,NA,NA,NA,NA,NA,NA,NA,NA,NA,NA,NA,NA,NA,NA,NA,NA,NA,NA,NA,NA,NA,NA,NA,NA,NA,NA,NA,,,NA,NA,NA,NA,0,1,0,1,0,1,0,90,133601232,1336012321
13360147,AUS_13360147,30.24392,-97.76433,2,1,3,16,5,30,1,2,4,11,1,2,N,4,NA,NA,4,97,97,,,0,0,0,1,0,0,0,N,N,N,N,N,N,N,7/4/2013,9:59 PM,227,22,N,N,NA,NA,19,,,1,1000,,OLTORF,ST,N,N,0,N,N,,N,19,,,NA,,S,5TH,ST,NA,,,,,,11,4,6,NA,1,1,5,10:01 PM,DISPATCHED,10:10 PM,7/4/2013,N,74,12,105,112,8,5,2,1,64,3,1,5,1,21,21,227,22,30.24392,-97.76433,,,,NA,W OLTORF ST,1000,NA,NA,NA,NA,NA,,,,UNKNOWN,NA,NA,NA,NA,N,N,N,5,9,Y,THU,NA,NA,NA,NA,NA,NA,NA,NA,NA,NA,NA,NA,NA,NA,NA,NA,NA,NA,NA,NA,NA,NA,NA,NA,NA,NA,NA,NA,NA,NA,NA,NA,NA,NA,NA,NA,NA,NA,NA,NA,NA,NA,NA,NA,NA,NA,NA,NA,NA,,,NA,NA,NA,NA,0,0,0,1,1,0,0,90,133601472,1336014721
13368438,AUS_13368438,30.26259378,-97.74478849,2,1,3,16,2,26,1,1,4,11,1,4,N,4,NA,NA,4,97,97,,,0,1,0,0,0,1,0,N,N,N,N,N,N,N,7/4/2013,10:17 PM,227,22,N,N,NA,NA,19,,,1,100,S,CONGRESS,AVE,N,N,35,N,N,,N,19,,,NA,100,E,CESAR CHAVEZ,,NA,,,,,,11,4,0,NA,1,1,1,10:18 PM,DISPATCH,10:25 PM,7/4/2013,Y,74,17,105,112,8,5,4,1,64,54,1,5,1,21,21,227,22,30.26259378,-97.74478849,,,,NA,CONGRESS AVE,,NA,NA,NA,NA,NA,,,,N/A,NA,NA,NA,NA,Y,N,N,2,9,Y,THU,NA,NA,NA,NA,NA,NA,NA,NA,NA,NA,NA,NA,NA,NA,NA,NA,NA,NA,NA,NA,NA,NA,NA,NA,NA,NA,NA,NA,NA,NA,NA,NA,NA,NA,NA,NA,NA,NA,NA,NA,NA,NA,NA,NA,NA,NA,NA,NA,NA,,,NA,NA,NA,NA,0,1,0,3,0,1,0,90,133684382,1336843821