CrashID,CrashID1,Latitude,Longitude,Unit_Nbr,Prsn_Nbr,Prsn_Type_ID,Prsn_Occpnt_Pos_ID,Prsn_Injry_Sev_ID,Prsn_Age,Prsn_Ethnicity_ID,Prsn_Gndr_ID,Prsn_Ejct_ID,Prsn_Rest_ID,Prsn_Airbag_ID,Prsn_Helmet_ID,Prsn_Sol_Fl,Prsn_Alc_Spec_Type_ID,Prsn_Alc_Rslt_ID,Prsn_Bac_Test_Rslt,Prsn_Drg_Spec_Type_ID,Prsn_Drg_Rslt_ID,Drvr_Drg_Cat_1_ID,Prsn_Death_Date,Prsn_Death_Time,Incap_Injry_Cnt.x,Nonincap_Injry_Cnt.x,Poss_Injry_Cnt.x,Non_Injry_Cnt.x,Unkn_Injry_Cnt.x,Tot_Injry_Cnt.x,Death_Cnt.x,Crash_Fatal_Fl,Cmv_Involv_Fl,Schl_Bus_Fl,Rr_Relat_Fl,Medical_Advisory_Fl,Amend_Supp_Fl,Active_School_Zone_Fl,Crash_Date,Crash_Time,Rpt_CRIS_Cnty_ID,Rpt_City_ID,Rpt_Outside_City_Limit_Fl,Thousand_Damage_Fl,Rpt_Latitude,Rpt_Longitude,Rpt_Rdwy_Sys_ID,Rpt_Hwy_Num,Rpt_Hwy_Sfx,Rpt_Road_Part_ID,Rpt_Block_Num,Rpt_Street_Pfx,Rpt_Street_Name,Rpt_Street_Sfx,Private_Dr_Fl,Toll_Road_Fl,Crash_Speed_Limit,Road_Constr_Zone_Fl,Road_Constr_Zone_Wrkr_Fl,Rpt_Street_Desc,At_Intrsct_Fl,Rpt_Sec_Rdwy_Sys_ID,Rpt_Sec_Hwy_Num,Rpt_Sec_Hwy_Sfx,Rpt_Sec_Road_Part_ID,Rpt_Sec_Block_Num,Rpt_Sec_Street_Pfx,Rpt_Sec_Street_Name,Rpt_Sec_Street_Sfx,Rpt_Ref_Mark_Offset_Amt,Rpt_Ref_Mark_Dist_Uom,Rpt_Ref_Mark_Dir,Rpt_Ref_Mark_Nbr,Rpt_Sec_Street_Desc,Rpt_CrossingNumber,Wthr_Cond_ID,Light_Cond_ID,Entr_Road_ID,Road_Type_ID,Road_Algn_ID,Surf_Cond_ID,Traffic_Cntl_ID,Investigat_Notify_Time,Investigat_Notify_Meth,Investigat_Arrv_Time,Report_Date,Investigat_Comp_Fl,Investigat_Agency_ID,Investigat_Area_ID,Investigat_District_ID,Investigat_Region_ID,Bridge_Detail_ID,Harm_Evnt_ID,Intrsct_Relat_ID,FHE_Collsn_ID,Obj_Struck_ID,Othr_Factr_ID,Road_Part_Adj_ID,Road_Cls_ID,Road_Relat_ID,Phys_Featr_1_ID,Phys_Featr_2_ID,Cnty_ID,City_ID,Latitude,Longitude,Hwy_Sys,Hwy_Nbr,Hwy_Sfx,Dfo,Street_Name,Street_Nbr,Control,Section,Milepoint,Ref_Mark_Nbr,Ref_Mark_Displ,Hwy_Sys_2,Hwy_Nbr_2,Hwy_Sfx_2,Street_Name_2,Street_Nbr_2,Control_2,Section_2,Milepoint_2,Txdot_Rptable_Fl,Onsys_Fl,Rural_Fl,Crash_Sev_ID,Pop_Group_ID,Located_Fl,Day_of_Week,Hwy_Dsgn_Lane_ID,Hwy_Dsgn_Hrt_ID,Hp_Shldr_Left,Hp_Shldr_Right,Hp_Median_Width,Base_Type_ID,Nbr_Of_Lane,Row_Width_Usual,Roadbed_Width,Surf_Width,Surf_Type_ID,Curb_Type_Left_ID,Curb_Type_Right_ID,Shldr_Type_Left_ID,Shldr_Width_Left,Shldr_Use_Left_ID,Shldr_Type_Right_ID,Shldr_Width_Right,Shldr_Use_Right_ID,Median_Type_ID,Median_Width,Rural_Urban_Type_ID,Func_Sys_ID,Adt_Curnt_Amt,Adt_Curnt_Year,Adt_Adj_Curnt_Amt,Pct_Single_Trk_Adt,Pct_Combo_Trk_Adt,Trk_Aadt_Pct,Curve_Type_ID,Curve_Lngth,Cd_Degr,Delta_Left_Right_ID,Dd_Degr,Feature_Crossed,Structure_Number,I_R_Min_Vert_Clear,Approach_Width,Bridge_Median_ID,Bridge_Loading_Type_ID,Bridge_Loading_In_1000_Lbs,Bridge_Srvc_Type_On_ID,Bridge_Srvc_Type_Under_ID,Culvert_Type_ID,Roadway_Width,Deck_Width,Bridge_Dir_Of_Traffic_ID,Bridge_Rte_Struct_Func_ID,Bridge_IR_Struct_Func_ID,CrossingNumber,RRCo,Poscrossing_ID,WDCode_ID,Standstop,Yield,Incap_Injry_Cnt.y,Nonincap_Injry_Cnt.y,Poss_Injry_Cnt.y,Non_Injry_Cnt.y,Unkn_Injry_Cnt.y,Tot_Injry_Cnt.y,Death_Cnt.y,MPO_ID,Unit_ID,Unit_Prsn_ID
13368542,AUS_13368542,30.31204,-97.74721,1,1,3,16,2,27,2,1,4,11,1,2,N,4,NA,NA,4,97,97,,,0,1,0,0,0,1,0,N,N,N,N,N,N,N,7/12/2013,10:12 AM,227,22,N,Y,NA,NA,19,,,1,,W,41ST,ST,N,N,36,N,N,,Y,19,,,NA,,,SINCLAIR,AVE,NA,,,,,,11,1,4,NA,1,1,8,10:13 AM,RADIO,10:19 AM,7/12/2013,Y,74,NA,NA,125,8,5,1,1,64,54,1,5,1,21,21,227,22,30.31204,-97.74721,,,,NA,W 41ST ST,1700,NA,NA,NA,NA,NA,,,,SINCLAIR AVE,NA,NA,NA,NA,Y,N,N,2,9,Y,FRI,NA,NA,NA,NA,NA,NA,NA,NA,NA,NA,NA,NA,NA,NA,NA,NA,NA,NA,NA,NA,NA,NA,NA,NA,NA,NA,NA,NA,NA,NA,NA,NA,NA,NA,NA,NA,NA,NA,NA,NA,NA,NA,NA,NA,NA,NA,NA,NA,NA,,,NA,NA,NA,NA,0,1,0,1,0,1,0,90,133685421,1336854211
13368544,AUS_13368544,30.28794,-97.74464,2,1,3,16,2,19,4,1,4,11,1,1,N,4,NA,NA,4,97,97,,,0,1,0,0,0,1,0,N,N,N,N,N,N,N,7/12/2013,12:06 PM,227,22,N,N,NA,NA,19,,,1,,W,24TH,ST,N,N,30,N,N,,Y,19,,,NA,,,RIO GRANDE,ST,NA,,,,,,11,1,4,NA,1,1,5,12:06 PM,DISPATCH,12:10 PM,7/12/2013,Y,74,NA,NA,174,8,5,1,3,64,54,1,5,1,21,21,227,22,30.28794,-97.74464,,,,NA,W 24TH ST,698,NA,NA,NA,NA,NA,,,,RIO GRANDE ST,NA,NA,NA,NA,Y,N,N,2,9,Y,FRI,NA,NA,NA,NA,NA,NA,NA,NA,NA,NA,NA,NA,NA,NA,NA,NA,NA,NA,NA,NA,NA,NA,NA,NA,NA,NA,NA,NA,NA,NA,NA,NA,NA,NA,NA,NA,NA,NA,NA,NA,NA,NA,NA,NA,NA,NA,NA,NA,NA,,,NA,NA,NA,NA,0,1,0,5,0,1,0,90,133685442,1336854421
13374814,AUS_13374814,30.23410373,-97.8647541,1,1,3,16,4,60,1,1,4,11,1,4,N,4,NA,NA,4,97,97,6/28/2013,3:45:00,0,0,0,0,0,0,1,Y,N,N,N,N,N,N,6/18/2013,10:45 AM,227,22,N,Y,NA,NA,2,290,,1,6600,W,EB,,N,N,40,N,N,,N,19,,,NA,,W,WILLIAM CANNON,DR,NA,,,,,,11,1,0,3,1,1,1,10:45 AM,DISPATCHED,10:56 AM,6/18/2013,Y,74,53,93,112,8,5,4,1,64,54,1,2,1,21,21,227,22,30.23410373,-97.8647541,US,290,,109.995,US0290,,113,8,6.854,570,0.851,,,,N/A,NA,NA,NA,NA,Y,Y,N,4,9,Y,TUE,2,0,6,6,0,2,4,160,74,42,4,0,0,2,6,5,2,6,5,0,0,4,12,58000,2012,58000,1.5,0.7,2.2,1,42,4,2,9,NA,NA,NA,NA,NA,NA,NA,NA,NA,NA,NA,NA,NA,NA,NA,,,NA,NA,NA,NA,0,0,0,1,0,0,1,90,133748141,1337481411
13386281,AUS_13386281,30.27582,-97.74731,2,1,3,16,2,18,2,2,4,11,1,4,N,4,NA,NA,4,97,97,,,0,1,0,0,0,1,0,N,N,N,N,N,N,N,7/2/2013,9:01 AM,227,22,N,N,NA,NA,19,,,1,,W,12TH,ST,N,N,35,N,N,,Y,19,,,NA,,,RIO GRANDE,ST,NA,,,,,,11,1,4,NA,3,1,5,9:01 AM,DISPATCH,9:06 AM,7/2/2013,N,74,NA,NA,174,8,5,1,3,64,54,1,5,1,21,21,227,22,30.27582,-97.74731,,,,NA,W 12TH ST,698,NA,NA,NA,NA,NA,,,,RIO GRANDE ST,NA,NA,NA,NA,Y,N,N,2,9,Y,TUE,NA,NA,NA,NA,NA,NA,NA,NA,NA,NA,NA,NA,NA,NA,NA,NA,NA,NA,NA,NA,NA,NA,NA,NA,NA,NA,NA,NA,NA,NA,NA,NA,NA,NA,NA,NA,NA,NA,NA,NA,NA,NA,NA,NA,NA,NA,NA,NA,NA,,,NA,NA,NA,NA,0,1,0,1,0,1,0,90,133862812,1338628121
13386308,AUS_13386308,30.41165,-97.76757,2,1,3,16,2,56,1,1,4,11,1,1,N,4,NA,NA,4,97,97,,,0,1,0,0,0,1,0,N,N,N,N,N,N,N,7/7/2013,8:04 AM,227,22,N,Y,NA,NA,19,,,1,6500,,RAIN CREEK,PKWY,N,N,30,N,N,,Y,19,,,NA,,,SANS SOUCI,PL,NA,,,,,,11,1,0,NA,5,1,1,8:04 AM,DISPATCHED,8:15 AM,7/7/2013,Y,74,NA,46,64,8,5,1,3,64,3,1,5,1,21,21,227,22,30.41165,-97.76757,,,,NA,RAIN CREEK PKY,6502,NA,NA,NA,NA,NA,,,,SANS SOUCI PL,NA,NA,NA,NA,Y,N,N,2,9,Y,SUN,NA,NA,NA,NA,NA,NA,NA,NA,NA,NA,NA,NA,NA,NA,NA,NA,NA,NA,NA,NA,NA,NA,NA,NA,NA,NA,NA,NA,NA,NA,NA,NA,NA,NA,NA,NA,NA,NA,NA,NA,NA,NA,NA,NA,NA,NA,NA,NA,NA,,,NA,NA,NA,NA,0,1,0,1,0,1,0,90,133863082,1338630821
13386328,AUS_13386328,30.26337336,-97.74441444,2,1,3,16,2,31,1,2,4,11,1,2,N,4,NA,NA,4,97,97,,,0,1,0,0,0,1,0,N,N,N,N,N,Y,N,5/23/2013,3:55 PM,227,22,N,N,NA,NA,19,,,1,100,E,CESAR CHAVEZ,ST,N,N,35,N,N,,N,19,,,NA,,,CONGRESS,AVE,NA,,,,,,11,1,0,3,1,1,1,3:55 PM,DISPATCH,3:58 PM,5/23/2013,Y,74,NA,NA,358,8,5,3,3,64,13,1,2,1,32,21,227,22,30.26337336,-97.74441444,SL,343,,4.546,SL0343,100,113,12,5.788,568,0.228,,,,N/A,NA,NA,NA,NA,Y,Y,N,2,9,Y,THU,1,0,10,10,0,9,4,80,68,48,6,0,0,2,10,5,2,10,5,0,0,4,14,26000,2012,26000,1,0.3,1.3,NA,NA,NA,NA,NA,NA,NA,NA,NA,NA,NA,NA,NA,NA,NA,NA,NA,NA,NA,NA,,,NA,NA,NA,NA,0,1,0,1,0,1,0,90,133863282,1338632821
13386333,AUS_13386333,30.38840918,-97.75168591,2,1,3,16,2,58,1,1,4,11,1,2,N,4,NA,NA,4,97,97,,,0,1,0,0,0,1,0,N,N,N,N,N,Y,N,6/13/2013,6:02 PM,227,22,N,N,NA,NA,19,,,1,9300,,ARBORETUM,BLVD,N,N,55,N,N,,Y,19,,,NA,9200,N,CAPITAL OF TEXAS,HWY,NA,,,,,,11,1,4,2,8,1,9,6:06 PM,DISPATCHED,6:10 PM,6/13/2013,Y,74,NA,46,64,8,5,1,3,64,54,1,2,1,21,21,227,22,30.38840918,-97.75168591,SL,360,,0.454,SL0360,,113,13,11.494,432,0.228,,,,ARBORETUM BLVD,NA,NA,NA,NA,Y,Y,N,2,9,Y,THU,3,0,4,10,56,2,4,291,76,48,4,0,0,2,8,5,2,20,5,3,48,4,14,46000,2012,46000,2.8,0.4,3.2,NA,NA,NA,NA,NA,NA,NA,NA,NA,NA,NA,NA,NA,NA,NA,NA,NA,NA,NA,NA,,,NA,NA,NA,NA,0,1,0,2,0,1,0,90,133863332,1338633321
13386348,AUS_13386348,30.26339788,-97.74450517,2,1,3,16,2,19,3,1,4,11,1,5,N,4,NA,NA,4,97,97,,,0,1,0,0,0,1,0,N,N,N,N,N,Y,N,6/9/2013,9:20 PM,227,22,N,N,NA,NA,19,,,1,,E,CESAR CHAVEZ,ST,N,N,0,N,N,,Y,19,,,NA,,,CONGRESS,AVE,NA,,,,,,11,6,4,3,8,1,5,9:20 PM,DISPATCH,9:24 PM,6/9/2013,Y,74,NA,115,144,8,5,1,3,64,54,1,2,1,21,21,227,22,30.26339788,-97.74450517,SL,343,,4.54,SL0343,100,113,12,5.782,568,0.222,,,,CONGRESS AVE,NA,NA,NA,NA,Y,Y,N,2,9,Y,SUN,1,0,10,10,0,9,4,80,68,48,6,0,0,2,10,5,2,10,5,0,0,4,14,26000,2012,26000,1,0.3,1.3,NA,NA,NA,NA,NA,NA,NA,NA,NA,NA,NA,NA,NA,NA,NA,NA,NA,NA,NA,NA,,,NA,NA,NA,NA,0,1,0,1,0,1,0,90,133863482,1338634821
13386349,AUS_13386349,30.37097922,-97.75748865,2,1,3,16,1,35,1,1,4,11,1,3,N,4,NA,NA,4,97,97,,,1,0,0,0,0,1,0,N,N,N,N,N,Y,N,6/11/2013,11:13 AM,227,22,N,Y,NA,NA,19,,,1,8023,,MEZA,DR,N,N,0,N,N,,N,19,,,NA,,,SPICEWOOD SPRINGS,RD,NA,,,,,,12,1,0,NA,2,1,1,11:13 AM,DISPATCH,11:20 AM,6/11/2013,Y,74,1,120,14,8,5,3,1,64,14,1,5,1,32,21,227,22,30.37097922,-97.75748865,,,,NA,MESA DR,8075,NA,NA,NA,NA,NA,,,,N/A,NA,NA,NA,NA,Y,N,N,1,9,Y,TUE,NA,NA,NA,NA,NA,NA,NA,NA,NA,NA,NA,NA,NA,NA,NA,NA,NA,NA,NA,NA,NA,NA,NA,NA,NA,NA,NA,NA,NA,NA,NA,NA,NA,NA,NA,NA,NA,NA,NA,NA,NA,NA,NA,NA,NA,NA,NA,NA,NA,,,NA,NA,NA,NA,1,0,0,1,0,1,0,90,133863492,1338634921
13386546,AUS_13386546,30.21796,-97.79201,2,1,3,16,2,60,1,1,4,11,1,2,N,4,NA,NA,4,97,97,,,0,1,0,0,0,1,0,N,N,N,N,N,N,N,7/4/2013,9:28 AM,227,22,N,Y,NA,NA,19,,,1,,,FAIR OAKS,DR,N,N,25,N,N,,Y,19,,,NA,,,KINGS,HWY,NA,,,,,,11,1,4,NA,1,1,8,9:28 AM,DISPATCHED,9:36 AM,7/4/2013,Y,74,NA,105,112,8,5,1,1,64,54,1,5,1,21,21,227,22,30.21796,-97.79201,,,,NA,FAIR OAKS DR,1698,NA,NA,NA,NA,NA,,,,KINGS HWY,NA,NA,NA,NA,Y,N,N,2,9,Y,THU,NA,NA,NA,NA,NA,NA,NA,NA,NA,NA,NA,NA,NA,NA,NA,NA,NA,NA,NA,NA,NA,NA,NA,NA,NA,NA,NA,NA,NA,NA,NA,NA,NA,NA,NA,NA,NA,NA,NA,NA,NA,NA,NA,NA,NA,NA,NA,NA,NA,,,NA,NA,NA,NA,0,1,0,1,0,1,0,90,133865462,1338654621
13386612,AUS_13386612,30.28844307,-97.75160801,2,1,3,16,2,28,1,2,4,11,1,4,N,4,NA,NA,4,97,97,,,0,1,0,0,0,1,0,N,N,N,N,N,N,N,7/22/2013,9:49 AM,227,22,N,N,NA,NA,19,,,1,1300,W,24TH,ST,N,N,30,N,N,,N,19,,,NA,,,SHOAL CREEK,BLVD,NA,,,,,,11,1,0,NA,2,1,11,9:49 AM,DISPATCHED,9:55 AM,7/22/2013,Y,74,252,10,14,8,5,3,3,64,13,1,5,1,32,21,227,22,30.28844307,-97.75160801,,,,NA,W 24TH ST,1311,NA,NA,NA,NA,NA,,,,N/A,NA,NA,NA,NA,Y,N,N,2,9,Y,MON,NA,NA,NA,NA,NA,NA,NA,NA,NA,NA,NA,NA,NA,NA,NA,NA,NA,NA,NA,NA,NA,NA,NA,NA,NA,NA,NA,NA,NA,NA,NA,NA,NA,NA,NA,NA,NA,NA,NA,NA,NA,NA,NA,NA,NA,NA,NA,NA,NA,,,NA,NA,NA,NA,0,1,0,1,0,1,0,90,133866122,1338661221
13386842,AUS_13386842,30.30133,-97.73524,1,1,3,16,2,28,3,1,4,11,1,1,N,4,NA,NA,4,97,97,,,0,1,0,0,0,1,0,N,N,N,N,N,N,N,7/19/2013,1:03 AM,227,22,N,N,NA,NA,19,,,1,300,W,38TH,ST,N,N,40,N,N,,N,19,,,NA,3800,,AVENUE B,,NA,,,,,,11,1,0,NA,1,1,1,1:02 PM,DISPATCH,1:07 PM,7/19/2013,Y,74,129,10,14,8,5,4,1,64,54,1,5,1,21,21,227,22,30.30133,-97.73524,,,,NA,W 38TH ST,300,NA,NA,NA,NA,NA,,,,N/A,NA,NA,NA,NA,Y,N,N,2,9,Y,FRI,NA,NA,NA,NA,NA,NA,NA,NA,NA,NA,NA,NA,NA,NA,NA,NA,NA,NA,NA,NA,NA,NA,NA,NA,NA,NA,NA,NA,NA,NA,NA,NA,NA,NA,NA,NA,NA,NA,NA,NA,NA,NA,NA,NA,NA,NA,NA,NA,NA,,,NA,NA,NA,NA,0,1,0,1,0,1,0,90,133868421,1338684211
13386994,AUS_13386994,30.21746,-97.8742,1,1,3,16,2,17,2,2,4,11,1,97,N,4,NA,NA,4,97,97,,,0,1,0,0,0,1,0,N,N,N,N,N,N,N,7/21/2013,2:57 PM,227,22,N,Y,NA,NA,19,,,1,6300,,OASIS,DR,N,N,0,N,N,,Y,19,,,NA,7800,,ESCARPMENTO,BLVD,NA,,,,,,11,1,4,NA,1,1,8,2:57 PM,DISPATCHED,3:01 PM,7/21/2013,Y,74,NA,NA,195,8,5,1,1,64,54,1,5,1,21,21,227,22,30.21746,-97.8742,,,,NA,OASIS DR,6799,NA,NA,NA,NA,NA,,,,ESCARPMENT BLVD,NA,NA,NA,NA,Y,N,N,2,9,Y,SUN,NA,NA,NA,NA,NA,NA,NA,NA,NA,NA,NA,NA,NA,NA,NA,NA,NA,NA,NA,NA,NA,NA,NA,NA,NA,NA,NA,NA,NA,NA,NA,NA,NA,NA,NA,NA,NA,NA,NA,NA,NA,NA,NA,NA,NA,NA,NA,NA,NA,,,NA,NA,NA,NA,0,1,0,1,0,1,0,90,133869941,1338699411
13387773,AUS_13387773,30.17922,-97.84106,2,1,3,16,3,19,3,1,4,11,1,4,N,4,NA,NA,4,97,97,,,0,0,1,0,0,1,0,N,N,N,N,N,N,N,7/21/2013,7:30 PM,227,22,N,N,NA,NA,19,,,1,9900,,WEST GATE,BLVD,N,N,35,N,N,,Y,19,,,1,3000,W,SLAUGHTER,LN,NA,,,,,,11,4,2,NA,1,1,16,8:42 PM,POLICE RADIO,9:00 PM,7/21/2013,Y,74,NA,NA,NA,8,5,2,1,64,54,1,5,1,21,21,227,22,30.17922,-97.84106,,,,NA,W GATE BLVD,,NA,NA,NA,NA,NA,,,,W SLAUGHTER LN,NA,NA,NA,NA,Y,N,N,3,9,Y,SUN,NA,NA,NA,NA,NA,NA,NA,NA,NA,NA,NA,NA,NA,NA,NA,NA,NA,NA,NA,NA,NA,NA,NA,NA,NA,NA,NA,NA,NA,NA,NA,NA,NA,NA,NA,NA,NA,NA,NA,NA,NA,NA,NA,NA,NA,NA,NA,NA,NA,,,NA,NA,NA,NA,0,0,1,0,1,1,0,90,133877732,1338777321
13387794,AUS_13387794,30.30725,-97.74753,2,1,3,16,2,21,1,1,4,11,1,2,N,4,NA,NA,4,97,97,,,0,1,0,0,0,1,0,N,N,N,N,N,N,N,7/5/2013,11:55 AM,227,22,N,N,NA,NA,19,,,1,3800,,SHOAL CREEK,BLVD,N,N,30,N,N,,N,19,,,NA,,W,38TH,ST,NA,,,,,,11,1,2,NA,1,1,5,11:55 AM,DISPATCHED,12:01 PM,7/5/2013,Y,74,NA,NA,125,8,5,2,1,64,3,1,5,1,21,21,227,22,30.30725,-97.74753,,,,NA,SHOAL CREEK BLVD,3800,NA,NA,NA,NA,NA,,,,UNKNOWN,NA,NA,NA,NA,Y,N,N,2,9,Y,FRI,NA,NA,NA,NA,NA,NA,NA,NA,NA,NA,NA,NA,NA,NA,NA,NA,NA,NA,NA,NA,NA,NA,NA,NA,NA,NA,NA,NA,NA,NA,NA,NA,NA,NA,NA,NA,NA,NA,NA,NA,NA,NA,NA,NA,NA,NA,NA,NA,NA,,,NA,NA,NA,NA,0,1,0,1,0,1,0,90,133877942,1338779421
13387801,AUS_13387801,30.26716334,-97.74332054,1,1,3,16,2,34,1,1,4,11,1,97,N,4,NA,NA,4,97,97,,,0,1,0,0,0,1,0,N,N,N,N,N,Y,N,6/9/2013,2:12 AM,227,22,N,Y,NA,NA,19,,,1,100,W,5TH,ST,N,N,30,N,N,,N,19,,,NA,400,,CONGRESS,AVE,NA,,,,,,11,4,2,NA,1,1,17,2:18 AM,CAD,2:19 AM,6/9/2013,Y,74,36,67,282,8,5,4,1,64,54,1,5,1,21,21,227,22,30.26716334,-97.74332054,,,,NA,W 5TH ST,111,NA,NA,NA,NA,NA,,,,N/A,NA,NA,NA,NA,Y,N,N,2,9,Y,SUN,NA,NA,NA,NA,NA,NA,NA,NA,NA,NA,NA,NA,NA,NA,NA,NA,NA,NA,NA,NA,NA,NA,NA,NA,NA,NA,NA,NA,NA,NA,NA,NA,NA,NA,NA,NA,NA,NA,NA,NA,NA,NA,NA,NA,NA,NA,NA,NA,NA,,,NA,NA,NA,NA,0,1,0,1,0,1,0,90,133878011,1338780111
13391286,AUS_13391286,30.37690542,-97.67617247,2,1,3,16,2,15,2,1,4,11,1,4,N,4,NA,NA,4,97,97,,,0,1,0,0,0,1,0,N,N,N,N,N,N,N,6/11/2013,6:14 PM,227,22,N,N,NA,NA,1,35,,2,11100,,NB SVRD,,N,N,0,N,N,,Y,19,,,NA,804,E,BRAKER,LN,NA,,,,,,11,1,4,2,3,1,5,6:14 PM,DISPATCH,6:34 PM,6/11/2013,Y,74,NA,114,143,8,5,1,1,64,54,2,1,1,21,21,227,22,30.37690542,-97.67617247,IH,35,,242.327,IH0035,,15,13,26.256,243,0.207,,,,E BRAKER LN,NA,NA,NA,NA,Y,Y,N,2,9,Y,TUE,5,0,4,10,11,2,6,300,100,72,4,0,0,2,8,5,2,20,5,2,3,4,11,141600,2012,141600,2.9,7.7,10.6,NA,NA,NA,NA,NA,NA,NA,NA,NA,NA,NA,NA,NA,NA,NA,NA,NA,NA,NA,NA,,,NA,NA,NA,NA,0,1,0,1,0,1,0,90,133912862,1339128621
13391308,AUS_13391308,30.37182132,-97.71542094,2,1,3,16,3,64,3,1,4,11,1,4,N,4,NA,NA,4,97,97,,,0,0,1,0,0,1,0,N,N,N,N,N,Y,N,4/21/2013,2:17 PM,227,22,N,N,NA,NA,19,,,1,1800,W,RUNDBERG,LN,N,N,0,N,N,,N,19,,,NA,9300,,NORTHGATE,BLVD,NA,,,,,,12,1,0,NA,1,1,1,2:17 PM,DISPATCH,2:17 PM,4/26/2013,Y,74,22,114,143,8,5,2,1,64,3,1,5,1,21,21,227,22,30.37182132,-97.71542094,,,,NA,W RUNDBERG LN,,NA,NA,NA,NA,NA,,,,NORTHGATE BLVD,NA,NA,NA,NA,Y,N,N,3,9,Y,SUN,NA,NA,NA,NA,NA,NA,NA,NA,NA,NA,NA,NA,NA,NA,NA,NA,NA,NA,NA,NA,NA,NA,NA,NA,NA,NA,NA,NA,NA,NA,NA,NA,NA,NA,NA,NA,NA,NA,NA,NA,NA,NA,NA,NA,NA,NA,NA,NA,NA,,,NA,NA,NA,NA,0,0,1,1,0,1,0,90,133913082,1339130821
13391310,AUS_13391310,30.25877718,-97.71426716,2,1,3,16,2,25,1,1,4,11,1,4,N,4,NA,NA,4,97,97,,,0,1,0,0,0,1,0,N,N,N,N,N,N,N,6/1/2013,2:13 PM,227,22,N,Y,NA,NA,19,,,1,2500,E,6TH,ST,N,N,0,N,N,,N,19,,,NA,,,PEDERNALES,ST,NA,,,,,,11,1,0,NA,1,1,1,2:15 PM,DISPATCH,2:22 PM,6/1/2013,Y,74,488,34,48,8,5,4,1,64,42,1,5,1,21,21,227,22,30.25877718,-97.71426716,,,,NA,E 6TH ST,2558,NA,NA,NA,NA,NA,,,,N/A,NA,NA,NA,NA,Y,N,N,2,9,Y,SAT,NA,NA,NA,NA,NA,NA,NA,NA,NA,NA,NA,NA,NA,NA,NA,NA,NA,NA,NA,NA,NA,NA,NA,NA,NA,NA,NA,NA,NA,NA,NA,NA,NA,NA,NA,NA,NA,NA,NA,NA,NA,NA,NA,NA,NA,NA,NA,NA,NA,,,NA,NA,NA,NA,0,1,0,3,0,1,0,90,133913102,1339131021
13391365,AUS_13391365,30.24433907,-97.78131563,2,1,3,16,2,20,1,1,4,11,1,4,N,4,NA,NA,4,97,97,,,0,1,0,0,0,1,0,N,N,N,N,N,N,N,7/15/2013,11:10 AM,227,22,N,N,NA,NA,19,,,1,,S,LAMAR,BLVD,N,N,30,N,N,,Y,19,,,NA,,,MANCHACA,RD,NA,,,,,,2,1,3,3,1,2,5,11:11 AM,DISPATCH,11:14 AM,7/15/2013,Y,74,NA,NA,NA,8,5,2,3,64,54,1,2,1,21,21,227,22,30.24433907,-97.78131563,SL,343,,1.497,SL0343,2801,113,9,6.444,564,0.854,SL,360,,SL0360,NA,NA,NA,NA,Y,Y,N,2,9,Y,MON,2,0,0,0,0,2,4,100,60,48,4,1,1,1,0,0,1,0,0,0,0,4,14,39340,2012,39340,0.8,0.3,1.1,NA,NA,NA,NA,NA,NA,NA,NA,NA,NA,NA,NA,NA,NA,NA,NA,NA,NA,NA,NA,,,NA,NA,NA,NA,0,1,0,1,0,1,0,90,133913652,1339136521
13391370,AUS_13391370,30.33645111,-97.77647292,2,1,3,16,1,NA,1,1,4,11,1,1,N,4,NA,NA,4,97,97,,,1,0,0,0,0,1,0,N,N,N,N,N,N,N,7/9/2013,9:42 AM,227,22,N,Y,NA,NA,19,,,1,5200,,MOUNT BONNELL,RD,N,N,30,N,N,,N,19,,,NA,,,TELEPHONE POLE 291611,,NA,,,,,,11,1,0,NA,5,1,11,10:03 AM,DISPATCHED,10:23 AM,7/9/2013,Y,74,1,120,14,8,5,4,1,64,54,1,5,1,21,21,227,22,30.33645111,-97.77647292,,,,NA,MT BONNELL RD,5200,NA,NA,NA,NA,NA,,,,N/A,NA,NA,NA,NA,Y,N,N,1,9,Y,TUE,NA,NA,NA,NA,NA,NA,NA,NA,NA,NA,NA,NA,NA,NA,NA,NA,NA,NA,NA,NA,NA,NA,NA,NA,NA,NA,NA,NA,NA,NA,NA,NA,NA,NA,NA,NA,NA,NA,NA,NA,NA,NA,NA,NA,NA,NA,NA,NA,NA,,,NA,NA,NA,NA,1,0,0,1,0,1,0,90,133913702,1339137021
13391424,AUS_13391424,30.30837897,-97.7156432,2,1,3,16,2,49,3,1,4,11,1,4,N,4,NA,NA,4,97,97,,,0,1,0,0,0,1,0,N,N,N,N,N,N,N,7/14/2013,4:18 AM,227,22,N,N,NA,NA,19,,,1,4800,,AIRPORT,BLVD,N,N,40,N,N,,N,19,,,NA,904,,GENE JOHNSON,ST,NA,,,,,,11,4,0,NA,1,1,20,4:18 AM,DISPATCH,4:25 AM,7/14/2013,Y,74,216,10,14,8,5,2,1,64,9,1,5,1,21,21,227,22,30.30837897,-97.7156432,,,,NA,AIRPORT BLVD,4803,NA,NA,NA,NA,NA,,,,GENE JOHNSON ST,NA,NA,NA,NA,Y,N,N,2,9,Y,SUN,NA,NA,NA,NA,NA,NA,NA,NA,NA,NA,NA,NA,NA,NA,NA,NA,NA,NA,NA,NA,NA,NA,NA,NA,NA,NA,NA,NA,NA,NA,NA,NA,NA,NA,NA,NA,NA,NA,NA,NA,NA,NA,NA,NA,NA,NA,NA,NA,NA,,,NA,NA,NA,NA,0,1,0,2,0,1,0,90,133914242,1339142421