CrashID,CrashID1,Latitude,Longitude,Unit_Nbr,Prsn_Nbr,Prsn_Type_ID,Prsn_Occpnt_Pos_ID,Prsn_Injry_Sev_ID,Prsn_Age,Prsn_Ethnicity_ID,Prsn_Gndr_ID,Prsn_Ejct_ID,Prsn_Rest_ID,Prsn_Airbag_ID,Prsn_Helmet_ID,Prsn_Sol_Fl,Prsn_Alc_Spec_Type_ID,Prsn_Alc_Rslt_ID,Prsn_Bac_Test_Rslt,Prsn_Drg_Spec_Type_ID,Prsn_Drg_Rslt_ID,Drvr_Drg_Cat_1_ID,Prsn_Death_Date,Prsn_Death_Time,Incap_Injry_Cnt.x,Nonincap_Injry_Cnt.x,Poss_Injry_Cnt.x,Non_Injry_Cnt.x,Unkn_Injry_Cnt.x,Tot_Injry_Cnt.x,Death_Cnt.x,Crash_Fatal_Fl,Cmv_Involv_Fl,Schl_Bus_Fl,Rr_Relat_Fl,Medical_Advisory_Fl,Amend_Supp_Fl,Active_School_Zone_Fl,Crash_Date,Crash_Time,Rpt_CRIS_Cnty_ID,Rpt_City_ID,Rpt_Outside_City_Limit_Fl,Thousand_Damage_Fl,Rpt_Latitude,Rpt_Longitude,Rpt_Rdwy_Sys_ID,Rpt_Hwy_Num,Rpt_Hwy_Sfx,Rpt_Road_Part_ID,Rpt_Block_Num,Rpt_Street_Pfx,Rpt_Street_Name,Rpt_Street_Sfx,Private_Dr_Fl,Toll_Road_Fl,Crash_Speed_Limit,Road_Constr_Zone_Fl,Road_Constr_Zone_Wrkr_Fl,Rpt_Street_Desc,At_Intrsct_Fl,Rpt_Sec_Rdwy_Sys_ID,Rpt_Sec_Hwy_Num,Rpt_Sec_Hwy_Sfx,Rpt_Sec_Road_Part_ID,Rpt_Sec_Block_Num,Rpt_Sec_Street_Pfx,Rpt_Sec_Street_Name,Rpt_Sec_Street_Sfx,Rpt_Ref_Mark_Offset_Amt,Rpt_Ref_Mark_Dist_Uom,Rpt_Ref_Mark_Dir,Rpt_Ref_Mark_Nbr,Rpt_Sec_Street_Desc,Rpt_CrossingNumber,Wthr_Cond_ID,Light_Cond_ID,Entr_Road_ID,Road_Type_ID,Road_Algn_ID,Surf_Cond_ID,Traffic_Cntl_ID,Investigat_Notify_Time,Investigat_Notify_Meth,Investigat_Arrv_Time,Report_Date,Investigat_Comp_Fl,Investigat_Agency_ID,Investigat_Area_ID,Investigat_District_ID,Investigat_Region_ID,Bridge_Detail_ID,Harm_Evnt_ID,Intrsct_Relat_ID,FHE_Collsn_ID,Obj_Struck_ID,Othr_Factr_ID,Road_Part_Adj_ID,Road_Cls_ID,Road_Relat_ID,Phys_Featr_1_ID,Phys_Featr_2_ID,Cnty_ID,City_ID,Latitude,Longitude,Hwy_Sys,Hwy_Nbr,Hwy_Sfx,Dfo,Street_Name,Street_Nbr,Control,Section,Milepoint,Ref_Mark_Nbr,Ref_Mark_Displ,Hwy_Sys_2,Hwy_Nbr_2,Hwy_Sfx_2,Street_Name_2,Street_Nbr_2,Control_2,Section_2,Milepoint_2,Txdot_Rptable_Fl,Onsys_Fl,Rural_Fl,Crash_Sev_ID,Pop_Group_ID,Located_Fl,Day_of_Week,Hwy_Dsgn_Lane_ID,Hwy_Dsgn_Hrt_ID,Hp_Shldr_Left,Hp_Shldr_Right,Hp_Median_Width,Base_Type_ID,Nbr_Of_Lane,Row_Width_Usual,Roadbed_Width,Surf_Width,Surf_Type_ID,Curb_Type_Left_ID,Curb_Type_Right_ID,Shldr_Type_Left_ID,Shldr_Width_Left,Shldr_Use_Left_ID,Shldr_Type_Right_ID,Shldr_Width_Right,Shldr_Use_Right_ID,Median_Type_ID,Median_Width,Rural_Urban_Type_ID,Func_Sys_ID,Adt_Curnt_Amt,Adt_Curnt_Year,Adt_Adj_Curnt_Amt,Pct_Single_Trk_Adt,Pct_Combo_Trk_Adt,Trk_Aadt_Pct,Curve_Type_ID,Curve_Lngth,Cd_Degr,Delta_Left_Right_ID,Dd_Degr,Feature_Crossed,Structure_Number,I_R_Min_Vert_Clear,Approach_Width,Bridge_Median_ID,Bridge_Loading_Type_ID,Bridge_Loading_In_1000_Lbs,Bridge_Srvc_Type_On_ID,Bridge_Srvc_Type_Under_ID,Culvert_Type_ID,Roadway_Width,Deck_Width,Bridge_Dir_Of_Traffic_ID,Bridge_Rte_Struct_Func_ID,Bridge_IR_Struct_Func_ID,CrossingNumber,RRCo,Poscrossing_ID,WDCode_ID,Standstop,Yield,Incap_Injry_Cnt.y,Nonincap_Injry_Cnt.y,Poss_Injry_Cnt.y,Non_Injry_Cnt.y,Unkn_Injry_Cnt.y,Tot_Injry_Cnt.y,Death_Cnt.y,MPO_ID,Unit_ID,Unit_Prsn_ID
13391437,AUS_13391437,30.29013,-97.71461,2,1,3,16,2,41,1,2,4,11,1,1,N,4,NA,NA,4,97,97,,,0,1,0,0,0,1,0,N,N,N,N,Y,N,N,6/30/2013,3:12 PM,227,22,N,N,NA,NA,19,,,1,3400,,CHERRY WOOD,RD,N,N,35,N,N,,Y,19,,,NA,,,CLARKSON,AVE,NA,,,,,,11,1,2,NA,2,1,11,3:12 PM,DISPATCHED,3:15 PM,6/30/2013,Y,74,22,34,48,8,5,1,3,64,54,1,5,1,21,21,227,22,30.29013,-97.71461,,,,NA,CHERRYWOOD RD,3501,NA,NA,NA,NA,NA,,,,CLARKSON AVE,NA,NA,NA,NA,Y,N,N,2,9,Y,SUN,NA,NA,NA,NA,NA,NA,NA,NA,NA,NA,NA,NA,NA,NA,NA,NA,NA,NA,NA,NA,NA,NA,NA,NA,NA,NA,NA,NA,NA,NA,NA,NA,NA,NA,NA,NA,NA,NA,NA,NA,NA,NA,NA,NA,NA,NA,NA,NA,NA,,,NA,NA,NA,NA,0,1,0,1,0,1,0,90,133914372,1339143721
13391439,AUS_13391439,30.29381,-97.7329,2,1,3,16,1,67,1,1,4,11,1,2,N,4,NA,NA,4,97,97,,,1,0,0,0,0,1,0,N,N,N,N,N,N,N,7/1/2013,10:54 AM,227,22,N,N,NA,NA,19,,,1,3100,,DUVAL,ST,N,N,0,N,N,,Y,19,,,NA,500,E,32ND,ST,NA,,,,,,11,1,2,NA,2,1,5,10:54 AM,DISPATCH,10:57 AM,7/1/2013,Y,74,17,120,14,8,5,1,3,1,54,1,5,1,21,21,227,22,30.29381,-97.7329,,,,NA,DUVAL ST,3115,NA,NA,NA,NA,NA,,,,E 32ND ST,NA,NA,NA,NA,Y,N,N,1,9,Y,MON,NA,NA,NA,NA,NA,NA,NA,NA,NA,NA,NA,NA,NA,NA,NA,NA,NA,NA,NA,NA,NA,NA,NA,NA,NA,NA,NA,NA,NA,NA,NA,NA,NA,NA,NA,NA,NA,NA,NA,NA,NA,NA,NA,NA,NA,NA,NA,NA,NA,,,NA,NA,NA,NA,1,0,0,1,0,1,0,90,133914392,1339143921
13393950,AUS_13393950,30.17090865,-97.75319062,2,1,3,16,2,57,1,1,4,11,1,4,N,4,NA,NA,4,97,97,,,0,1,0,0,0,1,0,N,N,N,N,N,N,N,7/26/2013,9:49 AM,227,22,N,N,NA,NA,19,,,1,6700,S,PLEASANT VALLEY,RD,N,N,35,N,N,,N,19,,,NA,6800,,ONION CREEK,DR,NA,,,,,,11,1,0,NA,2,1,20,9:49 AM,DISPATCHED,9:55 AM,7/26/2013,Y,74,22,131,9,8,5,4,1,64,3,1,5,1,21,21,227,22,30.17090865,-97.75319062,,,,NA,S PLEASANT VALLEY RD,,NA,NA,NA,NA,NA,,,,N/A,NA,NA,NA,NA,Y,N,N,2,9,Y,FRI,NA,NA,NA,NA,NA,NA,NA,NA,NA,NA,NA,NA,NA,NA,NA,NA,NA,NA,NA,NA,NA,NA,NA,NA,NA,NA,NA,NA,NA,NA,NA,NA,NA,NA,NA,NA,NA,NA,NA,NA,NA,NA,NA,NA,NA,NA,NA,NA,NA,,,NA,NA,NA,NA,0,1,0,2,0,1,0,90,133939502,1339395021
13394127,AUS_13394127,30.40006,-97.65263,2,1,3,16,3,12,4,1,4,11,1,4,N,4,NA,NA,4,97,97,,,0,0,1,0,0,1,0,N,N,N,N,N,N,N,7/24/2013,1:22 PM,227,22,N,Y,NA,NA,19,,,1,12800,,HARRIS GLENN,DR,N,N,45,N,N,,N,19,,,NA,,,PARMER,LN,NA,,,,,,12,1,0,NA,1,1,1,1:32 PM,CAD,1:39 PM,7/24/2013,Y,74,NA,NA,146,8,5,1,1,64,3,1,5,1,21,21,227,22,30.40006,-97.65263,,,,NA,HARRISGLENN DR,12800,NA,NA,NA,NA,NA,,,,UNKNOWN,NA,NA,NA,NA,Y,N,N,3,9,Y,WED,NA,NA,NA,NA,NA,NA,NA,NA,NA,NA,NA,NA,NA,NA,NA,NA,NA,NA,NA,NA,NA,NA,NA,NA,NA,NA,NA,NA,NA,NA,NA,NA,NA,NA,NA,NA,NA,NA,NA,NA,NA,NA,NA,NA,NA,NA,NA,NA,NA,,,NA,NA,NA,NA,0,0,1,3,0,1,0,90,133941272,1339412721
13394182,AUS_13394182,30.28062,-97.74199,2,1,3,16,3,20,2,1,4,11,1,4,N,4,NA,NA,4,97,97,,,0,0,1,0,0,1,0,N,N,N,N,N,N,N,7/26/2013,11:53 AM,227,22,N,N,NA,NA,19,,,1,1800,,GUADALUPE,ST,N,N,35,N,N,,N,19,,,NA,,,MLK JR,BLVD,NA,,,,,,11,1,0,NA,1,1,11,11:54 AM,DISPATCH,11:56 AM,7/26/2013,Y,74,129,10,14,8,5,3,2,64,13,1,5,2,32,21,227,22,30.28062,-97.74199,,,,NA,GUADALUPE ST,1800,NA,NA,NA,NA,NA,,,,N/A,NA,NA,NA,NA,Y,N,N,3,9,Y,FRI,NA,NA,NA,NA,NA,NA,NA,NA,NA,NA,NA,NA,NA,NA,NA,NA,NA,NA,NA,NA,NA,NA,NA,NA,NA,NA,NA,NA,NA,NA,NA,NA,NA,NA,NA,NA,NA,NA,NA,NA,NA,NA,NA,NA,NA,NA,NA,NA,NA,,,NA,NA,NA,NA,0,0,1,1,0,1,0,90,133941822,1339418221
13395114,AUS_13395114,30.36316179,-97.6969604,2,1,3,16,5,56,2,1,4,11,1,4,N,4,NA,NA,4,97,97,,,0,0,0,1,0,0,0,N,N,N,N,N,Y,N,5/28/2013,1:22 PM,227,22,N,N,NA,NA,19,,,1,9400,N,LAMAR,BLVD,N,N,45,N,N,,Y,19,,,NA,,,RUTLAND,DR,NA,,,,,,11,1,2,3,1,1,5,1:22 PM,CAD,1:30 PM,5/28/2013,Y,74,NA,NA,146,8,5,2,2,64,3,1,2,1,21,21,227,22,30.36316179,-97.6969604,SL,275,,4.545,SL0275,9401,15,11,5.625,434,0.614,US,183,,US0183,NA,NA,NA,NA,N,Y,N,5,9,Y,TUE,2,0,0,0,0,2,4,125,48,48,4,1,1,1,0,0,1,0,0,0,0,4,14,33000,2012,33000,0.9,0.3,1.2,NA,NA,NA,NA,NA,NA,NA,NA,NA,NA,NA,NA,NA,NA,NA,NA,NA,NA,NA,NA,,,NA,NA,NA,NA,0,0,0,2,0,0,0,90,133951142,1339511421
13395185,AUS_13395185,30.25345,-97.71413,3,1,3,16,2,44,1,1,4,11,1,3,N,4,NA,NA,4,97,97,,,0,1,0,0,0,1,0,N,N,N,N,N,N,N,5/23/2013,5:53 PM,227,22,N,Y,NA,NA,19,,,1,,,LLANO,ST,N,N,35,N,N,,Y,19,,,NA,,E,CESAR CHAVEZ,ST,NA,,,,,,11,1,2,NA,1,1,8,5:53 PM,DISPATCHED,5:57 PM,5/23/2013,Y,74,NA,34,48,8,5,1,3,64,54,1,5,1,21,21,227,22,30.25345,-97.71413,,,,NA,LLANO ST,99,NA,NA,NA,NA,NA,,,,E CESAR CHAVEZ ST,NA,NA,NA,NA,Y,N,N,2,9,Y,THU,NA,NA,NA,NA,NA,NA,NA,NA,NA,NA,NA,NA,NA,NA,NA,NA,NA,NA,NA,NA,NA,NA,NA,NA,NA,NA,NA,NA,NA,NA,NA,NA,NA,NA,NA,NA,NA,NA,NA,NA,NA,NA,NA,NA,NA,NA,NA,NA,NA,,,NA,NA,NA,NA,0,1,0,1,0,1,0,90,133951853,1339518531
13410549,AUS_13410549,30.28224,-97.74377,2,1,3,16,2,22,3,2,4,11,NA,NA,N,4,NA,NA,4,97,97,,,0,1,0,0,0,1,0,N,N,N,N,N,N,N,8/14/2013,9:40 PM,227,22,N,N,NA,NA,19,,,1,600,W,MARTIN LUTHER KING JR,BLVD,N,N,0,N,N,,Y,19,,,NA,,,NUECES,ST,NA,,,,,,11,4,4,NA,1,1,5,9:40 PM,DISPATCH,9:41 PM,8/14/2013,Y,74,11,10,14,8,5,1,3,64,3,1,5,1,21,21,227,22,30.28224,-97.74377,,,,NA,W MARTIN LUTHER KING JR BLVD,504,NA,NA,NA,NA,NA,,,,NUECES ST,NA,NA,NA,NA,Y,N,N,2,9,Y,WED,NA,NA,NA,NA,NA,NA,NA,NA,NA,NA,NA,NA,NA,NA,NA,NA,NA,NA,NA,NA,NA,NA,NA,NA,NA,NA,NA,NA,NA,NA,NA,NA,NA,NA,NA,NA,NA,NA,NA,NA,NA,NA,NA,NA,NA,NA,NA,NA,NA,,,NA,NA,NA,NA,0,1,0,1,0,1,0,90,134105492,1341054921
13410644,AUS_13410644,30.27331,-97.68869,2,1,3,16,2,32,2,1,4,11,1,5,N,4,NA,NA,4,97,97,,,0,1,0,0,0,1,0,N,N,N,N,N,N,N,8/10/2013,10:08 AM,227,22,N,N,NA,NA,19,,,1,,,MANSELL,AVE,N,N,30,N,N,,Y,19,,,NA,,,LEAESMA,RD,NA,,,,,,11,1,2,NA,2,1,8,10:10 AM,DISPATCH,10:14 AM,8/10/2013,Y,74,12,34,48,8,5,1,1,64,54,1,5,1,21,21,227,22,30.27331,-97.68869,,,,NA,LEDESMA RD,4800,NA,NA,NA,NA,NA,,,,UNKNOWN,NA,NA,NA,NA,Y,N,N,2,9,Y,SAT,NA,NA,NA,NA,NA,NA,NA,NA,NA,NA,NA,NA,NA,NA,NA,NA,NA,NA,NA,NA,NA,NA,NA,NA,NA,NA,NA,NA,NA,NA,NA,NA,NA,NA,NA,NA,NA,NA,NA,NA,NA,NA,NA,NA,NA,NA,NA,NA,NA,,,NA,NA,NA,NA,0,1,0,2,0,1,0,90,134106442,1341064421
13410645,AUS_13410645,30.24127583,-97.7179978,2,1,3,16,2,31,1,1,4,11,2,4,N,4,NA,NA,4,97,97,,,0,1,0,0,0,1,0,N,N,N,N,N,N,N,8/10/2013,2:27 AM,227,22,N,Y,NA,NA,19,,,1,1100,S,PLEASANT VALLEY,RD,N,N,45,N,N,,N,19,,,NA,,S,LAKESHORE,BLVD,NA,,,,,,11,4,0,NA,1,1,1,2:27 AM,DISPATCH,2:29 AM,8/10/2013,Y,74,20,98,129,8,5,4,1,64,3,1,5,1,21,21,227,22,30.24127583,-97.7179978,,,,NA,S PLEASANT VALLEY RD,1128,NA,NA,NA,NA,NA,,,,N/A,NA,NA,NA,NA,Y,N,N,2,9,Y,SAT,NA,NA,NA,NA,NA,NA,NA,NA,NA,NA,NA,NA,NA,NA,NA,NA,NA,NA,NA,NA,NA,NA,NA,NA,NA,NA,NA,NA,NA,NA,NA,NA,NA,NA,NA,NA,NA,NA,NA,NA,NA,NA,NA,NA,NA,NA,NA,NA,NA,,,NA,NA,NA,NA,0,1,0,4,0,1,0,90,134106452,1341064521
13410696,AUS_13410696,30.26122,-97.70667,1,1,3,16,2,10,2,1,4,11,1,4,N,4,NA,NA,4,97,97,,,0,1,0,0,0,1,0,N,N,N,N,N,N,N,8/8/2013,6:21 PM,227,22,N,N,NA,NA,19,,,1,,,PRADO,ST,N,N,30,N,N,,Y,19,,,NA,,,RAMOS,ST,NA,,,,,,11,1,4,NA,1,1,8,6:21 PM,DISPATCHED,6:23 PM,8/8/2013,Y,74,NA,34,48,8,5,1,1,64,54,1,5,1,21,21,227,22,30.26122,-97.70667,,,,NA,PRADO ST,3000,NA,NA,NA,NA,NA,,,,RAMOS ST,NA,NA,NA,NA,Y,N,N,2,9,Y,THU,NA,NA,NA,NA,NA,NA,NA,NA,NA,NA,NA,NA,NA,NA,NA,NA,NA,NA,NA,NA,NA,NA,NA,NA,NA,NA,NA,NA,NA,NA,NA,NA,NA,NA,NA,NA,NA,NA,NA,NA,NA,NA,NA,NA,NA,NA,NA,NA,NA,,,NA,NA,NA,NA,0,1,0,1,0,1,0,90,134106961,1341069611
13418889,AUS_13418889,30.26339788,-97.74450517,1,1,3,16,2,36,2,1,4,11,1,4,N,4,NA,NA,4,97,97,,,0,1,0,0,0,1,0,N,N,N,N,N,N,N,6/30/2013,10:58 PM,227,22,N,N,NA,NA,19,,,1,,E,CESAR CHAVEZ,ST,N,N,30,N,N,,Y,19,,,NA,,,CONGRESS,AVE,NA,,,,,,11,4,4,3,1,1,15,10:58 PM,FLAGGED DOWN,10:59 PM,6/30/2013,N,74,36,67,282,8,5,2,2,64,3,1,2,1,21,21,227,22,30.26339788,-97.74450517,SL,343,,4.54,SL0343,100,113,12,5.782,568,0.222,,,,CONGRESS AVE,NA,NA,NA,NA,Y,Y,N,2,9,Y,SUN,1,0,10,10,0,9,4,80,68,48,6,0,0,2,10,5,2,10,5,0,0,4,14,26000,2012,26000,1,0.3,1.3,NA,NA,NA,NA,NA,NA,NA,NA,NA,NA,NA,NA,NA,NA,NA,NA,NA,NA,NA,NA,,,NA,NA,NA,NA,0,1,0,0,1,1,0,90,134188891,1341888911
13418890,AUS_13418890,30.26089,-97.71372999,2,1,3,16,2,37,3,1,4,11,1,4,N,4,NA,NA,4,97,97,,,0,1,0,0,0,1,0,N,N,N,N,N,N,N,7/5/2013,11:20 AM,227,22,N,N,NA,NA,19,,,1,2500,E,7TH,ST,N,N,35,N,N,,N,19,,,NA,700,,PERDENALES W CURB LINE,,NA,,,,,,11,1,0,NA,1,1,20,11:24 AM,DISPATCHED,11:27 AM,7/5/2013,N,74,17,34,48,8,5,4,1,64,54,1,5,1,21,21,227,22,30.26089,-97.71372999,,,,NA,E 7TH ST,2500,NA,NA,NA,NA,NA,,,,N/A,NA,NA,NA,NA,Y,N,N,2,9,Y,FRI,NA,NA,NA,NA,NA,NA,NA,NA,NA,NA,NA,NA,NA,NA,NA,NA,NA,NA,NA,NA,NA,NA,NA,NA,NA,NA,NA,NA,NA,NA,NA,NA,NA,NA,NA,NA,NA,NA,NA,NA,NA,NA,NA,NA,NA,NA,NA,NA,NA,,,NA,NA,NA,NA,0,1,0,0,1,1,0,90,134188902,1341889021
13418924,AUS_13418924,30.37211,-97.7032,1,1,3,16,5,40,3,1,4,11,1,97,N,4,NA,NA,4,97,97,,,0,0,0,1,0,0,0,N,N,N,N,N,N,N,7/16/2013,9:00 PM,227,22,N,N,NA,NA,19,,,1,9710,,PARKFIELD,DR,N,N,0,N,N,,Y,19,,,NA,1300,,MEARNS MEADOW,,NA,,,,,,2,4,4,NA,1,2,8,9:00 PM,DISPATCH,9:02 PM,7/16/2013,Y,74,NA,114,143,8,5,2,1,64,54,1,5,1,21,21,227,22,30.37211,-97.7032,,,,NA,PARKFIELD DR,9799,NA,NA,NA,NA,NA,,,,MEARNS MEADOW BLVD,NA,NA,NA,NA,N,N,N,5,9,Y,TUE,NA,NA,NA,NA,NA,NA,NA,NA,NA,NA,NA,NA,NA,NA,NA,NA,NA,NA,NA,NA,NA,NA,NA,NA,NA,NA,NA,NA,NA,NA,NA,NA,NA,NA,NA,NA,NA,NA,NA,NA,NA,NA,NA,NA,NA,NA,NA,NA,NA,,,NA,NA,NA,NA,0,0,0,2,0,0,0,90,134189241,1341892411
13418946,AUS_13418946,30.27368,-97.74457,2,1,3,16,3,23,3,1,4,11,1,4,N,4,NA,NA,4,97,97,,,0,0,1,0,0,1,0,N,N,N,N,N,N,N,7/12/2013,1:11 PM,227,22,N,Y,NA,NA,19,,,1,,W,11TH,ST,N,N,30,N,N,,Y,19,,,NA,,,GUADALUPE,ST,NA,,,,,,11,1,0,NA,1,1,5,1:12 PM,DISPATCH,1:15 PM,7/12/2013,Y,74,NA,NA,126,8,5,1,1,64,54,1,5,1,21,21,227,22,30.27368,-97.74457,,,,NA,W 11TH ST,400,NA,NA,NA,NA,NA,,,,GUADALUPE ST,NA,NA,NA,NA,Y,N,N,3,9,Y,FRI,NA,NA,NA,NA,NA,NA,NA,NA,NA,NA,NA,NA,NA,NA,NA,NA,NA,NA,NA,NA,NA,NA,NA,NA,NA,NA,NA,NA,NA,NA,NA,NA,NA,NA,NA,NA,NA,NA,NA,NA,NA,NA,NA,NA,NA,NA,NA,NA,NA,,,NA,NA,NA,NA,0,0,1,1,0,1,0,90,134189462,1341894621
13419002,AUS_13419002,30.26607,-97.76888,2,1,3,16,2,35,1,2,4,11,1,2,N,4,NA,NA,4,97,97,,,0,1,0,0,0,1,0,N,N,N,N,N,N,N,7/18/2013,6:06 PM,227,22,N,N,NA,NA,19,,,1,2100,,BARTON SPRINGS,RD,N,N,35,N,N,,Y,19,,,NA,,,WILLIAM BARTON,DR,NA,,,,,,11,1,2,NA,1,1,16,6:06 PM,DISPATCH,6:10 PM,7/18/2013,Y,74,22,105,112,8,5,3,3,64,13,1,5,1,32,21,227,22,30.26607,-97.76888,,,,NA,BARTON SPRINGS RD,,NA,NA,NA,NA,NA,,,,N/A,NA,NA,NA,NA,Y,N,N,2,9,Y,THU,NA,NA,NA,NA,NA,NA,NA,NA,NA,NA,NA,NA,NA,NA,NA,NA,NA,NA,NA,NA,NA,NA,NA,NA,NA,NA,NA,NA,NA,NA,NA,NA,NA,NA,NA,NA,NA,NA,NA,NA,NA,NA,NA,NA,NA,NA,NA,NA,NA,,,NA,NA,NA,NA,0,1,0,3,0,1,0,90,134190022,1341900221
13419033,AUS_13419033,30.21922315,-97.74381631,2,1,3,16,2,18,1,1,4,11,1,97,N,4,NA,NA,4,97,97,,,0,1,0,0,0,1,0,N,N,N,N,N,N,N,7/16/2013,12:27 PM,227,22,N,N,NA,NA,19,,,1,1700,,WOODWARD,DR,N,N,30,N,N,,N,19,,,NA,,,PARKER,LN,NA,,,,,,11,1,2,NA,5,1,1,12:30 PM,DISPATCHED,12:35 PM,7/16/2013,Y,74,17,131,9,8,5,4,1,64,54,1,5,1,21,21,227,22,30.21922315,-97.74381631,,,,NA,WOODWARD ST,1921,NA,NA,NA,NA,NA,,,,N/A,NA,NA,NA,NA,Y,N,N,2,9,Y,TUE,NA,NA,NA,NA,NA,NA,NA,NA,NA,NA,NA,NA,NA,NA,NA,NA,NA,NA,NA,NA,NA,NA,NA,NA,NA,NA,NA,NA,NA,NA,NA,NA,NA,NA,NA,NA,NA,NA,NA,NA,NA,NA,NA,NA,NA,NA,NA,NA,NA,,,NA,NA,NA,NA,0,1,1,0,0,2,0,90,134190332,1341903321
13421703,AUS_13421703,30.24933,-97.75518,2,1,3,16,2,27,1,1,4,11,1,2,N,4,NA,NA,4,97,97,,,0,1,0,0,0,1,0,N,N,N,N,N,N,N,8/15/2013,9:14 PM,227,22,N,Y,NA,NA,19,,,1,1600,S,1ST,ST,N,N,35,N,N,,Y,19,,,NA,500,W,MONROE,,NA,,,,,,2,4,5,NA,1,2,20,9:14 PM,DISPATCHED,9:18 PM,8/15/2013,Y,74,17,105,112,8,5,1,3,64,54,1,5,1,21,21,227,22,30.24933,-97.75518,,,,NA,S 1ST ST,1601,NA,NA,NA,NA,NA,,,,W MONROE ST,NA,NA,NA,NA,Y,N,N,2,9,Y,THU,NA,NA,NA,NA,NA,NA,NA,NA,NA,NA,NA,NA,NA,NA,NA,NA,NA,NA,NA,NA,NA,NA,NA,NA,NA,NA,NA,NA,NA,NA,NA,NA,NA,NA,NA,NA,NA,NA,NA,NA,NA,NA,NA,NA,NA,NA,NA,NA,NA,,,NA,NA,NA,NA,0,2,0,1,0,2,0,90,134217032,1342170321
13426453,AUS_13426453,30.36639711,-97.72814647,2,1,3,16,2,42,1,1,4,11,1,3,N,4,NA,NA,4,97,97,,,0,1,0,0,0,1,0,N,N,N,N,N,N,N,8/18/2013,10:37 PM,227,22,N,N,NA,NA,19,,,1,8400,,BURNET,RD,N,N,0,N,N,,N,19,,,NA,2300,,SHAMROCK,AVE,NA,,,,,,11,4,0,NA,1,1,1,10:37 PM,DISPATCH,10:38 PM,8/18/2013,Y,74,NA,46,64,8,5,4,1,64,54,1,5,2,21,21,227,22,30.36639711,-97.72814647,,,,NA,BURNET RD,8521,NA,NA,NA,NA,NA,,,,N/A,NA,NA,NA,NA,Y,N,N,2,9,Y,SUN,NA,NA,NA,NA,NA,NA,NA,NA,NA,NA,NA,NA,NA,NA,NA,NA,NA,NA,NA,NA,NA,NA,NA,NA,NA,NA,NA,NA,NA,NA,NA,NA,NA,NA,NA,NA,NA,NA,NA,NA,NA,NA,NA,NA,NA,NA,NA,NA,NA,,,NA,NA,NA,NA,0,1,0,1,0,1,0,90,134264532,1342645321
13426539,AUS_13426539,30.23640961,-97.72926934,2,1,3,16,1,25,2,1,4,11,1,3,N,4,NA,NA,4,97,97,,,1,0,0,0,0,1,0,N,N,N,N,N,N,N,5/22/2013,7:04 PM,227,22,N,N,NA,NA,19,,,1,1900,,WOODLAND,AVE,N,N,35,N,N,,N,19,,,NA,,,BURTON,DR,NA,,,,,,11,1,0,NA,2,1,1,7:04 PM,DISPATCH,7:08 PM,5/22/2013,Y,74,NA,98,129,8,5,3,3,64,13,1,5,1,32,21,227,22,30.23640961,-97.72926934,,,,NA,WOODLAND AVE,2083,NA,NA,NA,NA,NA,,,,N/A,NA,NA,NA,NA,Y,N,N,1,9,Y,WED,NA,NA,NA,NA,NA,NA,NA,NA,NA,NA,NA,NA,NA,NA,NA,NA,NA,NA,NA,NA,NA,NA,NA,NA,NA,NA,NA,NA,NA,NA,NA,NA,NA,NA,NA,NA,NA,NA,NA,NA,NA,NA,NA,NA,NA,NA,NA,NA,NA,,,NA,NA,NA,NA,1,0,0,1,0,1,0,90,134265392,1342653921
13426546,AUS_13426546,30.307,-97.72458,2,1,3,16,2,52,1,2,4,11,1,5,N,4,NA,NA,4,97,97,,,0,1,0,0,0,1,0,N,N,N,N,N,N,N,8/15/2013,8:45 PM,227,22,N,N,NA,NA,19,,,1,4500,,DUVAL,ST,N,N,0,N,N,,Y,19,,,NA,,E,45TH,ST,NA,,,,,,2,4,4,NA,5,2,5,8:50 PM,DISPATCH,9:40 PM,8/15/2013,Y,74,11,10,14,8,5,2,3,64,54,1,5,1,21,21,227,22,30.307,-97.72458,,,,NA,DUVAL ST,4429,NA,NA,NA,NA,NA,,,,E 45TH ST,NA,NA,NA,NA,Y,N,N,2,9,Y,THU,NA,NA,NA,NA,NA,NA,NA,NA,NA,NA,NA,NA,NA,NA,NA,NA,NA,NA,NA,NA,NA,NA,NA,NA,NA,NA,NA,NA,NA,NA,NA,NA,NA,NA,NA,NA,NA,NA,NA,NA,NA,NA,NA,NA,NA,NA,NA,NA,NA,,,NA,NA,NA,NA,0,1,0,1,0,1,0,90,134265462,1342654621