CrashID,CrashID1,Latitude,Longitude,Unit_Nbr,Prsn_Nbr,Prsn_Type_ID,Prsn_Occpnt_Pos_ID,Prsn_Injry_Sev_ID,Prsn_Age,Prsn_Ethnicity_ID,Prsn_Gndr_ID,Prsn_Ejct_ID,Prsn_Rest_ID,Prsn_Airbag_ID,Prsn_Helmet_ID,Prsn_Sol_Fl,Prsn_Alc_Spec_Type_ID,Prsn_Alc_Rslt_ID,Prsn_Bac_Test_Rslt,Prsn_Drg_Spec_Type_ID,Prsn_Drg_Rslt_ID,Drvr_Drg_Cat_1_ID,Prsn_Death_Date,Prsn_Death_Time,Incap_Injry_Cnt.x,Nonincap_Injry_Cnt.x,Poss_Injry_Cnt.x,Non_Injry_Cnt.x,Unkn_Injry_Cnt.x,Tot_Injry_Cnt.x,Death_Cnt.x,Crash_Fatal_Fl,Cmv_Involv_Fl,Schl_Bus_Fl,Rr_Relat_Fl,Medical_Advisory_Fl,Amend_Supp_Fl,Active_School_Zone_Fl,Crash_Date,Crash_Time,Rpt_CRIS_Cnty_ID,Rpt_City_ID,Rpt_Outside_City_Limit_Fl,Thousand_Damage_Fl,Rpt_Latitude,Rpt_Longitude,Rpt_Rdwy_Sys_ID,Rpt_Hwy_Num,Rpt_Hwy_Sfx,Rpt_Road_Part_ID,Rpt_Block_Num,Rpt_Street_Pfx,Rpt_Street_Name,Rpt_Street_Sfx,Private_Dr_Fl,Toll_Road_Fl,Crash_Speed_Limit,Road_Constr_Zone_Fl,Road_Constr_Zone_Wrkr_Fl,Rpt_Street_Desc,At_Intrsct_Fl,Rpt_Sec_Rdwy_Sys_ID,Rpt_Sec_Hwy_Num,Rpt_Sec_Hwy_Sfx,Rpt_Sec_Road_Part_ID,Rpt_Sec_Block_Num,Rpt_Sec_Street_Pfx,Rpt_Sec_Street_Name,Rpt_Sec_Street_Sfx,Rpt_Ref_Mark_Offset_Amt,Rpt_Ref_Mark_Dist_Uom,Rpt_Ref_Mark_Dir,Rpt_Ref_Mark_Nbr,Rpt_Sec_Street_Desc,Rpt_CrossingNumber,Wthr_Cond_ID,Light_Cond_ID,Entr_Road_ID,Road_Type_ID,Road_Algn_ID,Surf_Cond_ID,Traffic_Cntl_ID,Investigat_Notify_Time,Investigat_Notify_Meth,Investigat_Arrv_Time,Report_Date,Investigat_Comp_Fl,Investigat_Agency_ID,Investigat_Area_ID,Investigat_District_ID,Investigat_Region_ID,Bridge_Detail_ID,Harm_Evnt_ID,Intrsct_Relat_ID,FHE_Collsn_ID,Obj_Struck_ID,Othr_Factr_ID,Road_Part_Adj_ID,Road_Cls_ID,Road_Relat_ID,Phys_Featr_1_ID,Phys_Featr_2_ID,Cnty_ID,City_ID,Latitude,Longitude,Hwy_Sys,Hwy_Nbr,Hwy_Sfx,Dfo,Street_Name,Street_Nbr,Control,Section,Milepoint,Ref_Mark_Nbr,Ref_Mark_Displ,Hwy_Sys_2,Hwy_Nbr_2,Hwy_Sfx_2,Street_Name_2,Street_Nbr_2,Control_2,Section_2,Milepoint_2,Txdot_Rptable_Fl,Onsys_Fl,Rural_Fl,Crash_Sev_ID,Pop_Group_ID,Located_Fl,Day_of_Week,Hwy_Dsgn_Lane_ID,Hwy_Dsgn_Hrt_ID,Hp_Shldr_Left,Hp_Shldr_Right,Hp_Median_Width,Base_Type_ID,Nbr_Of_Lane,Row_Width_Usual,Roadbed_Width,Surf_Width,Surf_Type_ID,Curb_Type_Left_ID,Curb_Type_Right_ID,Shldr_Type_Left_ID,Shldr_Width_Left,Shldr_Use_Left_ID,Shldr_Type_Right_ID,Shldr_Width_Right,Shldr_Use_Right_ID,Median_Type_ID,Median_Width,Rural_Urban_Type_ID,Func_Sys_ID,Adt_Curnt_Amt,Adt_Curnt_Year,Adt_Adj_Curnt_Amt,Pct_Single_Trk_Adt,Pct_Combo_Trk_Adt,Trk_Aadt_Pct,Curve_Type_ID,Curve_Lngth,Cd_Degr,Delta_Left_Right_ID,Dd_Degr,Feature_Crossed,Structure_Number,I_R_Min_Vert_Clear,Approach_Width,Bridge_Median_ID,Bridge_Loading_Type_ID,Bridge_Loading_In_1000_Lbs,Bridge_Srvc_Type_On_ID,Bridge_Srvc_Type_Under_ID,Culvert_Type_ID,Roadway_Width,Deck_Width,Bridge_Dir_Of_Traffic_ID,Bridge_Rte_Struct_Func_ID,Bridge_IR_Struct_Func_ID,CrossingNumber,RRCo,Poscrossing_ID,WDCode_ID,Standstop,Yield,Incap_Injry_Cnt.y,Nonincap_Injry_Cnt.y,Poss_Injry_Cnt.y,Non_Injry_Cnt.y,Unkn_Injry_Cnt.y,Tot_Injry_Cnt.y,Death_Cnt.y,MPO_ID,Unit_ID,Unit_Prsn_ID
13441294,AUS_13441294,30.307,-97.72458,2,1,3,16,2,52,1,2,4,11,1,4,N,4,NA,NA,4,97,97,,,0,1,0,0,0,1,0,N,N,N,N,N,N,N,8/15/2013,8:45 PM,227,22,N,N,NA,NA,19,,,1,4500,,DUVAL,ST,N,N,-1,N,N,,Y,19,,,1,,E,45TH,ST,NA,,,,,,2,4,4,NA,5,2,5,8:50 PM,DISPATCH,9:40 PM,8/15/2013,Y,74,1061,10,14,8,5,2,3,64,54,1,5,1,21,21,227,22,30.307,-97.72458,,,,NA,DUVAL ST,4429,NA,NA,NA,NA,NA,,,,E 45TH ST,NA,NA,NA,NA,Y,N,N,2,9,Y,THU,NA,NA,NA,NA,NA,NA,NA,NA,NA,NA,NA,NA,NA,NA,NA,NA,NA,NA,NA,NA,NA,NA,NA,NA,NA,NA,NA,NA,NA,NA,NA,NA,NA,NA,NA,NA,NA,NA,NA,NA,NA,NA,NA,NA,NA,NA,NA,NA,NA,,,NA,NA,NA,NA,0,1,0,1,0,1,0,90,134412942,1344129421
13441315,AUS_13441315,30.23922705,-97.75315711,2,1,3,16,3,32,1,1,4,11,1,4,N,4,NA,NA,4,97,97,,,0,0,1,0,0,1,0,N,N,N,N,N,N,N,9/2/2013,6:34 PM,227,22,N,N,NA,NA,19,,,1,2400,S,CONGRESS,AVE,N,N,35,N,N,,N,19,,,NA,100,W,OLTROF,ST,NA,,,,,,11,1,0,NA,1,1,16,5:51 PM,ON SIGHT,5:51 PM,9/2/2013,Y,74,1043,93,112,8,5,3,1,64,14,1,5,1,32,21,227,22,30.23922705,-97.75315711,,,,NA,S CONGRESS AVE,2356,NA,NA,NA,NA,NA,,,,N/A,NA,NA,NA,NA,Y,N,N,3,9,Y,MON,NA,NA,NA,NA,NA,NA,NA,NA,NA,NA,NA,NA,NA,NA,NA,NA,NA,NA,NA,NA,NA,NA,NA,NA,NA,NA,NA,NA,NA,NA,NA,NA,NA,NA,NA,NA,NA,NA,NA,NA,NA,NA,NA,NA,NA,NA,NA,NA,NA,,,NA,NA,NA,NA,0,0,1,1,0,1,0,90,134413152,1344131521
13441337,AUS_13441337,30.18298963,-97.85015569,2,1,3,16,2,44,1,1,4,11,1,97,N,4,NA,NA,4,97,97,,,0,1,0,0,0,1,0,N,N,N,N,N,N,N,9/3/2013,7:33 PM,227,22,N,N,NA,NA,19,,,1,9911,,BRODIE,LN,N,N,45,N,N,,N,19,,,NA,,W,SLAUGHTER,LN,NA,,,,,,11,1,0,NA,1,1,1,7:25 PM,DISPATCH,7:30 PM,9/3/2013,N,74,1042,99,130,8,5,3,1,64,14,1,5,1,32,21,227,22,30.18298963,-97.85015569,,,,NA,BRODIE LN,10003,NA,NA,NA,NA,NA,,,,N/A,NA,NA,NA,NA,Y,N,N,2,9,Y,TUE,NA,NA,NA,NA,NA,NA,NA,NA,NA,NA,NA,NA,NA,NA,NA,NA,NA,NA,NA,NA,NA,NA,NA,NA,NA,NA,NA,NA,NA,NA,NA,NA,NA,NA,NA,NA,NA,NA,NA,NA,NA,NA,NA,NA,NA,NA,NA,NA,NA,,,NA,NA,NA,NA,0,1,0,1,0,1,0,90,134413372,1344133721
13449781,AUS_13449781,30.26408,-97.76415,2,1,3,16,2,47,1,1,4,11,1,4,N,4,NA,NA,4,97,97,,,0,1,0,0,0,1,0,N,N,N,N,N,N,N,9/13/2013,12:37 PM,227,22,N,N,NA,NA,19,,,1,500,,BARTON,BLVD,N,N,30,N,N,,Y,19,,,1,1800,,BARTON SPRINGS,RD,NA,,,,,,11,1,2,NA,1,1,8,12:40 PM,DISPATCH,12:50 PM,9/13/2013,N,74,1043,93,112,8,5,2,1,64,54,1,5,1,21,21,227,22,30.26408,-97.76415,,,,NA,BARTON BLVD,500,NA,NA,NA,NA,NA,,,,UNKNOWN,NA,NA,NA,NA,Y,N,N,2,9,Y,FRI,NA,NA,NA,NA,NA,NA,NA,NA,NA,NA,NA,NA,NA,NA,NA,NA,NA,NA,NA,NA,NA,NA,NA,NA,NA,NA,NA,NA,NA,NA,NA,NA,NA,NA,NA,NA,NA,NA,NA,NA,NA,NA,NA,NA,NA,NA,NA,NA,NA,,,NA,NA,NA,NA,0,1,0,1,0,1,0,90,134497812,1344978121
13450911,AUS_13450911,30.41003,-97.7769,2,1,3,16,1,43,1,2,4,11,1,5,N,4,NA,NA,4,97,97,,,1,0,0,0,0,1,0,N,N,N,N,N,N,N,7/25/2013,6:40 PM,227,22,N,N,NA,NA,19,,,1,7100,,VILLA MARIA,LN,N,N,30,N,N,,Y,19,,,NA,7100,,YAUPON,DR,NA,,,,,,11,1,4,NA,2,1,20,6:40 PM,DISPATCHED,6:43 PM,7/25/2013,Y,74,NA,46,64,8,5,1,2,64,54,1,5,1,21,21,227,22,30.41003,-97.7769,,,,NA,VILLA MARIA LN,7298,NA,NA,NA,NA,NA,,,,YAUPON DR,NA,NA,NA,NA,Y,N,N,1,9,Y,THU,NA,NA,NA,NA,NA,NA,NA,NA,NA,NA,NA,NA,NA,NA,NA,NA,NA,NA,NA,NA,NA,NA,NA,NA,NA,NA,NA,NA,NA,NA,NA,NA,NA,NA,NA,NA,NA,NA,NA,NA,NA,NA,NA,NA,NA,NA,NA,NA,NA,,,NA,NA,NA,NA,1,0,0,2,0,1,0,90,134509112,1345091121
13455011,AUS_13455011,30.43460868,-97.7688297,2,1,3,16,1,63,1,1,4,11,1,4,N,4,NA,NA,4,97,97,,,1,0,0,0,0,1,0,N,N,N,N,N,N,N,8/28/2013,6:49 AM,246,22,N,N,NA,NA,19,,,1,6500,,MC NEIL,DR,N,N,45,N,N,,N,17,,,NA,,,RESEARCH BLVD,BLVD,NA,,,,,,11,2,0,NA,2,1,20,6:49 AM,DISPATCH,6:53 AM,8/28/2013,Y,74,NA,46,64,8,5,4,1,64,54,1,5,4,21,21,246,22,30.43460868,-97.7688297,,,,NA,MCNEIL DR,,NA,NA,NA,NA,NA,,,,N/A,NA,NA,NA,NA,Y,N,N,1,9,Y,WED,NA,NA,NA,NA,NA,NA,NA,NA,NA,NA,NA,NA,NA,NA,NA,NA,NA,NA,NA,NA,NA,NA,NA,NA,NA,NA,NA,NA,NA,NA,NA,NA,NA,NA,NA,NA,NA,NA,NA,NA,NA,NA,NA,NA,NA,NA,NA,NA,NA,,,NA,NA,NA,NA,1,0,0,1,0,1,0,90,134550112,1345501121
13455969,AUS_13455969,30.24690166,-97.77729299,2,1,3,16,2,56,1,1,4,11,1,97,N,4,NA,NA,4,97,97,,,0,1,0,0,0,1,0,N,N,N,N,N,Y,N,9/17/2013,8:27 AM,227,22,N,N,NA,NA,19,,,1,2400,S,LAMAR,BLVD,N,N,35,N,N,,Y,19,,,1,2400,,BLUEBONNET,LN,NA,,,,,,12,1,0,3,2,1,21,8:13 AM,DISPATCH,8:27 AM,9/17/2013,Y,74,1043,93,112,8,5,1,2,64,54,1,2,1,21,21,227,22,30.24690166,-97.77729299,SL,343,,1.797,SL0343,2432,113,9,6.732,566,-0.693,SL,360,,SL0360,NA,NA,NA,NA,Y,Y,N,2,9,Y,TUE,2,0,0,0,0,2,4,80,60,48,4,1,1,1,0,0,1,0,0,0,0,4,14,39340,2012,39340,0.8,0.3,1.1,1,199,3,2,31,NA,NA,NA,NA,NA,NA,NA,NA,NA,NA,NA,NA,NA,NA,NA,,,NA,NA,NA,NA,0,1,0,1,0,1,0,90,134559692,1345596921
13465703,AUS_13465703,30.2696331,-97.74842531,2,1,3,16,2,35,2,1,4,11,1,2,N,4,NA,NA,4,97,97,,,0,1,0,0,0,1,0,N,N,N,N,N,N,N,8/16/2013,7:36 PM,227,22,N,N,NA,NA,19,,,1,600,,NUECES,ST,N,N,30,N,N,,N,19,,,NA,,E,6TH,ST,NA,,,,,,11,1,0,NA,1,10,5,7:36 PM,DISPATCH,10:56 PM,8/16/2013,Y,74,36,67,282,8,5,2,1,64,54,1,5,1,21,21,227,22,30.2696331,-97.74842531,,,,NA,NUECES ST,602,NA,NA,NA,NA,NA,,,,W 6TH ST,NA,NA,NA,NA,Y,N,N,2,9,Y,FRI,NA,NA,NA,NA,NA,NA,NA,NA,NA,NA,NA,NA,NA,NA,NA,NA,NA,NA,NA,NA,NA,NA,NA,NA,NA,NA,NA,NA,NA,NA,NA,NA,NA,NA,NA,NA,NA,NA,NA,NA,NA,NA,NA,NA,NA,NA,NA,NA,NA,,,NA,NA,NA,NA,0,1,0,1,0,1,0,90,134657032,1346570321
13469354,AUS_13469354,30.29775988,-97.74131644,2,1,3,16,2,NA,4,1,4,11,1,2,N,4,NA,NA,4,97,97,,,0,1,0,0,0,1,0,N,N,N,N,N,N,N,8/30/2013,4:40 PM,227,22,N,N,NA,NA,19,,,1,3100,,GUADALUPE,ST,N,N,35,N,N,,N,19,,,NA,,,31ST,ST,NA,,,,,,11,1,0,NA,1,1,1,7:11 PM,DISPATCH,7:16 PM,8/30/2013,Y,74,1061,10,14,8,5,3,3,64,13,1,5,1,32,21,227,22,30.29775988,-97.74131644,,,,NA,GUADALUPE ST,3089,NA,NA,NA,NA,NA,,,,N/A,NA,NA,NA,NA,Y,N,N,2,9,Y,FRI,NA,NA,NA,NA,NA,NA,NA,NA,NA,NA,NA,NA,NA,NA,NA,NA,NA,NA,NA,NA,NA,NA,NA,NA,NA,NA,NA,NA,NA,NA,NA,NA,NA,NA,NA,NA,NA,NA,NA,NA,NA,NA,NA,NA,NA,NA,NA,NA,NA,,,NA,NA,NA,NA,0,1,0,1,0,1,0,90,134693542,1346935421
13476983,AUS_13476983,30.36304707,-97.69702477,1,1,3,16,2,36,3,1,4,11,1,3,N,4,NA,NA,4,97,97,,,0,1,0,0,0,1,0,N,N,N,N,N,N,N,6/2/2013,10:00 PM,227,22,N,N,NA,NA,19,,,1,,W,RUNDBERG,LN,N,N,0,N,N,,Y,19,,,NA,9400,N,LAMAR,,NA,,,,,,11,4,4,3,1,1,5,10:00 PM,DISPATCHED,10:04 PM,6/2/2013,Y,74,NA,114,143,8,5,2,1,64,54,1,2,1,21,21,227,22,30.36304707,-97.69702477,SL,275,,4.554,SL0275,9399,15,11,5.634,434,0.623,,,,W RUNDBERG LN,NA,NA,NA,NA,Y,Y,N,2,9,Y,SUN,2,0,0,0,0,2,4,125,48,48,4,1,1,1,0,0,1,0,0,0,0,4,14,33000,2012,33000,0.9,0.3,1.2,NA,NA,NA,NA,NA,NA,NA,NA,NA,NA,NA,NA,NA,NA,NA,NA,NA,NA,NA,NA,,,NA,NA,NA,NA,0,1,0,1,4,1,0,90,134769831,1347698311
13480757,AUS_13480757,30.2763,-97.74476,2,1,3,16,2,26,1,2,4,11,1,97,N,4,NA,NA,4,97,97,,,0,1,0,0,0,1,0,N,N,N,N,N,N,N,8/28/2013,11:50 AM,227,22,N,N,NA,NA,19,,,1,1300,,SAN ANTONIO,ST,N,N,-1,N,N,,Y,19,,,1,,W,13TH,ST,NA,,,,,,11,1,0,NA,1,1,1,11:50 AM,DISPATCH,12:00 PM,8/28/2013,Y,74,1061,10,14,8,5,1,1,64,36,1,5,1,21,21,227,22,30.2763,-97.74476,,,,NA,SAN ANTONIO ST,1301,NA,NA,NA,NA,NA,,,,W 13TH ST,NA,NA,NA,NA,Y,N,N,2,9,Y,WED,NA,NA,NA,NA,NA,NA,NA,NA,NA,NA,NA,NA,NA,NA,NA,NA,NA,NA,NA,NA,NA,NA,NA,NA,NA,NA,NA,NA,NA,NA,NA,NA,NA,NA,NA,NA,NA,NA,NA,NA,NA,NA,NA,NA,NA,NA,NA,NA,NA,,,NA,NA,NA,NA,0,1,0,1,0,1,0,90,134807572,1348075721
13480858,AUS_13480858,30.28432,-97.77604,2,1,3,16,2,57,1,1,4,11,1,2,N,4,NA,NA,4,97,97,,,0,1,0,0,0,1,0,N,N,N,N,N,N,N,8/25/2013,5:51 PM,227,22,N,Y,NA,NA,19,,,1,,W,8TH,ST,N,N,35,N,N,,Y,19,,,1,,,EXPOSITION,BLVD,NA,,,,,,11,1,2,NA,1,1,20,5:51 PM,DISPATCH,5:54 PM,8/25/2013,Y,74,1061,10,14,8,5,1,2,64,54,1,5,1,21,21,227,22,30.28432,-97.77604,,,,NA,W 8TH ST,2698,NA,NA,NA,NA,NA,,,,EXPOSITION BLVD,NA,NA,NA,NA,Y,N,N,2,9,Y,SUN,NA,NA,NA,NA,NA,NA,NA,NA,NA,NA,NA,NA,NA,NA,NA,NA,NA,NA,NA,NA,NA,NA,NA,NA,NA,NA,NA,NA,NA,NA,NA,NA,NA,NA,NA,NA,NA,NA,NA,NA,NA,NA,NA,NA,NA,NA,NA,NA,NA,,,NA,NA,NA,NA,0,1,0,1,0,1,0,90,134808582,1348085821
13485642,AUS_13485642,30.22978,-97.79629,2,1,3,16,3,38,1,1,4,11,1,97,N,4,NA,NA,4,97,97,,,0,0,1,0,0,1,0,N,N,N,N,N,N,N,10/7/2013,9:38 AM,227,22,N,Y,NA,NA,19,,,1,2400,,WESTERN TRAILS,BLVD,N,N,30,N,N,,Y,19,,,1,4500,,ROUNDUP,TRL,NA,,,,,,11,1,0,NA,1,1,9,8:45 AM,DISPATCH,9:38 AM,10/7/2013,Y,74,1043,93,112,8,5,1,1,64,54,1,5,1,21,21,227,22,30.22978,-97.79629,,,,NA,WESTERN TRAILS BLVD,2501,NA,NA,NA,NA,NA,,,,ROUNDUP TRL,NA,NA,NA,NA,Y,N,N,3,9,Y,MON,NA,NA,NA,NA,NA,NA,NA,NA,NA,NA,NA,NA,NA,NA,NA,NA,NA,NA,NA,NA,NA,NA,NA,NA,NA,NA,NA,NA,NA,NA,NA,NA,NA,NA,NA,NA,NA,NA,NA,NA,NA,NA,NA,NA,NA,NA,NA,NA,NA,,,NA,NA,NA,NA,0,0,1,1,0,1,0,90,134856422,1348564221
13490488,AUS_13490488,30.23719,-97.75492,2,1,3,16,2,29,1,1,4,11,1,97,N,4,NA,NA,4,97,97,,,0,1,0,0,0,1,0,N,N,N,N,N,N,N,10/9/2013,8:43 AM,227,22,N,N,NA,NA,19,,,1,2500,S,CONGRESS,AVE,N,N,35,N,N,,Y,19,,,1,100,,LONGBOW,LN,NA,,,,,,11,1,0,NA,1,1,1,7:56 AM,DISPATCH,8:06 AM,10/9/2013,N,74,1043,93,112,8,5,1,2,64,54,1,5,1,21,21,227,22,30.23719,-97.75492,,,,NA,S CONGRESS AVE,2511,NA,NA,NA,NA,NA,,,,LONG BOW LN,NA,NA,NA,NA,Y,N,N,2,9,Y,WED,NA,NA,NA,NA,NA,NA,NA,NA,NA,NA,NA,NA,NA,NA,NA,NA,NA,NA,NA,NA,NA,NA,NA,NA,NA,NA,NA,NA,NA,NA,NA,NA,NA,NA,NA,NA,NA,NA,NA,NA,NA,NA,NA,NA,NA,NA,NA,NA,NA,,,NA,NA,NA,NA,0,1,0,1,0,1,0,90,134904882,1349048821
13490963,AUS_13490963,30.28778367,-97.74254505,2,1,3,16,3,20,4,2,4,11,1,97,N,4,NA,NA,4,97,97,,,0,0,1,0,0,1,0,N,N,N,N,N,N,N,9/5/2013,2:23 PM,227,22,N,N,NA,NA,19,,,1,400,W,24TH,ST,N,N,-1,N,N,,N,19,,,NA,,,SAN ANTONIO,ST,NA,,,,,,11,1,0,NA,1,1,1,2:26 PM,DISPATCH,2:37 PM,9/5/2013,Y,74,1061,10,14,8,5,2,1,64,54,1,5,1,21,21,227,22,30.28778367,-97.74254505,,,,NA,W 24TH ST,494,NA,NA,NA,NA,NA,,,,SAN ANTONIO ST,NA,NA,NA,NA,Y,N,N,3,9,Y,THU,NA,NA,NA,NA,NA,NA,NA,NA,NA,NA,NA,NA,NA,NA,NA,NA,NA,NA,NA,NA,NA,NA,NA,NA,NA,NA,NA,NA,NA,NA,NA,NA,NA,NA,NA,NA,NA,NA,NA,NA,NA,NA,NA,NA,NA,NA,NA,NA,NA,,,NA,NA,NA,NA,0,0,1,0,1,1,0,90,134909632,1349096321
13497114,AUS_13497114,30.26151,-97.77525,2,1,3,16,3,59,1,1,4,11,1,97,N,4,NA,NA,4,97,97,,,0,0,1,0,0,1,0,N,N,N,N,N,N,N,10/15/2013,6:07 PM,227,22,N,Y,NA,NA,19,,,1,1200,,BARTON HILLS,DR,N,N,35,N,N,,Y,19,,,1,,,HOLLOW CREEK DR,DR,NA,,,,,,11,1,2,NA,7,1,1,5:55 PM,DISPATCH,6:01 PM,10/15/2013,Y,74,1043,93,112,8,5,1,3,64,54,1,5,1,21,21,227,22,30.26151,-97.77525,,,,NA,BARTON HILLS DR,1303,NA,NA,NA,NA,NA,,,,HOLLOW CREEK DR,NA,NA,NA,NA,Y,N,N,3,9,Y,TUE,NA,NA,NA,NA,NA,NA,NA,NA,NA,NA,NA,NA,NA,NA,NA,NA,NA,NA,NA,NA,NA,NA,NA,NA,NA,NA,NA,NA,NA,NA,NA,NA,NA,NA,NA,NA,NA,NA,NA,NA,NA,NA,NA,NA,NA,NA,NA,NA,NA,,,NA,NA,NA,NA,0,0,1,1,0,1,0,90,134971142,1349711421
13501435,AUS_13501435,30.29192,-97.74032,2,1,3,16,2,28,1,1,4,11,1,97,N,4,NA,NA,4,97,97,,,0,1,0,0,0,1,0,N,N,N,N,N,N,N,9/9/2013,1:08 PM,227,22,N,N,NA,NA,19,,,1,,W,27TH,ST,N,N,30,N,N,,Y,19,,,1,,,WHITIS,AVE,NA,,,,,,12,1,2,NA,1,1,20,1:12 PM,DISPATCH,1:15 PM,9/9/2013,Y,74,1061,10,14,8,5,1,1,64,54,1,5,1,21,21,227,22,30.29192,-97.74032,,,,NA,W 27TH ST,300,NA,NA,NA,NA,NA,,,,WHITIS AVE,NA,NA,NA,NA,Y,N,N,2,9,Y,MON,NA,NA,NA,NA,NA,NA,NA,NA,NA,NA,NA,NA,NA,NA,NA,NA,NA,NA,NA,NA,NA,NA,NA,NA,NA,NA,NA,NA,NA,NA,NA,NA,NA,NA,NA,NA,NA,NA,NA,NA,NA,NA,NA,NA,NA,NA,NA,NA,NA,,,NA,NA,NA,NA,0,1,0,1,0,1,0,90,135014352,1350143521
13501643,AUS_13501643,30.25652,-97.68664,2,1,3,16,3,NA,2,1,4,11,1,4,N,4,NA,NA,4,97,97,,,0,0,1,0,0,1,0,N,N,N,N,N,N,N,9/11/2013,8:15 AM,227,22,N,N,NA,NA,19,,,1,,,PERRY,RD,N,N,-1,N,N,,Y,19,,,1,,,BOLM RD,,NA,,,,,,11,1,2,NA,1,1,15,8:15 AM,DISPATCH,8:19 AM,9/11/2013,Y,74,NA,34,48,8,5,2,1,64,3,1,5,1,21,21,227,22,30.25652,-97.68664,,,,NA,PERRY RD,1101,NA,NA,NA,NA,NA,,,,BOLM RD,NA,NA,NA,NA,Y,N,N,3,9,Y,WED,NA,NA,NA,NA,NA,NA,NA,NA,NA,NA,NA,NA,NA,NA,NA,NA,NA,NA,NA,NA,NA,NA,NA,NA,NA,NA,NA,NA,NA,NA,NA,NA,NA,NA,NA,NA,NA,NA,NA,NA,NA,NA,NA,NA,NA,NA,NA,NA,NA,,,NA,NA,NA,NA,0,0,1,2,0,1,0,90,135016432,1350164321
13515194,AUS_13515194,30.32856184,-97.75106367,2,1,3,16,2,48,1,2,4,11,1,2,N,4,NA,NA,4,97,97,,,0,1,0,0,0,1,0,N,N,N,N,N,N,N,9/13/2013,8:41 AM,227,22,N,N,NA,NA,19,,,1,2800,,HANCOCK,DR,N,N,35,N,N,,N,19,,,NA,,,BULL CREEK,RD,NA,,,,,,11,1,0,NA,1,1,1,8:50 AM,DISPATCH,8:50 AM,9/13/2013,Y,74,1061,10,14,8,5,3,3,64,13,1,5,1,32,21,227,22,30.32856184,-97.75106367,,,,NA,HANCOCK DR,2843,NA,NA,NA,NA,NA,,,,N/A,NA,NA,NA,NA,Y,N,N,2,9,Y,FRI,NA,NA,NA,NA,NA,NA,NA,NA,NA,NA,NA,NA,NA,NA,NA,NA,NA,NA,NA,NA,NA,NA,NA,NA,NA,NA,NA,NA,NA,NA,NA,NA,NA,NA,NA,NA,NA,NA,NA,NA,NA,NA,NA,NA,NA,NA,NA,NA,NA,,,NA,NA,NA,NA,0,1,0,3,0,1,0,90,135151942,1351519421
13515197,AUS_13515197,30.39104353,-97.70908404,2,1,3,16,5,45,2,1,4,11,1,2,N,4,NA,NA,4,97,97,,,0,0,0,1,0,0,0,N,N,N,N,N,N,N,9/13/2013,9:48 AM,227,22,N,N,NA,NA,19,,,1,11200,,METRIC,BLVD,N,N,45,N,N,,N,19,,,NA,,,BRAKER,LN,NA,,,,,,11,1,0,NA,1,1,5,9:48 AM,DISPATCH,9:53 AM,9/13/2013,Y,74,63,123,143,8,5,2,2,64,54,1,5,1,21,21,227,22,30.39104353,-97.70908404,,,,NA,METRIC BLVD,11165,NA,NA,NA,NA,NA,,,,W BRAKER LN,NA,NA,NA,NA,N,N,N,5,9,Y,FRI,NA,NA,NA,NA,NA,NA,NA,NA,NA,NA,NA,NA,NA,NA,NA,NA,NA,NA,NA,NA,NA,NA,NA,NA,NA,NA,NA,NA,NA,NA,NA,NA,NA,NA,NA,NA,NA,NA,NA,NA,NA,NA,NA,NA,NA,NA,NA,NA,NA,,,NA,NA,NA,NA,0,0,0,2,0,0,0,90,135151972,1351519721
13519058,AUS_13519058,30.2153765,-97.79773533,2,1,3,16,2,10,1,1,4,11,1,97,N,4,NA,NA,4,97,97,,,0,1,0,0,0,1,0,N,N,N,N,N,N,N,10/10/2013,6:23 PM,227,22,N,N,NA,NA,19,,,1,,W,STASSNEY,LN,N,N,35,N,N,,N,19,,,NA,5500,,MANCHACA,RD,NA,,,,,,11,1,0,NA,1,1,21,7:23 PM,DISPATCH,7:23 PM,10/10/2013,Y,74,1043,93,112,8,5,2,2,64,3,1,5,1,21,21,227,22,30.2153765,-97.79773533,,,,NA,W STASSNEY LN,,NA,NA,NA,NA,NA,,,,MANCHACA RD,NA,NA,NA,NA,Y,N,N,2,9,Y,THU,NA,NA,NA,NA,NA,NA,NA,NA,NA,NA,NA,NA,NA,NA,NA,NA,NA,NA,NA,NA,NA,NA,NA,NA,NA,NA,NA,NA,NA,NA,NA,NA,NA,NA,NA,NA,NA,NA,NA,NA,NA,NA,NA,NA,NA,NA,NA,NA,NA,,,NA,NA,NA,NA,0,1,0,1,0,1,0,90,135190582,1351905821
13522420,AUS_13522420,30.30794162,-97.70740123,2,1,3,16,2,32,1,1,4,11,1,4,N,4,NA,NA,4,97,97,,,0,1,0,0,0,1,0,N,N,N,N,N,N,N,9/17/2013,9:00 AM,227,22,N,N,NA,NA,19,,,1,1200,E,51ST,ST,N,N,40,N,N,,N,19,,,NA,,,LANCASTER,DR,NA,,,,,,11,1,0,NA,1,1,1,9:00 AM,DISPATCH,9:06 AM,9/17/2013,Y,74,NA,121,95,8,5,3,2,64,13,1,5,2,32,21,227,22,30.30794162,-97.70740123,,,,NA,E 51ST ST,1209,NA,NA,NA,NA,NA,,,,N/A,NA,NA,NA,NA,Y,N,N,2,9,Y,TUE,NA,NA,NA,NA,NA,NA,NA,NA,NA,NA,NA,NA,NA,NA,NA,NA,NA,NA,NA,NA,NA,NA,NA,NA,NA,NA,NA,NA,NA,NA,NA,NA,NA,NA,NA,NA,NA,NA,NA,NA,NA,NA,NA,NA,NA,NA,NA,NA,NA,,,NA,NA,NA,NA,0,1,0,1,0,1,0,90,135224202,1352242021