CrashID,CrashID1,Latitude,Longitude,Unit_Nbr,Prsn_Nbr,Prsn_Type_ID,Prsn_Occpnt_Pos_ID,Prsn_Injry_Sev_ID,Prsn_Age,Prsn_Ethnicity_ID,Prsn_Gndr_ID,Prsn_Ejct_ID,Prsn_Rest_ID,Prsn_Airbag_ID,Prsn_Helmet_ID,Prsn_Sol_Fl,Prsn_Alc_Spec_Type_ID,Prsn_Alc_Rslt_ID,Prsn_Bac_Test_Rslt,Prsn_Drg_Spec_Type_ID,Prsn_Drg_Rslt_ID,Drvr_Drg_Cat_1_ID,Prsn_Death_Date,Prsn_Death_Time,Incap_Injry_Cnt.x,Nonincap_Injry_Cnt.x,Poss_Injry_Cnt.x,Non_Injry_Cnt.x,Unkn_Injry_Cnt.x,Tot_Injry_Cnt.x,Death_Cnt.x,Crash_Fatal_Fl,Cmv_Involv_Fl,Schl_Bus_Fl,Rr_Relat_Fl,Medical_Advisory_Fl,Amend_Supp_Fl,Active_School_Zone_Fl,Crash_Date,Crash_Time,Rpt_CRIS_Cnty_ID,Rpt_City_ID,Rpt_Outside_City_Limit_Fl,Thousand_Damage_Fl,Rpt_Latitude,Rpt_Longitude,Rpt_Rdwy_Sys_ID,Rpt_Hwy_Num,Rpt_Hwy_Sfx,Rpt_Road_Part_ID,Rpt_Block_Num,Rpt_Street_Pfx,Rpt_Street_Name,Rpt_Street_Sfx,Private_Dr_Fl,Toll_Road_Fl,Crash_Speed_Limit,Road_Constr_Zone_Fl,Road_Constr_Zone_Wrkr_Fl,Rpt_Street_Desc,At_Intrsct_Fl,Rpt_Sec_Rdwy_Sys_ID,Rpt_Sec_Hwy_Num,Rpt_Sec_Hwy_Sfx,Rpt_Sec_Road_Part_ID,Rpt_Sec_Block_Num,Rpt_Sec_Street_Pfx,Rpt_Sec_Street_Name,Rpt_Sec_Street_Sfx,Rpt_Ref_Mark_Offset_Amt,Rpt_Ref_Mark_Dist_Uom,Rpt_Ref_Mark_Dir,Rpt_Ref_Mark_Nbr,Rpt_Sec_Street_Desc,Rpt_CrossingNumber,Wthr_Cond_ID,Light_Cond_ID,Entr_Road_ID,Road_Type_ID,Road_Algn_ID,Surf_Cond_ID,Traffic_Cntl_ID,Investigat_Notify_Time,Investigat_Notify_Meth,Investigat_Arrv_Time,Report_Date,Investigat_Comp_Fl,Investigat_Agency_ID,Investigat_Area_ID,Investigat_District_ID,Investigat_Region_ID,Bridge_Detail_ID,Harm_Evnt_ID,Intrsct_Relat_ID,FHE_Collsn_ID,Obj_Struck_ID,Othr_Factr_ID,Road_Part_Adj_ID,Road_Cls_ID,Road_Relat_ID,Phys_Featr_1_ID,Phys_Featr_2_ID,Cnty_ID,City_ID,Latitude,Longitude,Hwy_Sys,Hwy_Nbr,Hwy_Sfx,Dfo,Street_Name,Street_Nbr,Control,Section,Milepoint,Ref_Mark_Nbr,Ref_Mark_Displ,Hwy_Sys_2,Hwy_Nbr_2,Hwy_Sfx_2,Street_Name_2,Street_Nbr_2,Control_2,Section_2,Milepoint_2,Txdot_Rptable_Fl,Onsys_Fl,Rural_Fl,Crash_Sev_ID,Pop_Group_ID,Located_Fl,Day_of_Week,Hwy_Dsgn_Lane_ID,Hwy_Dsgn_Hrt_ID,Hp_Shldr_Left,Hp_Shldr_Right,Hp_Median_Width,Base_Type_ID,Nbr_Of_Lane,Row_Width_Usual,Roadbed_Width,Surf_Width,Surf_Type_ID,Curb_Type_Left_ID,Curb_Type_Right_ID,Shldr_Type_Left_ID,Shldr_Width_Left,Shldr_Use_Left_ID,Shldr_Type_Right_ID,Shldr_Width_Right,Shldr_Use_Right_ID,Median_Type_ID,Median_Width,Rural_Urban_Type_ID,Func_Sys_ID,Adt_Curnt_Amt,Adt_Curnt_Year,Adt_Adj_Curnt_Amt,Pct_Single_Trk_Adt,Pct_Combo_Trk_Adt,Trk_Aadt_Pct,Curve_Type_ID,Curve_Lngth,Cd_Degr,Delta_Left_Right_ID,Dd_Degr,Feature_Crossed,Structure_Number,I_R_Min_Vert_Clear,Approach_Width,Bridge_Median_ID,Bridge_Loading_Type_ID,Bridge_Loading_In_1000_Lbs,Bridge_Srvc_Type_On_ID,Bridge_Srvc_Type_Under_ID,Culvert_Type_ID,Roadway_Width,Deck_Width,Bridge_Dir_Of_Traffic_ID,Bridge_Rte_Struct_Func_ID,Bridge_IR_Struct_Func_ID,CrossingNumber,RRCo,Poscrossing_ID,WDCode_ID,Standstop,Yield,Incap_Injry_Cnt.y,Nonincap_Injry_Cnt.y,Poss_Injry_Cnt.y,Non_Injry_Cnt.y,Unkn_Injry_Cnt.y,Tot_Injry_Cnt.y,Death_Cnt.y,MPO_ID,Unit_ID,Unit_Prsn_ID
13522552,AUS_13522552,30.30114,-97.73919,2,1,3,16,2,27,1,2,4,11,1,5,N,4,NA,NA,4,97,97,,,0,1,0,0,0,1,0,N,N,N,N,N,N,N,9/17/2013,4:35 PM,227,22,N,N,NA,NA,19,,,1,,W,35TH,ST,N,N,-1,N,N,,Y,19,,,1,,,GUADALUPE,ST,NA,,,,,,11,1,4,NA,1,1,8,4:35 PM,DISPATCH,4:40 PM,9/17/2013,Y,74,1061,10,14,8,5,1,1,64,54,1,5,1,21,21,227,22,30.30114,-97.73919,,,,NA,W 35TH ST,600,NA,NA,NA,NA,NA,,,,GUADALUPE ST,NA,NA,NA,NA,Y,N,N,2,9,Y,TUE,NA,NA,NA,NA,NA,NA,NA,NA,NA,NA,NA,NA,NA,NA,NA,NA,NA,NA,NA,NA,NA,NA,NA,NA,NA,NA,NA,NA,NA,NA,NA,NA,NA,NA,NA,NA,NA,NA,NA,NA,NA,NA,NA,NA,NA,NA,NA,NA,NA,,,NA,NA,NA,NA,0,1,0,1,0,1,0,90,135225522,1352255221
13522562,AUS_13522562,30.25474,-97.7057,2,1,3,16,2,46,2,1,4,11,1,4,N,4,NA,NA,4,97,97,,,0,1,0,0,0,1,0,N,N,N,N,N,N,N,9/18/2013,6:50 AM,227,22,N,N,NA,NA,19,,,1,3300,E,5TH,ST,N,N,30,N,N,,Y,19,,,1,,,ALLEN,ST,NA,,,,,,11,3,0,NA,1,1,8,6:50 AM,DISPATCH,6:52 AM,9/18/2013,Y,74,NA,34,48,8,5,2,3,64,3,1,5,1,21,21,227,22,30.25474,-97.7057,,,,NA,E 5TH ST,3298,NA,NA,NA,NA,NA,,,,ALLEN ST,NA,NA,NA,NA,Y,N,N,2,9,Y,WED,NA,NA,NA,NA,NA,NA,NA,NA,NA,NA,NA,NA,NA,NA,NA,NA,NA,NA,NA,NA,NA,NA,NA,NA,NA,NA,NA,NA,NA,NA,NA,NA,NA,NA,NA,NA,NA,NA,NA,NA,NA,NA,NA,NA,NA,NA,NA,NA,NA,,,NA,NA,NA,NA,0,1,0,1,0,1,0,90,135225622,1352256221
13523459,AUS_13523459,30.35768148,-97.70006534,4,1,3,16,2,55,1,1,4,11,1,97,N,4,NA,NA,4,97,97,,,0,1,0,0,0,1,0,N,N,N,N,N,N,N,7/19/2013,3:44 PM,227,22,N,Y,NA,NA,19,,,1,8900,N,LAMAR,BLVD,N,N,45,N,N,,N,19,,,NA,,,FAIRFIELD,DR,NA,,,,,,11,1,2,3,1,1,1,3:45 PM,DISPATCH,3:52 PM,7/19/2013,Y,74,NA,NA,268,8,2,3,10,35,14,1,2,1,32,21,227,22,30.35768148,-97.70006534,SL,275,,4.965,SL0275,8838,15,11,6.047,436,-0.929,,,,N/A,NA,NA,NA,NA,Y,Y,N,2,9,Y,FRI,2,0,0,0,0,2,4,125,48,48,4,1,1,1,0,0,1,0,0,0,0,4,14,33000,2012,33000,0.9,0.3,1.2,NA,NA,NA,NA,NA,NA,NA,NA,NA,NA,NA,NA,NA,NA,NA,NA,NA,NA,NA,NA,,,NA,NA,NA,NA,0,2,0,1,1,2,0,90,135234594,1352345941
13525452,AUS_13525452,30.25631,-97.73426,2,1,3,16,3,26,1,1,4,11,1,4,N,4,NA,NA,4,97,97,,,0,0,1,0,0,1,0,N,N,N,N,N,N,N,9/12/2013,8:45 AM,227,22,N,N,NA,NA,19,,,1,1100,,HOLLY,ST,N,N,-1,N,N,,Y,19,,,1,60,,WALLER,ST,NA,,,,,,11,1,4,NA,1,1,8,8:46 AM,DISPATCH,8:53 AM,9/12/2013,Y,74,36,67,282,8,5,2,3,64,54,1,5,1,21,21,227,22,30.25631,-97.73426,,,,NA,HOLLY ST,1198,NA,NA,NA,NA,NA,,,,WALLER ST,NA,NA,NA,NA,Y,N,N,3,9,Y,THU,NA,NA,NA,NA,NA,NA,NA,NA,NA,NA,NA,NA,NA,NA,NA,NA,NA,NA,NA,NA,NA,NA,NA,NA,NA,NA,NA,NA,NA,NA,NA,NA,NA,NA,NA,NA,NA,NA,NA,NA,NA,NA,NA,NA,NA,NA,NA,NA,NA,,,NA,NA,NA,NA,0,0,2,0,0,2,0,90,135254522,1352545221
13525455,AUS_13525455,30.37094937,-97.72142434,2,1,3,16,1,32,1,1,4,11,1,4,N,4,NA,NA,4,97,97,,,1,0,0,0,0,1,0,N,N,N,N,N,N,N,9/16/2013,10:15 AM,227,22,N,N,NA,NA,19,,,2,8900,N,RESEARCH BLVD SVRD NB,BLVD,N,N,50,N,N,,N,19,,,NA,,,METRIC,BLVD,NA,,,,,,11,1,0,2,1,1,1,10:18 AM,DISPATCH,10:24 AM,9/16/2013,Y,74,NA,46,64,8,5,4,1,64,31,2,2,2,21,21,227,22,30.37094937,-97.72142434,US,183,,315.938,US0183,,151,6,5.702,512,-0.321,,,,N/A,NA,NA,NA,NA,Y,Y,N,1,9,Y,MON,5,0,10,10,28,2,6,260,112,72,5,0,0,2,20,5,2,20,5,2,8,4,12,113940,2012,113940,1.9,0.5,2.4,NA,NA,NA,NA,NA,NA,NA,NA,NA,NA,NA,NA,NA,NA,NA,NA,NA,NA,NA,NA,,,NA,NA,NA,NA,1,0,0,1,0,1,0,90,135254552,1352545521
13525468,AUS_13525468,30.2388,-97.75355,2,1,3,16,2,60,1,1,4,11,1,4,N,4,NA,NA,4,97,97,,,0,1,0,0,0,1,0,N,N,N,N,N,N,N,9/16/2013,10:40 PM,227,22,N,N,NA,NA,19,,,1,,S,CONGRESS,AVE,N,N,-1,N,N,,Y,19,,,1,,E,OLTORF,ST,NA,,,,,,11,4,4,NA,1,1,5,10:40 PM,DISPATCH,10:43 PM,9/16/2013,Y,74,1043,93,112,8,5,3,1,64,13,1,5,1,32,21,227,22,30.2388,-97.75355,,,,NA,S CONGRESS AVE,2399,NA,NA,NA,NA,NA,,,,N/A,NA,NA,NA,NA,Y,N,N,2,9,Y,MON,NA,NA,NA,NA,NA,NA,NA,NA,NA,NA,NA,NA,NA,NA,NA,NA,NA,NA,NA,NA,NA,NA,NA,NA,NA,NA,NA,NA,NA,NA,NA,NA,NA,NA,NA,NA,NA,NA,NA,NA,NA,NA,NA,NA,NA,NA,NA,NA,NA,,,NA,NA,NA,NA,0,1,0,1,0,1,0,90,135254682,1352546821
13527654,AUS_13527654,30.41993402,-97.66222574,2,1,3,16,3,43,1,1,4,11,1,3,N,4,NA,NA,4,97,97,,,0,0,1,0,0,1,0,N,N,N,N,N,N,N,9/18/2013,5:36 PM,227,22,N,Y,NA,NA,19,,,1,709,W,HOWARD,LN,N,N,-1,N,N,,N,19,,,NA,,,CENTER LINE PASS,,NA,,,,,,11,1,98,NA,1,1,8,5:36 PM,DISPATCH,5:46 PM,9/18/2013,Y,74,63,123,143,8,5,1,2,64,54,1,5,1,21,21,227,22,30.41993402,-97.66222574,,,,NA,W HOWARD LN,,NA,NA,NA,NA,NA,,,,CENTER LINE PASS,NA,NA,NA,NA,Y,N,N,3,9,Y,WED,NA,NA,NA,NA,NA,NA,NA,NA,NA,NA,NA,NA,NA,NA,NA,NA,NA,NA,NA,NA,NA,NA,NA,NA,NA,NA,NA,NA,NA,NA,NA,NA,NA,NA,NA,NA,NA,NA,NA,NA,NA,NA,NA,NA,NA,NA,NA,NA,NA,,,NA,NA,NA,NA,0,0,2,0,0,2,0,90,135276542,1352765421
13530613,AUS_13530613,30.28122,-97.74414,2,1,3,16,5,42,1,2,4,11,1,97,N,4,NA,NA,4,97,97,,,0,0,0,1,0,0,0,N,N,N,N,N,N,N,10/28/2013,7:36 AM,227,22,N,N,NA,NA,19,,,1,,W,18TH,ST,N,N,-1,N,N,,Y,19,,,1,,,NUECES,ST,NA,,,,,,12,4,4,NA,1,1,8,7:36 AM,DISPATCH,7:50 AM,10/28/2013,Y,74,1061,10,14,8,5,2,2,64,54,1,5,1,21,21,227,22,30.28122,-97.74414,,,,NA,W 18TH ST,598,NA,NA,NA,NA,NA,,,,NUECES ST,NA,NA,NA,NA,N,N,N,5,9,Y,MON,NA,NA,NA,NA,NA,NA,NA,NA,NA,NA,NA,NA,NA,NA,NA,NA,NA,NA,NA,NA,NA,NA,NA,NA,NA,NA,NA,NA,NA,NA,NA,NA,NA,NA,NA,NA,NA,NA,NA,NA,NA,NA,NA,NA,NA,NA,NA,NA,NA,,,NA,NA,NA,NA,0,0,0,2,0,0,0,90,135306132,1353061321
13531153,AUS_13531153,30.24433907,-97.78131563,2,1,3,16,3,32,1,2,4,11,1,97,N,4,NA,NA,4,97,97,,,0,0,1,0,0,1,0,N,N,N,N,N,N,N,11/1/2013,7:09 PM,227,22,N,N,NA,NA,19,,,1,2700,S,LAMAR,BLVD,N,N,35,N,N,,Y,19,,,1,2800,,MANCHACA,RD,NA,,,,,,11,5,2,3,4,1,5,7:33 PM,BY CITIZEN,7:33 PM,11/1/2013,N,74,1043,93,112,8,5,1,2,64,54,1,2,1,21,21,227,22,30.24433907,-97.78131563,SL,343,,1.497,SL0343,2801,113,9,6.444,564,0.854,SL,360,,SL0360,NA,NA,NA,NA,Y,Y,N,3,9,Y,FRI,2,0,0,0,0,2,4,100,60,48,4,1,1,1,0,0,1,0,0,0,0,4,14,39340,2012,39340,0.8,0.3,1.1,NA,NA,NA,NA,NA,NA,NA,NA,NA,NA,NA,NA,NA,NA,NA,NA,NA,NA,NA,NA,,,NA,NA,NA,NA,0,0,1,1,0,1,0,90,135311532,1353115321
13531154,AUS_13531154,30.2954,-97.7428,2,1,3,16,2,26,1,1,4,11,1,2,N,4,NA,NA,4,97,97,,,0,1,0,0,0,1,0,N,N,N,N,N,N,N,10/29/2013,12:10 PM,227,22,N,N,NA,NA,19,,,1,2900,,GUADALUPE ST,ST,N,N,30,N,N,,Y,19,,,1,600,W,29TH ST,ST,NA,,,,,,11,1,4,NA,1,1,5,12:30 PM,DISPATCH,12:32 PM,10/29/2013,Y,74,1061,10,14,8,5,2,2,64,54,1,5,1,21,21,227,22,30.2954,-97.7428,,,,NA,GUADALUPE ST,2901,NA,NA,NA,NA,NA,,,,W 29TH ST,NA,NA,NA,NA,Y,N,N,2,9,Y,TUE,NA,NA,NA,NA,NA,NA,NA,NA,NA,NA,NA,NA,NA,NA,NA,NA,NA,NA,NA,NA,NA,NA,NA,NA,NA,NA,NA,NA,NA,NA,NA,NA,NA,NA,NA,NA,NA,NA,NA,NA,NA,NA,NA,NA,NA,NA,NA,NA,NA,,,NA,NA,NA,NA,0,1,0,1,0,1,0,90,135311542,1353115421
13531224,AUS_13531224,30.31577,-97.74249,2,1,3,16,2,23,1,1,4,11,1,4,N,4,NA,NA,4,97,97,,,0,1,0,0,0,1,0,N,N,N,N,N,N,N,10/31/2013,4:20 PM,227,22,N,Y,NA,NA,19,,,1,,,ROSEDALE AVE,AVE,N,N,45,N,N,,Y,19,,,1,,W,45TH ST,ST,NA,,,,,,11,1,4,NA,1,1,8,4:21 PM,DISPATCH,4:25 PM,10/31/2013,Y,74,1061,10,14,8,5,1,3,64,3,1,5,1,21,21,227,22,30.31577,-97.74249,,,,NA,ROSEDALE AVE,4501,NA,NA,NA,NA,NA,,,,W 45TH ST,NA,NA,NA,NA,Y,N,N,2,9,Y,THU,NA,NA,NA,NA,NA,NA,NA,NA,NA,NA,NA,NA,NA,NA,NA,NA,NA,NA,NA,NA,NA,NA,NA,NA,NA,NA,NA,NA,NA,NA,NA,NA,NA,NA,NA,NA,NA,NA,NA,NA,NA,NA,NA,NA,NA,NA,NA,NA,NA,,,NA,NA,NA,NA,0,1,0,1,0,1,0,90,135312242,1353122421
13537777,AUS_13537777,30.25840045,-97.74979413,2,1,3,16,2,30,2,2,4,11,1,97,N,4,NA,NA,4,97,97,,,0,1,0,0,0,1,0,N,N,N,N,N,N,N,11/4/2013,6:39 PM,227,22,N,N,NA,NA,19,,,7,600,E,BARTON SPRINGS RD,RD,N,N,35,N,N,,N,19,,,NA,30,E,S 1ST ST,ST,NA,,,,,,11,4,0,NA,1,1,16,6:39 PM,DISPATCH,6:39 PM,11/4/2013,Y,74,1043,93,112,8,5,3,3,64,13,1,5,1,32,21,227,22,30.25840045,-97.74979413,,,,NA,BARTON SPRINGS RD,554,NA,NA,NA,NA,NA,,,,N/A,NA,NA,NA,NA,Y,N,N,2,9,Y,MON,NA,NA,NA,NA,NA,NA,NA,NA,NA,NA,NA,NA,NA,NA,NA,NA,NA,NA,NA,NA,NA,NA,NA,NA,NA,NA,NA,NA,NA,NA,NA,NA,NA,NA,NA,NA,NA,NA,NA,NA,NA,NA,NA,NA,NA,NA,NA,NA,NA,,,NA,NA,NA,NA,0,1,0,1,0,1,0,90,135377772,1353777721
13539667,AUS_13539667,30.2555667,-97.70200028,2,1,3,16,2,24,1,2,4,11,1,5,N,4,NA,NA,4,97,97,,,0,1,0,0,0,1,0,N,N,N,N,N,N,N,10/31/2013,6:00 PM,227,22,N,N,NA,NA,19,,,1,600,,SPRINGDALE,RD,N,N,30,N,N,,N,19,,,NA,,E,7TH,ST,NA,,,,,,11,1,0,NA,1,1,11,6:00 PM,ON SIGHT,6:00 PM,10/31/2013,Y,74,NA,34,48,8,5,3,3,64,13,1,5,2,32,21,227,22,30.2555667,-97.70200028,,,,NA,SPRINGDALE RD,,NA,NA,NA,NA,NA,,,,N/A,NA,NA,NA,NA,Y,N,N,2,9,Y,THU,NA,NA,NA,NA,NA,NA,NA,NA,NA,NA,NA,NA,NA,NA,NA,NA,NA,NA,NA,NA,NA,NA,NA,NA,NA,NA,NA,NA,NA,NA,NA,NA,NA,NA,NA,NA,NA,NA,NA,NA,NA,NA,NA,NA,NA,NA,NA,NA,NA,,,NA,NA,NA,NA,0,1,0,1,0,1,0,90,135396672,1353966721
13543312,AUS_13543312,30.22699,-97.70801,2,1,3,16,2,NA,1,2,4,11,1,4,N,4,NA,NA,4,97,97,,,0,1,0,0,0,1,0,N,N,N,N,N,N,N,9/21/2013,5:46 PM,227,22,N,N,NA,NA,19,,,1,1900,,GROVE,BLVD,N,N,35,N,N,,Y,19,,,1,5800,E,RIVERSIDE,DR,NA,,,,,,11,5,4,NA,1,1,15,5:46 PM,DISPATCH,5:58 PM,9/21/2013,Y,74,1045,98,129,8,5,2,1,64,3,1,5,1,21,21,227,22,30.22699,-97.70801,,,,NA,GROVE BLVD,,NA,NA,NA,NA,NA,,,,E RIVERSIDE DR,NA,NA,NA,NA,Y,N,N,2,9,Y,SAT,NA,NA,NA,NA,NA,NA,NA,NA,NA,NA,NA,NA,NA,NA,NA,NA,NA,NA,NA,NA,NA,NA,NA,NA,NA,NA,NA,NA,NA,NA,NA,NA,NA,NA,NA,NA,NA,NA,NA,NA,NA,NA,NA,NA,NA,NA,NA,NA,NA,,,NA,NA,NA,NA,0,1,0,2,0,1,0,90,135433122,1354331221
13543322,AUS_13543322,30.33974842,-97.74949422,2,1,3,16,2,62,1,1,4,11,1,5,N,4,NA,NA,4,97,97,,,0,1,0,0,0,1,0,N,N,N,N,N,N,N,10/1/2013,9:57 AM,227,22,N,N,NA,NA,19,,,1,2900,,WHITEROCK,DR,N,N,30,N,N,,N,19,,,NA,,,JANEY,DR,NA,,,,,,11,1,2,NA,1,1,9,10:42 AM,DISPATCH,10:53 AM,10/1/2013,Y,74,NA,121,95,8,5,1,2,64,54,1,5,1,21,21,227,22,30.33974842,-97.74949422,,,,NA,WHITE ROCK DR,2993,NA,NA,NA,NA,NA,,,,JANEY DR,NA,NA,NA,NA,Y,N,N,2,9,Y,TUE,NA,NA,NA,NA,NA,NA,NA,NA,NA,NA,NA,NA,NA,NA,NA,NA,NA,NA,NA,NA,NA,NA,NA,NA,NA,NA,NA,NA,NA,NA,NA,NA,NA,NA,NA,NA,NA,NA,NA,NA,NA,NA,NA,NA,NA,NA,NA,NA,NA,,,NA,NA,NA,NA,0,1,0,1,0,1,0,90,135433222,1354332221
13544826,AUS_13544826,30.25085944,-97.74922859,2,1,3,16,2,42,5,1,4,11,1,97,N,4,NA,NA,4,97,97,,,0,1,0,0,0,1,0,N,N,N,N,N,N,N,11/11/2013,12:24 AM,227,22,N,N,NA,NA,19,,,1,1300,S,CONGRESS,AVE,N,N,45,N,N,,N,19,,,NA,100,W,JAMES,ST,NA,,,,,,11,4,0,NA,2,1,20,12:24 AM,DISPATCH,12:30 AM,11/11/2013,Y,74,1043,93,112,8,5,4,1,64,9,1,5,1,21,21,227,22,30.25085944,-97.74922859,,,,NA,S CONGRESS AVE,1310,NA,NA,NA,NA,NA,,,,N/A,NA,NA,NA,NA,Y,N,N,2,9,Y,MON,NA,NA,NA,NA,NA,NA,NA,NA,NA,NA,NA,NA,NA,NA,NA,NA,NA,NA,NA,NA,NA,NA,NA,NA,NA,NA,NA,NA,NA,NA,NA,NA,NA,NA,NA,NA,NA,NA,NA,NA,NA,NA,NA,NA,NA,NA,NA,NA,NA,,,NA,NA,NA,NA,0,1,0,2,0,1,0,90,135448262,1354482621
13553209,AUS_13553209,30.25109394,-97.74913986,2,1,3,16,3,NA,1,2,4,11,1,1,N,4,NA,NA,4,97,97,,,0,0,1,0,0,1,0,N,N,N,N,N,N,N,10/4/2013,8:48 PM,227,22,N,Y,NA,NA,19,,,1,1300,S,CONGRESS,AVE,N,N,40,N,N,,N,19,,,NA,100,W,JAMES,ST,NA,,,,,,11,4,0,NA,1,1,1,8:48 PM,DISPATCH,8:50 PM,10/4/2013,Y,74,1043,93,112,8,5,1,3,64,3,1,5,1,21,21,227,22,30.25109394,-97.74913986,,,,NA,S CONGRESS AVE,1302,NA,NA,NA,NA,NA,,,,JAMES ST,NA,NA,NA,NA,Y,N,N,3,9,Y,FRI,NA,NA,NA,NA,NA,NA,NA,NA,NA,NA,NA,NA,NA,NA,NA,NA,NA,NA,NA,NA,NA,NA,NA,NA,NA,NA,NA,NA,NA,NA,NA,NA,NA,NA,NA,NA,NA,NA,NA,NA,NA,NA,NA,NA,NA,NA,NA,NA,NA,,,NA,NA,NA,NA,0,0,1,1,0,1,0,90,135532092,1355320921
13556885,AUS_13556885,30.26675,-97.74183,2,1,3,16,3,28,1,1,4,11,1,4,N,4,NA,NA,4,97,97,,,0,0,1,0,0,1,0,N,N,N,N,N,N,N,10/7/2013,2:21 AM,227,22,N,N,NA,NA,19,,,1,500,,BRAZOS,ST,N,N,30,N,N,,Y,19,,,1,100,E,E 5TH,ST,NA,,,,,,11,4,4,NA,1,1,5,2:21 AM,DISPATCH,2:24 AM,10/7/2013,Y,74,36,67,282,8,5,2,1,64,54,1,5,1,21,21,227,22,30.26675,-97.74183,,,,NA,BRAZOS ST,501,NA,NA,NA,NA,NA,,,,E 5TH ST,NA,NA,NA,NA,Y,N,N,3,9,Y,MON,NA,NA,NA,NA,NA,NA,NA,NA,NA,NA,NA,NA,NA,NA,NA,NA,NA,NA,NA,NA,NA,NA,NA,NA,NA,NA,NA,NA,NA,NA,NA,NA,NA,NA,NA,NA,NA,NA,NA,NA,NA,NA,NA,NA,NA,NA,NA,NA,NA,,,NA,NA,NA,NA,0,0,1,1,0,1,0,90,135568852,1355688521
13559044,AUS_13559044,30.1839,-97.79262,2,1,3,16,2,29,1,1,4,11,1,4,N,4,NA,NA,4,97,97,,,0,1,0,0,0,1,0,N,N,N,N,N,N,N,11/2/2013,5:45 PM,227,22,N,N,NA,NA,19,,,1,7814,S,1ST ST,ST,N,N,35,N,N,,Y,19,,,1,,,W DITTMAR,,NA,,,,,,11,1,4,NA,1,1,5,5:58 PM,DISPATCH,5:58 PM,11/2/2013,Y,74,1042,99,130,8,5,2,2,64,3,1,5,1,21,21,227,22,30.1839,-97.79262,,,,NA,S 1ST ST,7899,NA,NA,NA,NA,NA,,,,W DITTMAR RD,NA,NA,NA,NA,Y,N,N,2,9,Y,SAT,NA,NA,NA,NA,NA,NA,NA,NA,NA,NA,NA,NA,NA,NA,NA,NA,NA,NA,NA,NA,NA,NA,NA,NA,NA,NA,NA,NA,NA,NA,NA,NA,NA,NA,NA,NA,NA,NA,NA,NA,NA,NA,NA,NA,NA,NA,NA,NA,NA,,,NA,NA,NA,NA,0,1,0,1,0,1,0,90,135590442,1355904421
13559564,AUS_13559564,30.28569,-97.71021,2,1,3,16,2,23,1,1,4,11,1,4,N,4,NA,NA,4,97,97,,,0,1,0,0,0,1,0,N,N,N,N,N,N,N,10/8/2013,5:15 PM,227,22,N,N,NA,NA,19,,,1,,,MANOR,RD,N,N,30,N,N,,Y,19,,,1,,,ALEXANDER,AVE,NA,,,,,,11,1,0,NA,2,1,20,5:15 PM,DISPATCH,5:25 PM,10/8/2013,Y,74,NA,34,48,8,5,1,3,64,54,1,5,1,21,21,227,22,30.28569,-97.71021,,,,NA,MANOR RD,2901,NA,NA,NA,NA,NA,,,,ALEXANDER AVE,NA,NA,NA,NA,Y,N,N,2,9,Y,TUE,NA,NA,NA,NA,NA,NA,NA,NA,NA,NA,NA,NA,NA,NA,NA,NA,NA,NA,NA,NA,NA,NA,NA,NA,NA,NA,NA,NA,NA,NA,NA,NA,NA,NA,NA,NA,NA,NA,NA,NA,NA,NA,NA,NA,NA,NA,NA,NA,NA,,,NA,NA,NA,NA,0,1,0,1,0,1,0,90,135595642,1355956421
13560588,AUS_13560588,30.28838,-97.7291,2,1,3,16,2,26,1,2,4,11,1,2,N,4,NA,NA,4,97,97,,,0,1,0,0,0,1,0,N,N,N,N,N,N,N,10/9/2013,8:35 AM,227,22,N,N,NA,NA,19,,,1,,E,DEAN KEETON,ST,N,N,35,N,N,,Y,19,,,1,,,MEDICAL ARTS,ST,NA,,,,,,11,1,4,NA,2,1,5,8:36 AM,DISPATCH,8:45 AM,10/9/2013,Y,74,1061,10,14,8,5,2,2,64,54,1,5,1,21,21,227,22,30.28838,-97.7291,,,,NA,E DEAN KEETON ST,826,NA,NA,NA,NA,NA,,,,MEDICAL ARTS ST,NA,NA,NA,NA,Y,N,N,2,9,Y,WED,NA,NA,NA,NA,NA,NA,NA,NA,NA,NA,NA,NA,NA,NA,NA,NA,NA,NA,NA,NA,NA,NA,NA,NA,NA,NA,NA,NA,NA,NA,NA,NA,NA,NA,NA,NA,NA,NA,NA,NA,NA,NA,NA,NA,NA,NA,NA,NA,NA,,,NA,NA,NA,NA,0,1,0,1,0,1,0,90,135605882,1356058821