CrashID,CrashID1,Latitude,Longitude,Unit_Nbr,Prsn_Nbr,Prsn_Type_ID,Prsn_Occpnt_Pos_ID,Prsn_Injry_Sev_ID,Prsn_Age,Prsn_Ethnicity_ID,Prsn_Gndr_ID,Prsn_Ejct_ID,Prsn_Rest_ID,Prsn_Airbag_ID,Prsn_Helmet_ID,Prsn_Sol_Fl,Prsn_Alc_Spec_Type_ID,Prsn_Alc_Rslt_ID,Prsn_Bac_Test_Rslt,Prsn_Drg_Spec_Type_ID,Prsn_Drg_Rslt_ID,Drvr_Drg_Cat_1_ID,Prsn_Death_Date,Prsn_Death_Time,Incap_Injry_Cnt.x,Nonincap_Injry_Cnt.x,Poss_Injry_Cnt.x,Non_Injry_Cnt.x,Unkn_Injry_Cnt.x,Tot_Injry_Cnt.x,Death_Cnt.x,Crash_Fatal_Fl,Cmv_Involv_Fl,Schl_Bus_Fl,Rr_Relat_Fl,Medical_Advisory_Fl,Amend_Supp_Fl,Active_School_Zone_Fl,Crash_Date,Crash_Time,Rpt_CRIS_Cnty_ID,Rpt_City_ID,Rpt_Outside_City_Limit_Fl,Thousand_Damage_Fl,Rpt_Latitude,Rpt_Longitude,Rpt_Rdwy_Sys_ID,Rpt_Hwy_Num,Rpt_Hwy_Sfx,Rpt_Road_Part_ID,Rpt_Block_Num,Rpt_Street_Pfx,Rpt_Street_Name,Rpt_Street_Sfx,Private_Dr_Fl,Toll_Road_Fl,Crash_Speed_Limit,Road_Constr_Zone_Fl,Road_Constr_Zone_Wrkr_Fl,Rpt_Street_Desc,At_Intrsct_Fl,Rpt_Sec_Rdwy_Sys_ID,Rpt_Sec_Hwy_Num,Rpt_Sec_Hwy_Sfx,Rpt_Sec_Road_Part_ID,Rpt_Sec_Block_Num,Rpt_Sec_Street_Pfx,Rpt_Sec_Street_Name,Rpt_Sec_Street_Sfx,Rpt_Ref_Mark_Offset_Amt,Rpt_Ref_Mark_Dist_Uom,Rpt_Ref_Mark_Dir,Rpt_Ref_Mark_Nbr,Rpt_Sec_Street_Desc,Rpt_CrossingNumber,Wthr_Cond_ID,Light_Cond_ID,Entr_Road_ID,Road_Type_ID,Road_Algn_ID,Surf_Cond_ID,Traffic_Cntl_ID,Investigat_Notify_Time,Investigat_Notify_Meth,Investigat_Arrv_Time,Report_Date,Investigat_Comp_Fl,Investigat_Agency_ID,Investigat_Area_ID,Investigat_District_ID,Investigat_Region_ID,Bridge_Detail_ID,Harm_Evnt_ID,Intrsct_Relat_ID,FHE_Collsn_ID,Obj_Struck_ID,Othr_Factr_ID,Road_Part_Adj_ID,Road_Cls_ID,Road_Relat_ID,Phys_Featr_1_ID,Phys_Featr_2_ID,Cnty_ID,City_ID,Latitude,Longitude,Hwy_Sys,Hwy_Nbr,Hwy_Sfx,Dfo,Street_Name,Street_Nbr,Control,Section,Milepoint,Ref_Mark_Nbr,Ref_Mark_Displ,Hwy_Sys_2,Hwy_Nbr_2,Hwy_Sfx_2,Street_Name_2,Street_Nbr_2,Control_2,Section_2,Milepoint_2,Txdot_Rptable_Fl,Onsys_Fl,Rural_Fl,Crash_Sev_ID,Pop_Group_ID,Located_Fl,Day_of_Week,Hwy_Dsgn_Lane_ID,Hwy_Dsgn_Hrt_ID,Hp_Shldr_Left,Hp_Shldr_Right,Hp_Median_Width,Base_Type_ID,Nbr_Of_Lane,Row_Width_Usual,Roadbed_Width,Surf_Width,Surf_Type_ID,Curb_Type_Left_ID,Curb_Type_Right_ID,Shldr_Type_Left_ID,Shldr_Width_Left,Shldr_Use_Left_ID,Shldr_Type_Right_ID,Shldr_Width_Right,Shldr_Use_Right_ID,Median_Type_ID,Median_Width,Rural_Urban_Type_ID,Func_Sys_ID,Adt_Curnt_Amt,Adt_Curnt_Year,Adt_Adj_Curnt_Amt,Pct_Single_Trk_Adt,Pct_Combo_Trk_Adt,Trk_Aadt_Pct,Curve_Type_ID,Curve_Lngth,Cd_Degr,Delta_Left_Right_ID,Dd_Degr,Feature_Crossed,Structure_Number,I_R_Min_Vert_Clear,Approach_Width,Bridge_Median_ID,Bridge_Loading_Type_ID,Bridge_Loading_In_1000_Lbs,Bridge_Srvc_Type_On_ID,Bridge_Srvc_Type_Under_ID,Culvert_Type_ID,Roadway_Width,Deck_Width,Bridge_Dir_Of_Traffic_ID,Bridge_Rte_Struct_Func_ID,Bridge_IR_Struct_Func_ID,CrossingNumber,RRCo,Poscrossing_ID,WDCode_ID,Standstop,Yield,Incap_Injry_Cnt.y,Nonincap_Injry_Cnt.y,Poss_Injry_Cnt.y,Non_Injry_Cnt.y,Unkn_Injry_Cnt.y,Tot_Injry_Cnt.y,Death_Cnt.y,MPO_ID,Unit_ID,Unit_Prsn_ID
13560592,AUS_13560592,30.29173,-97.73425,2,1,3,16,3,21,1,2,4,11,1,1,N,4,NA,NA,4,97,97,,,0,0,1,0,0,1,0,N,N,N,N,N,N,N,10/9/2013,2:00 PM,227,22,N,N,NA,NA,19,,,1,3000,,DUVAL,,N,N,-1,N,N,,Y,19,,,1,,,30TH,ST,NA,,,,,,11,1,2,NA,1,1,1,2:07 PM,DISPATCH,2:08 PM,10/9/2013,Y,74,1061,10,14,8,5,1,3,64,54,1,5,1,21,21,227,22,30.29173,-97.73425,,,,NA,DUVAL ST,2907,NA,NA,NA,NA,NA,,,,E 30TH ST,NA,NA,NA,NA,Y,N,N,3,9,Y,WED,NA,NA,NA,NA,NA,NA,NA,NA,NA,NA,NA,NA,NA,NA,NA,NA,NA,NA,NA,NA,NA,NA,NA,NA,NA,NA,NA,NA,NA,NA,NA,NA,NA,NA,NA,NA,NA,NA,NA,NA,NA,NA,NA,NA,NA,NA,NA,NA,NA,,,NA,NA,NA,NA,0,0,1,1,0,1,0,90,135605922,1356059221
13561502,AUS_13561502,30.29661965,-97.74204258,2,1,3,16,2,21,2,1,4,11,1,4,N,4,NA,NA,4,97,97,,,0,1,0,0,0,1,0,N,N,N,N,N,N,N,10/9/2013,6:03 PM,227,22,N,N,NA,NA,19,,,1,3000,,GUADALUPE,ST,N,N,35,N,N,,N,19,,,NA,,W,30TH,ST,NA,,,,,,11,1,0,NA,1,1,11,6:03 PM,DISPATCH,6:07 PM,10/9/2013,Y,74,1061,10,14,8,5,3,3,64,13,1,5,1,32,21,227,22,30.29661965,-97.74204258,,,,NA,GUADALUPE ST,2979,NA,NA,NA,NA,NA,,,,N/A,NA,NA,NA,NA,Y,N,N,2,9,Y,WED,NA,NA,NA,NA,NA,NA,NA,NA,NA,NA,NA,NA,NA,NA,NA,NA,NA,NA,NA,NA,NA,NA,NA,NA,NA,NA,NA,NA,NA,NA,NA,NA,NA,NA,NA,NA,NA,NA,NA,NA,NA,NA,NA,NA,NA,NA,NA,NA,NA,,,NA,NA,NA,NA,0,1,0,2,0,1,0,90,135615022,1356150221
13561504,AUS_13561504,30.27817207,-97.77268747,2,1,3,16,2,43,1,1,4,11,1,3,N,4,NA,NA,4,97,97,,,0,1,0,0,0,1,0,N,N,N,N,N,N,N,10/9/2013,6:39 PM,227,22,N,Y,NA,NA,19,,,1,2407,,LAKE AUSTIN,BLVD,N,N,-1,N,N,,N,19,,,NA,,,DEEP EDDY,AVE,NA,,,,,,11,1,0,NA,1,1,20,6:39 PM,DISPATCH,6:46 PM,10/9/2013,Y,74,1061,10,14,8,5,3,3,64,13,1,5,1,32,21,227,22,30.27817207,-97.77268747,,,,NA,LAKE AUSTIN BLVD,2412,NA,NA,NA,NA,NA,,,,N/A,NA,NA,NA,NA,Y,N,N,2,9,Y,WED,NA,NA,NA,NA,NA,NA,NA,NA,NA,NA,NA,NA,NA,NA,NA,NA,NA,NA,NA,NA,NA,NA,NA,NA,NA,NA,NA,NA,NA,NA,NA,NA,NA,NA,NA,NA,NA,NA,NA,NA,NA,NA,NA,NA,NA,NA,NA,NA,NA,,,NA,NA,NA,NA,0,1,0,1,0,1,0,90,135615042,1356150421
13565259,AUS_13565259,30.31085,-97.73299,2,1,3,16,3,32,1,1,4,11,1,97,N,4,NA,NA,4,97,97,,,0,0,1,0,0,1,0,N,N,N,N,N,N,N,11/18/2013,9:31 PM,227,22,N,N,NA,NA,19,,,1,,W,45TH,ST,N,N,35,N,N,,Y,19,,,1,,,GUADALUPE,ST,NA,,,,,,11,4,4,NA,1,1,5,9:31 PM,DISPATCH,9:33 PM,11/18/2013,Y,74,1061,10,14,8,5,1,3,64,54,1,5,1,21,21,227,22,30.31085,-97.73299,,,,NA,W 45TH ST,598,NA,NA,NA,NA,NA,,,,GUADALUPE ST,NA,NA,NA,NA,Y,N,N,3,9,Y,MON,NA,NA,NA,NA,NA,NA,NA,NA,NA,NA,NA,NA,NA,NA,NA,NA,NA,NA,NA,NA,NA,NA,NA,NA,NA,NA,NA,NA,NA,NA,NA,NA,NA,NA,NA,NA,NA,NA,NA,NA,NA,NA,NA,NA,NA,NA,NA,NA,NA,,,NA,NA,NA,NA,0,0,1,1,0,1,0,90,135652592,1356525921
13565400,AUS_13565400,30.30275,-97.73816,2,1,3,16,3,NA,1,1,4,11,1,4,N,4,NA,NA,4,97,97,,,0,0,1,0,0,1,0,N,N,N,N,N,N,N,10/10/2013,4:43 PM,227,22,N,N,NA,NA,19,,,1,3700,,GUADALUPE,ST,N,N,-1,N,N,,Y,19,,,1,,W,38TH,ST,NA,,,,,,11,1,4,NA,1,1,16,4:44 PM,DISPATCH,4:45 PM,10/10/2013,Y,74,1061,10,14,8,5,1,3,64,54,1,5,1,21,21,227,22,30.30275,-97.73816,,,,NA,GUADALUPE ST,3801,NA,NA,NA,NA,NA,,,,W 38TH ST,NA,NA,NA,NA,Y,N,N,3,9,Y,THU,NA,NA,NA,NA,NA,NA,NA,NA,NA,NA,NA,NA,NA,NA,NA,NA,NA,NA,NA,NA,NA,NA,NA,NA,NA,NA,NA,NA,NA,NA,NA,NA,NA,NA,NA,NA,NA,NA,NA,NA,NA,NA,NA,NA,NA,NA,NA,NA,NA,,,NA,NA,NA,NA,0,0,1,1,0,1,0,90,135654002,1356540021
13565476,AUS_13565476,30.30114,-97.73919,2,1,3,16,2,22,1,1,4,11,1,5,N,4,NA,NA,4,97,97,,,0,1,0,0,0,1,0,N,N,N,N,N,N,N,11/18/2013,3:46 PM,227,22,N,N,NA,NA,19,,,1,,W,35TH,ST,N,N,30,N,N,,Y,19,,,1,,,GUADALUPE,ST,NA,,,,,,11,1,2,NA,1,1,8,3:48 PM,DISPATCH,3:49 PM,11/18/2013,Y,74,1061,10,14,8,5,1,3,64,54,1,5,1,21,21,227,22,30.30114,-97.73919,,,,NA,W 35TH ST,600,NA,NA,NA,NA,NA,,,,GUADALUPE ST,NA,NA,NA,NA,Y,N,N,2,9,Y,MON,NA,NA,NA,NA,NA,NA,NA,NA,NA,NA,NA,NA,NA,NA,NA,NA,NA,NA,NA,NA,NA,NA,NA,NA,NA,NA,NA,NA,NA,NA,NA,NA,NA,NA,NA,NA,NA,NA,NA,NA,NA,NA,NA,NA,NA,NA,NA,NA,NA,,,NA,NA,NA,NA,0,1,0,1,0,1,0,90,135654762,1356547621
13567903,AUS_13567903,30.20308001,-97.83734001,2,1,3,16,2,17,2,2,4,11,1,4,N,4,NA,NA,4,97,97,,,0,1,0,0,0,1,0,N,N,N,N,N,N,N,9/5/2013,8:56 AM,227,22,N,Y,NA,NA,19,,,1,3500,,ESKEW,DR,N,N,-1,N,N,,Y,19,,,1,,,BRODIE,LN,NA,,,,,,11,1,2,NA,1,1,15,8:56 AM,DISPATCH,9:00 AM,9/5/2013,Y,74,1042,99,130,8,5,1,3,64,54,1,5,1,21,21,227,22,30.20308001,-97.83734001,,,,NA,ESKEW DR,3500,NA,NA,NA,NA,NA,,,,UNKNOWN,NA,NA,NA,NA,Y,N,N,2,9,Y,THU,NA,NA,NA,NA,NA,NA,NA,NA,NA,NA,NA,NA,NA,NA,NA,NA,NA,NA,NA,NA,NA,NA,NA,NA,NA,NA,NA,NA,NA,NA,NA,NA,NA,NA,NA,NA,NA,NA,NA,NA,NA,NA,NA,NA,NA,NA,NA,NA,NA,,,NA,NA,NA,NA,0,1,0,1,0,1,0,90,135679032,1356790321
13567906,AUS_13567906,30.23414,-97.72286,2,1,3,16,3,21,1,1,4,11,1,4,N,4,NA,NA,4,97,97,,,0,0,1,0,0,1,0,N,N,N,N,N,N,N,10/12/2013,12:26 AM,227,22,N,Y,NA,NA,19,,,1,,E,RIVERSIDE DR,DR,N,N,35,N,N,,Y,19,,,1,,S,S PLEASANT VALLEY,,NA,,,,,,11,4,4,NA,8,1,5,12:28 AM,DISPATCH,12:28 AM,10/12/2013,Y,74,1045,98,129,8,5,1,3,64,3,1,5,1,21,21,227,22,30.23414,-97.72286,,,,NA,E RIVERSIDE DR,,NA,NA,NA,NA,NA,,,,UNKNOWN,NA,NA,NA,NA,Y,N,N,3,9,Y,SAT,NA,NA,NA,NA,NA,NA,NA,NA,NA,NA,NA,NA,NA,NA,NA,NA,NA,NA,NA,NA,NA,NA,NA,NA,NA,NA,NA,NA,NA,NA,NA,NA,NA,NA,NA,NA,NA,NA,NA,NA,NA,NA,NA,NA,NA,NA,NA,NA,NA,,,NA,NA,NA,NA,0,0,1,1,0,1,0,90,135679062,1356790621
13567975,AUS_13567975,30.26529517,-97.73760197,2,1,3,16,2,26,3,1,4,11,1,97,N,4,NA,NA,4,97,97,,,0,1,0,0,0,1,0,N,N,N,N,N,N,N,8/25/2013,2:43 AM,227,22,N,N,NA,NA,19,,,1,,,RED RIVER,ST,N,N,30,N,N,,N,19,,,NA,,E,5TH,ST,NA,,,,,,11,4,0,NA,1,1,20,2:43 AM,ON SIGHT,2:43 AM,8/25/2013,Y,74,36,67,282,8,5,2,1,64,3,1,5,1,21,21,227,22,30.26529517,-97.73760197,,,,NA,RED RIVER ST,473,NA,NA,NA,NA,NA,,,,E 5TH ST,NA,NA,NA,NA,Y,N,N,2,9,Y,SUN,NA,NA,NA,NA,NA,NA,NA,NA,NA,NA,NA,NA,NA,NA,NA,NA,NA,NA,NA,NA,NA,NA,NA,NA,NA,NA,NA,NA,NA,NA,NA,NA,NA,NA,NA,NA,NA,NA,NA,NA,NA,NA,NA,NA,NA,NA,NA,NA,NA,,,NA,NA,NA,NA,0,1,1,2,0,2,0,90,135679752,1356797521
13571717,AUS_13571717,30.27834934,-97.77292959,2,1,3,16,5,NA,1,1,4,11,1,5,N,4,NA,NA,4,97,97,,,0,0,0,1,0,0,0,N,N,N,N,N,N,N,10/12/2013,3:21 PM,227,22,N,N,NA,NA,19,,,1,2402,,LAKE AUSTIN,BLVD,N,N,35,N,N,,N,19,,,NA,500,,DEEP EDDY,,NA,,,,,,11,1,98,NA,1,1,1,3:21 PM,ON SIGHT,3:33 PM,10/12/2013,Y,74,1061,10,14,8,5,3,1,64,14,1,5,2,32,21,227,22,30.27834934,-97.77292959,,,,NA,LAKE AUSTIN BLVD,2453,NA,NA,NA,NA,NA,,,,N/A,NA,NA,NA,NA,N,N,N,5,9,Y,SAT,NA,NA,NA,NA,NA,NA,NA,NA,NA,NA,NA,NA,NA,NA,NA,NA,NA,NA,NA,NA,NA,NA,NA,NA,NA,NA,NA,NA,NA,NA,NA,NA,NA,NA,NA,NA,NA,NA,NA,NA,NA,NA,NA,NA,NA,NA,NA,NA,NA,,,NA,NA,NA,NA,0,0,0,2,0,0,0,90,135717172,1357171721
13571808,AUS_13571808,30.23675803,-97.7630294,2,1,3,16,3,37,3,1,4,11,1,4,N,4,NA,NA,4,97,97,,,0,0,1,0,0,1,0,N,N,N,N,N,N,N,11/25/2013,1:22 AM,227,22,N,N,NA,NA,19,,,1,2900,,S 1ST ST,,N,N,35,N,N,,N,19,,,NA,,,EL PASO,ST,NA,,,,,,2,4,2,NA,1,2,20,1:22 AM,DISPATCH,1:24 AM,11/25/2013,Y,74,1043,93,112,8,5,4,1,64,3,1,5,1,21,21,227,22,30.23675803,-97.7630294,,,,NA,S 1ST ST,2807,NA,NA,NA,NA,NA,,,,N/A,NA,NA,NA,NA,Y,N,N,3,9,Y,MON,NA,NA,NA,NA,NA,NA,NA,NA,NA,NA,NA,NA,NA,NA,NA,NA,NA,NA,NA,NA,NA,NA,NA,NA,NA,NA,NA,NA,NA,NA,NA,NA,NA,NA,NA,NA,NA,NA,NA,NA,NA,NA,NA,NA,NA,NA,NA,NA,NA,,,NA,NA,NA,NA,0,0,1,2,0,1,0,90,135718082,1357180821
13576106,AUS_13576106,30.22177,-97.77871999,2,1,3,16,2,30,1,2,4,11,1,97,N,4,NA,NA,4,97,97,,,0,1,0,0,0,1,0,N,N,N,N,N,N,N,11/16/2013,11:34 PM,227,22,N,N,NA,NA,19,,,1,1000,,REDD,ST,N,N,25,N,N,,Y,19,,,1,4500,,MOUNT VERNON,DR,NA,,,,,,11,3,4,NA,1,1,8,11:34 PM,DISPATCH,11:34 PM,11/16/2013,Y,74,1043,93,112,8,5,1,3,64,54,1,5,1,21,21,227,22,30.22177,-97.77871999,,,,NA,REDD ST,1000,NA,NA,NA,NA,NA,,,,MOUNT VERNON DR,NA,NA,NA,NA,Y,N,N,2,9,Y,SAT,NA,NA,NA,NA,NA,NA,NA,NA,NA,NA,NA,NA,NA,NA,NA,NA,NA,NA,NA,NA,NA,NA,NA,NA,NA,NA,NA,NA,NA,NA,NA,NA,NA,NA,NA,NA,NA,NA,NA,NA,NA,NA,NA,NA,NA,NA,NA,NA,NA,,,NA,NA,NA,NA,0,1,0,1,0,1,0,90,135761062,1357610621
13578572,AUS_13578572,30.23360917,-97.74126511,2,1,3,16,3,NA,3,1,4,11,1,4,N,4,NA,NA,4,97,97,,,0,0,1,0,0,1,0,N,N,N,N,N,N,N,10/13/2013,2:47 AM,227,22,N,N,NA,NA,1,35,I,2,2200,,NOT REPORTED,HWY,N,N,55,N,N,S IH 35 SB SVRD,Y,19,,,1,,E,OLTORF,ST,NA,,,,,,2,4,4,2,1,2,5,2:47 AM,DISPATCH,2:58 AM,10/13/2013,Y,74,1043,93,112,8,5,1,1,64,54,2,1,1,21,21,227,22,30.23360917,-97.74126511,IH,35,,231.524,IH0035,,15,13,15.403,232,0.353,,,,E OLTORF ST,NA,NA,NA,NA,Y,Y,N,3,9,Y,SUN,5,0,2,10,7,2,6,300,96,72,4,0,0,2,4,5,2,20,5,2,3,4,11,157520,2012,157520,2.7,7.3,10,NA,NA,NA,NA,NA,NA,NA,NA,NA,NA,NA,NA,NA,NA,NA,NA,NA,NA,NA,NA,,,NA,NA,NA,NA,0,0,1,0,1,1,0,90,135785722,1357857221
13579286,AUS_13579286,30.40831638,-97.69705137,2,1,3,16,1,38,1,1,4,11,1,5,N,4,NA,NA,4,97,97,,,1,0,0,0,0,1,0,N,N,N,N,N,N,N,11/21/2013,12:00 PM,227,22,N,N,NA,NA,19,,,1,12100,,METRIC,BLVD,N,N,-1,N,N,,N,19,,,NA,19010,,CEDAR BEND,DR,NA,,,,,,12,1,4,NA,2,1,5,12:30 PM,WALK-IN,12:30 PM,11/22/2013,Y,74,63,123,143,8,5,2,2,64,3,1,5,1,21,21,227,22,30.40831638,-97.69705137,,,,NA,METRIC BLVD,,NA,NA,NA,NA,NA,,,,CEDAR BEND DR,NA,NA,NA,NA,Y,N,N,1,9,Y,THU,NA,NA,NA,NA,NA,NA,NA,NA,NA,NA,NA,NA,NA,NA,NA,NA,NA,NA,NA,NA,NA,NA,NA,NA,NA,NA,NA,NA,NA,NA,NA,NA,NA,NA,NA,NA,NA,NA,NA,NA,NA,NA,NA,NA,NA,NA,NA,NA,NA,,,NA,NA,NA,NA,1,0,0,0,1,1,0,90,135792862,1357928621
13579295,AUS_13579295,30.30740528,-97.66965849,2,1,3,16,3,NA,3,1,4,11,1,4,N,4,NA,NA,4,97,97,,,0,0,1,0,0,1,0,N,N,N,N,N,N,N,10/13/2013,6:23 PM,227,22,N,Y,NA,NA,19,,,1,6400,,SPRINGDALE,RD,N,N,35,N,N,,N,19,,,NA,,,MANOR,RD,NA,,,,,,2,4,0,NA,3,2,20,6:57 PM,DISPATCH,7:06 PM,10/18/2013,Y,74,NA,34,48,8,5,4,1,64,54,1,5,1,21,21,227,22,30.30740528,-97.66965849,,,,NA,SPRINGDALE RD,6440,NA,NA,NA,NA,NA,,,,N/A,NA,NA,NA,NA,Y,N,N,3,9,Y,SUN,NA,NA,NA,NA,NA,NA,NA,NA,NA,NA,NA,NA,NA,NA,NA,NA,NA,NA,NA,NA,NA,NA,NA,NA,NA,NA,NA,NA,NA,NA,NA,NA,NA,NA,NA,NA,NA,NA,NA,NA,NA,NA,NA,NA,NA,NA,NA,NA,NA,,,NA,NA,NA,NA,0,0,1,1,0,1,0,90,135792952,1357929521
13579378,AUS_13579378,30.29973,-97.7739,2,1,3,16,2,37,1,1,4,11,1,2,N,4,NA,NA,4,97,97,,,0,1,0,0,0,1,0,N,N,N,N,N,N,N,10/8/2013,2:32 PM,227,22,N,Y,NA,NA,19,,,1,,,WINDSOR,RD,N,N,30,N,N,,Y,19,,,1,,,PECOS,ST,NA,,,,,,11,1,4,NA,1,1,8,2:37 PM,DISPATCH,2:45 PM,10/8/2013,Y,74,1061,10,14,8,5,1,1,64,54,1,5,1,21,21,227,22,30.29973,-97.7739,,,,NA,WINDSOR RD,3500,NA,NA,NA,NA,NA,,,,PECOS ST,NA,NA,NA,NA,Y,N,N,2,9,Y,TUE,NA,NA,NA,NA,NA,NA,NA,NA,NA,NA,NA,NA,NA,NA,NA,NA,NA,NA,NA,NA,NA,NA,NA,NA,NA,NA,NA,NA,NA,NA,NA,NA,NA,NA,NA,NA,NA,NA,NA,NA,NA,NA,NA,NA,NA,NA,NA,NA,NA,,,NA,NA,NA,NA,0,1,0,1,0,1,0,90,135793782,1357937821
13597984,AUS_13597984,30.31211,-97.7526,2,1,3,16,3,23,1,1,4,11,1,2,N,4,NA,NA,4,97,97,,,0,0,1,0,0,1,0,N,N,N,N,N,N,N,10/14/2013,9:11 PM,227,22,N,N,NA,NA,19,,,1,3900,,BULL CREEK RD,RD,N,N,35,N,N,,Y,19,,,1,,,W 39TH ST,ST,NA,,,,,,11,4,4,NA,1,1,8,9:11 PM,DISPATCH,9:12 PM,10/14/2013,Y,74,1061,10,14,8,5,1,1,64,54,1,5,1,21,21,227,22,30.31211,-97.7526,,,,NA,BULL CREEK RD,3901,NA,NA,NA,NA,NA,,,,W 39TH ST,NA,NA,NA,NA,Y,N,N,3,9,Y,MON,NA,NA,NA,NA,NA,NA,NA,NA,NA,NA,NA,NA,NA,NA,NA,NA,NA,NA,NA,NA,NA,NA,NA,NA,NA,NA,NA,NA,NA,NA,NA,NA,NA,NA,NA,NA,NA,NA,NA,NA,NA,NA,NA,NA,NA,NA,NA,NA,NA,,,NA,NA,NA,NA,0,0,1,1,0,1,0,90,135979842,1359798421
13600643,AUS_13600643,30.39833478,-97.70446882,2,1,3,16,3,NA,1,1,4,11,1,4,N,4,NA,NA,4,97,97,,,0,0,1,0,0,1,0,N,N,N,N,N,N,N,10/15/2013,10:13 AM,227,22,N,N,NA,NA,19,,,1,1900,,GRACY FARMS LANE,,N,N,35,N,N,,N,19,,,NA,,,METRIC,BLVD,NA,,,,,,12,1,0,NA,2,1,5,10:14 AM,DISPATCH,10:21 AM,10/15/2013,Y,74,NA,46,64,8,5,2,2,64,54,1,5,1,21,21,227,22,30.39833478,-97.70446882,,,,NA,GRACY FARMS LN,,NA,NA,NA,NA,NA,,,,METRIC BLVD,NA,NA,NA,NA,Y,N,N,3,9,Y,TUE,NA,NA,NA,NA,NA,NA,NA,NA,NA,NA,NA,NA,NA,NA,NA,NA,NA,NA,NA,NA,NA,NA,NA,NA,NA,NA,NA,NA,NA,NA,NA,NA,NA,NA,NA,NA,NA,NA,NA,NA,NA,NA,NA,NA,NA,NA,NA,NA,NA,,,NA,NA,NA,NA,0,0,1,1,0,1,0,90,136006432,1360064321
13606910,AUS_13606910,30.325746,-97.74060938,2,1,3,16,2,35,1,2,4,11,1,97,N,4,NA,NA,4,97,97,,,0,1,0,0,0,1,0,N,N,N,N,N,N,N,12/3/2013,6:11 PM,227,22,N,Y,NA,NA,19,,,1,2211,W,W NORTH LOOP BLVD,BLVD,N,N,35,N,N,,N,19,,,NA,,,BURNET RD,RD,NA,,,,,,11,4,2,NA,1,1,1,6:11 PM,DISPATCH,6:16 PM,12/3/2013,Y,74,1061,10,14,8,5,3,3,64,13,1,5,1,32,21,227,22,30.325746,-97.74060938,,,,NA,W NORTH LOOP BLVD,2149,NA,NA,NA,NA,NA,,,,N/A,NA,NA,NA,NA,Y,N,N,2,9,Y,TUE,NA,NA,NA,NA,NA,NA,NA,NA,NA,NA,NA,NA,NA,NA,NA,NA,NA,NA,NA,NA,NA,NA,NA,NA,NA,NA,NA,NA,NA,NA,NA,NA,NA,NA,NA,NA,NA,NA,NA,NA,NA,NA,NA,NA,NA,NA,NA,NA,NA,,,NA,NA,NA,NA,0,1,0,1,0,1,0,90,136069102,1360691021
13608453,AUS_13608453,30.25975764,-97.74587695,2,1,3,16,2,45,1,1,4,11,1,97,N,4,NA,NA,4,97,97,,,0,1,0,0,0,1,0,N,N,N,N,N,N,N,10/12/2013,6:46 PM,227,22,N,Y,NA,NA,19,,,1,1000,S,CONGRESS,AVE,N,N,35,N,N,,N,19,,,NA,100,W,RIVERSIDE,DR,NA,,,,,,11,1,0,NA,2,1,20,6:46 PM,DISPATCH,6:46 PM,10/12/2013,Y,74,1043,93,112,8,5,4,1,64,25,1,1,1,21,21,227,22,30.25975764,-97.74587695,,,,NA,S CONGRESS AVE,209,NA,NA,NA,NA,NA,,,,N/A,NA,NA,NA,NA,Y,N,N,2,9,Y,SAT,NA,NA,NA,NA,NA,NA,NA,NA,NA,NA,NA,NA,NA,NA,NA,NA,NA,NA,NA,NA,NA,NA,NA,NA,NA,NA,NA,NA,NA,NA,NA,NA,NA,NA,NA,NA,NA,NA,NA,NA,NA,NA,NA,NA,NA,NA,NA,NA,NA,,,NA,NA,NA,NA,0,1,0,2,0,1,0,90,136084532,1360845321
13616473,AUS_13616473,30.35908559,-97.69926828,2,1,3,16,5,51,1,1,4,11,1,97,N,4,NA,NA,4,97,97,,,0,0,0,1,0,0,0,N,N,N,N,N,N,N,9/26/2013,5:18 PM,227,22,N,N,NA,NA,19,,,1,8926,N,LAMAR,BLVD,N,N,45,N,N,,N,19,,,NA,,,PAYTON GIN,RD,NA,,,,,,11,1,0,3,1,1,20,5:22 PM,DISPATCH,5:25 PM,9/26/2013,Y,74,63,123,143,8,5,3,1,64,54,1,2,1,32,21,227,22,30.35908559,-97.69926828,SL,275,,4.857,SL0275,8979,15,11,5.939,434,0.926,,,,N/A,NA,NA,NA,NA,N,Y,N,5,9,Y,THU,2,0,0,0,0,2,4,125,48,48,4,1,1,1,0,0,1,0,0,0,0,4,14,33000,2012,33000,0.9,0.3,1.2,NA,NA,NA,NA,NA,NA,NA,NA,NA,NA,NA,NA,NA,NA,NA,NA,NA,NA,NA,NA,,,NA,NA,NA,NA,0,0,0,2,0,0,0,90,136164732,1361647321