CrashID,CrashID1,Latitude,Longitude,Unit_Nbr,Prsn_Nbr,Prsn_Type_ID,Prsn_Occpnt_Pos_ID,Prsn_Injry_Sev_ID,Prsn_Age,Prsn_Ethnicity_ID,Prsn_Gndr_ID,Prsn_Ejct_ID,Prsn_Rest_ID,Prsn_Airbag_ID,Prsn_Helmet_ID,Prsn_Sol_Fl,Prsn_Alc_Spec_Type_ID,Prsn_Alc_Rslt_ID,Prsn_Bac_Test_Rslt,Prsn_Drg_Spec_Type_ID,Prsn_Drg_Rslt_ID,Drvr_Drg_Cat_1_ID,Prsn_Death_Date,Prsn_Death_Time,Incap_Injry_Cnt.x,Nonincap_Injry_Cnt.x,Poss_Injry_Cnt.x,Non_Injry_Cnt.x,Unkn_Injry_Cnt.x,Tot_Injry_Cnt.x,Death_Cnt.x,Crash_Fatal_Fl,Cmv_Involv_Fl,Schl_Bus_Fl,Rr_Relat_Fl,Medical_Advisory_Fl,Amend_Supp_Fl,Active_School_Zone_Fl,Crash_Date,Crash_Time,Rpt_CRIS_Cnty_ID,Rpt_City_ID,Rpt_Outside_City_Limit_Fl,Thousand_Damage_Fl,Rpt_Latitude,Rpt_Longitude,Rpt_Rdwy_Sys_ID,Rpt_Hwy_Num,Rpt_Hwy_Sfx,Rpt_Road_Part_ID,Rpt_Block_Num,Rpt_Street_Pfx,Rpt_Street_Name,Rpt_Street_Sfx,Private_Dr_Fl,Toll_Road_Fl,Crash_Speed_Limit,Road_Constr_Zone_Fl,Road_Constr_Zone_Wrkr_Fl,Rpt_Street_Desc,At_Intrsct_Fl,Rpt_Sec_Rdwy_Sys_ID,Rpt_Sec_Hwy_Num,Rpt_Sec_Hwy_Sfx,Rpt_Sec_Road_Part_ID,Rpt_Sec_Block_Num,Rpt_Sec_Street_Pfx,Rpt_Sec_Street_Name,Rpt_Sec_Street_Sfx,Rpt_Ref_Mark_Offset_Amt,Rpt_Ref_Mark_Dist_Uom,Rpt_Ref_Mark_Dir,Rpt_Ref_Mark_Nbr,Rpt_Sec_Street_Desc,Rpt_CrossingNumber,Wthr_Cond_ID,Light_Cond_ID,Entr_Road_ID,Road_Type_ID,Road_Algn_ID,Surf_Cond_ID,Traffic_Cntl_ID,Investigat_Notify_Time,Investigat_Notify_Meth,Investigat_Arrv_Time,Report_Date,Investigat_Comp_Fl,Investigat_Agency_ID,Investigat_Area_ID,Investigat_District_ID,Investigat_Region_ID,Bridge_Detail_ID,Harm_Evnt_ID,Intrsct_Relat_ID,FHE_Collsn_ID,Obj_Struck_ID,Othr_Factr_ID,Road_Part_Adj_ID,Road_Cls_ID,Road_Relat_ID,Phys_Featr_1_ID,Phys_Featr_2_ID,Cnty_ID,City_ID,Latitude,Longitude,Hwy_Sys,Hwy_Nbr,Hwy_Sfx,Dfo,Street_Name,Street_Nbr,Control,Section,Milepoint,Ref_Mark_Nbr,Ref_Mark_Displ,Hwy_Sys_2,Hwy_Nbr_2,Hwy_Sfx_2,Street_Name_2,Street_Nbr_2,Control_2,Section_2,Milepoint_2,Txdot_Rptable_Fl,Onsys_Fl,Rural_Fl,Crash_Sev_ID,Pop_Group_ID,Located_Fl,Day_of_Week,Hwy_Dsgn_Lane_ID,Hwy_Dsgn_Hrt_ID,Hp_Shldr_Left,Hp_Shldr_Right,Hp_Median_Width,Base_Type_ID,Nbr_Of_Lane,Row_Width_Usual,Roadbed_Width,Surf_Width,Surf_Type_ID,Curb_Type_Left_ID,Curb_Type_Right_ID,Shldr_Type_Left_ID,Shldr_Width_Left,Shldr_Use_Left_ID,Shldr_Type_Right_ID,Shldr_Width_Right,Shldr_Use_Right_ID,Median_Type_ID,Median_Width,Rural_Urban_Type_ID,Func_Sys_ID,Adt_Curnt_Amt,Adt_Curnt_Year,Adt_Adj_Curnt_Amt,Pct_Single_Trk_Adt,Pct_Combo_Trk_Adt,Trk_Aadt_Pct,Curve_Type_ID,Curve_Lngth,Cd_Degr,Delta_Left_Right_ID,Dd_Degr,Feature_Crossed,Structure_Number,I_R_Min_Vert_Clear,Approach_Width,Bridge_Median_ID,Bridge_Loading_Type_ID,Bridge_Loading_In_1000_Lbs,Bridge_Srvc_Type_On_ID,Bridge_Srvc_Type_Under_ID,Culvert_Type_ID,Roadway_Width,Deck_Width,Bridge_Dir_Of_Traffic_ID,Bridge_Rte_Struct_Func_ID,Bridge_IR_Struct_Func_ID,CrossingNumber,RRCo,Poscrossing_ID,WDCode_ID,Standstop,Yield,Incap_Injry_Cnt.y,Nonincap_Injry_Cnt.y,Poss_Injry_Cnt.y,Non_Injry_Cnt.y,Unkn_Injry_Cnt.y,Tot_Injry_Cnt.y,Death_Cnt.y,MPO_ID,Unit_ID,Unit_Prsn_ID
13616595,AUS_13616595,30.26338,-97.74451,2,1,3,16,3,24,1,2,4,11,1,1,N,4,NA,NA,4,97,97,,,0,0,1,0,0,1,0,N,N,N,N,N,N,N,9/24/2013,9:23 AM,227,22,N,N,NA,NA,19,,,1,100,,BLK 1ST,ST,N,N,-1,N,N,,Y,19,,,1,,,W CESAR CHAVEZ ST,ST,NA,,,,,,11,1,0,NA,1,1,15,9:24 AM,DISPATCH,9:30 AM,9/24/2013,Y,74,36,67,282,8,5,2,2,64,54,1,5,1,21,21,227,22,30.26338,-97.74451,,,,NA,W 1ST ST,100,NA,NA,NA,NA,NA,,,,UNKNOWN,NA,NA,NA,NA,Y,N,N,3,9,Y,TUE,NA,NA,NA,NA,NA,NA,NA,NA,NA,NA,NA,NA,NA,NA,NA,NA,NA,NA,NA,NA,NA,NA,NA,NA,NA,NA,NA,NA,NA,NA,NA,NA,NA,NA,NA,NA,NA,NA,NA,NA,NA,NA,NA,NA,NA,NA,NA,NA,NA,,,NA,NA,NA,NA,0,0,1,1,0,1,0,90,136165952,1361659521
13616636,AUS_13616636,30.15243101,-97.82760595,2,1,3,16,2,9,1,1,4,11,1,97,N,4,NA,NA,4,97,97,,,0,1,0,0,0,1,0,N,N,N,N,N,N,N,12/26/2013,2:13 PM,227,22,N,N,NA,NA,19,,,1,11300,,JAMES HOLLER,,N,N,25,N,N,,N,19,,,NA,1300,,CHAPPEL,LN,NA,,,,,,11,1,0,NA,1,1,1,2:01 PM,DISPATCH,2:13 PM,12/26/2013,N,74,1042,99,130,8,5,4,1,64,3,1,5,1,21,21,227,22,30.15243101,-97.82760595,,,,NA,JAMES HALLER DR,11369,NA,NA,NA,NA,NA,,,,N/A,NA,NA,NA,NA,Y,N,N,2,9,Y,THU,NA,NA,NA,NA,NA,NA,NA,NA,NA,NA,NA,NA,NA,NA,NA,NA,NA,NA,NA,NA,NA,NA,NA,NA,NA,NA,NA,NA,NA,NA,NA,NA,NA,NA,NA,NA,NA,NA,NA,NA,NA,NA,NA,NA,NA,NA,NA,NA,NA,,,NA,NA,NA,NA,0,1,0,1,0,1,0,90,136166362,1361663621
13616722,AUS_13616722,30.35799462,-97.76286856,2,1,3,16,3,35,1,1,4,11,1,5,N,4,NA,NA,4,97,97,,,0,0,1,0,0,1,0,N,N,N,N,N,N,N,9/24/2013,7:46 PM,227,22,N,N,NA,NA,19,,,1,,,FARWEST BLVD,BLVD,N,N,35,N,N,,Y,19,,,1,,,EDGEFIELD DR,DR,NA,,,,,,11,4,2,NA,2,1,11,5:46 PM,DISPATCH,7:57 PM,9/24/2013,Y,74,1061,10,14,8,5,1,3,64,54,1,5,1,21,21,227,22,30.35799462,-97.76286856,,,,NA,FAR WEST BLVD,3979,NA,NA,NA,NA,NA,,,,UNKNOWN,NA,NA,NA,NA,Y,N,N,3,9,Y,TUE,NA,NA,NA,NA,NA,NA,NA,NA,NA,NA,NA,NA,NA,NA,NA,NA,NA,NA,NA,NA,NA,NA,NA,NA,NA,NA,NA,NA,NA,NA,NA,NA,NA,NA,NA,NA,NA,NA,NA,NA,NA,NA,NA,NA,NA,NA,NA,NA,NA,,,NA,NA,NA,NA,0,0,1,1,0,1,0,90,136167222,1361672221
13622181,AUS_13622181,30.28771182,-97.74189645,2,1,3,16,2,22,1,1,4,11,1,4,N,4,NA,NA,4,97,97,,,0,1,0,0,0,1,0,N,N,N,N,N,N,N,9/25/2013,7:57 AM,227,22,N,Y,NA,NA,19,,,1,400,,BLK W 24TH,,N,N,30,N,N,24TH / SAN ANTONIO,N,19,,,NA,,,GUADALUPE,,NA,,,,,,11,1,3,NA,1,1,11,7:57 AM,DISPATCH,8:01 AM,9/25/2013,Y,74,1061,10,14,8,5,4,1,64,21,1,5,1,21,21,227,22,30.28771182,-97.74189645,,,,NA,W 24TH ST,431,NA,NA,NA,NA,NA,,,,N/A,NA,NA,NA,NA,Y,N,N,2,9,Y,WED,NA,NA,NA,NA,NA,NA,NA,NA,NA,NA,NA,NA,NA,NA,NA,NA,NA,NA,NA,NA,NA,NA,NA,NA,NA,NA,NA,NA,NA,NA,NA,NA,NA,NA,NA,NA,NA,NA,NA,NA,NA,NA,NA,NA,NA,NA,NA,NA,NA,,,NA,NA,NA,NA,0,1,0,1,0,1,0,90,136221812,1362218121
13622185,AUS_13622185,30.28208,-97.74319,2,1,3,16,3,27,1,1,4,11,1,97,N,4,NA,NA,4,97,97,,,0,0,1,0,0,1,0,N,N,N,N,N,N,N,9/25/2013,3:01 PM,227,22,N,Y,NA,NA,19,,,1,,,SAN ANTONIO ST,ST,N,N,-1,N,N,,Y,19,,,1,,W,MLK JR BLVD,BLVD,NA,,,,,,11,1,3,NA,1,1,1,3:01 PM,DISPATCH,3:10 PM,9/25/2013,Y,74,1061,10,14,8,5,1,3,64,3,1,5,1,21,21,227,22,30.28208,-97.74319,,,,NA,SAN ANTONIO ST,1901,NA,NA,NA,NA,NA,,,,UNKNOWN,NA,NA,NA,NA,Y,N,N,3,9,Y,WED,NA,NA,NA,NA,NA,NA,NA,NA,NA,NA,NA,NA,NA,NA,NA,NA,NA,NA,NA,NA,NA,NA,NA,NA,NA,NA,NA,NA,NA,NA,NA,NA,NA,NA,NA,NA,NA,NA,NA,NA,NA,NA,NA,NA,NA,NA,NA,NA,NA,,,NA,NA,NA,NA,0,0,1,2,0,1,0,90,136221852,1362218521
13629221,AUS_13629221,30.25711,-97.72462,2,1,3,16,2,28,1,1,4,11,1,4,N,4,NA,NA,4,97,97,,,0,1,0,0,0,1,0,N,N,N,N,N,N,N,9/27/2013,11:13 PM,227,22,N,N,NA,NA,19,,,1,,E,CESAR CHAVEZ,RD,N,N,-1,N,N,,Y,19,,,1,,,CHICON,ST,NA,,,,,,11,4,4,NA,3,1,5,11:13 PM,DISPATCH,11:17 PM,9/27/2013,Y,74,NA,34,48,8,5,1,2,64,54,1,5,1,21,21,227,22,30.25711,-97.72462,,,,NA,E CESAR CHAVEZ ST,1898,NA,NA,NA,NA,NA,,,,CHICON ST,NA,NA,NA,NA,Y,N,N,2,9,Y,FRI,NA,NA,NA,NA,NA,NA,NA,NA,NA,NA,NA,NA,NA,NA,NA,NA,NA,NA,NA,NA,NA,NA,NA,NA,NA,NA,NA,NA,NA,NA,NA,NA,NA,NA,NA,NA,NA,NA,NA,NA,NA,NA,NA,NA,NA,NA,NA,NA,NA,,,NA,NA,NA,NA,0,1,0,0,1,1,0,90,136292212,1362922121
13637407,AUS_13637407,30.26659,-97.71145,2,1,3,16,2,12,2,1,4,11,1,4,N,4,NA,NA,4,97,97,,,0,1,0,0,0,1,0,N,N,N,N,N,N,N,9/29/2013,6:18 PM,227,22,N,N,NA,NA,19,,,1,903,,WALTER ST,ST,N,N,-1,N,N,,Y,19,,,1,,,NILE ST,ST,NA,,,,,,11,1,2,NA,1,1,8,6:18 PM,DISPATCH,6:19 PM,9/29/2013,Y,74,NA,34,48,8,5,1,1,64,28,1,5,1,21,21,227,22,30.26659,-97.71145,,,,NA,WALTER ST,903,NA,NA,NA,NA,NA,,,,UNKNOWN,NA,NA,NA,NA,Y,N,N,2,9,Y,SUN,NA,NA,NA,NA,NA,NA,NA,NA,NA,NA,NA,NA,NA,NA,NA,NA,NA,NA,NA,NA,NA,NA,NA,NA,NA,NA,NA,NA,NA,NA,NA,NA,NA,NA,NA,NA,NA,NA,NA,NA,NA,NA,NA,NA,NA,NA,NA,NA,NA,,,NA,NA,NA,NA,0,1,0,1,0,1,0,90,136374072,1363740721
13637411,AUS_13637411,30.25261139,-97.75368516,3,1,3,16,3,NA,1,1,4,11,1,3,N,4,NA,NA,4,97,97,,,0,0,1,0,0,1,0,N,N,N,N,N,N,N,9/29/2013,9:28 PM,227,22,N,N,NA,NA,19,,,1,1100,NW,1100 S 1ST STREET,ST,N,N,35,N,N,1100 S. 1ST STREET,Y,19,,,1,,NW,1100 S 1ST STREET,ST,NA,,,,,,11,4,98,NA,1,1,11,9:28 PM,DISPATCH,9:33 PM,9/29/2013,N,74,1043,93,112,8,5,2,1,64,54,1,5,1,21,21,227,22,30.25261139,-97.75368516,,,,NA,S 1ST ST,1184,NA,NA,NA,NA,NA,,,,UNKNOWN,NA,NA,NA,NA,Y,N,N,3,9,Y,SUN,NA,NA,NA,NA,NA,NA,NA,NA,NA,NA,NA,NA,NA,NA,NA,NA,NA,NA,NA,NA,NA,NA,NA,NA,NA,NA,NA,NA,NA,NA,NA,NA,NA,NA,NA,NA,NA,NA,NA,NA,NA,NA,NA,NA,NA,NA,NA,NA,NA,,,NA,NA,NA,NA,0,0,2,0,1,2,0,90,136374113,1363741131
13637411,AUS_13637411,30.25261139,-97.75368516,2,1,3,16,3,22,1,2,4,11,1,3,N,4,NA,NA,4,97,97,,,0,0,1,0,0,1,0,N,N,N,N,N,N,N,9/29/2013,9:28 PM,227,22,N,N,NA,NA,19,,,1,1100,NW,1100 S 1ST STREET,ST,N,N,35,N,N,1100 S. 1ST STREET,Y,19,,,1,,NW,1100 S 1ST STREET,ST,NA,,,,,,11,4,98,NA,1,1,11,9:28 PM,DISPATCH,9:33 PM,9/29/2013,N,74,1043,93,112,8,5,2,1,64,54,1,5,1,21,21,227,22,30.25261139,-97.75368516,,,,NA,S 1ST ST,1184,NA,NA,NA,NA,NA,,,,UNKNOWN,NA,NA,NA,NA,Y,N,N,3,9,Y,SUN,NA,NA,NA,NA,NA,NA,NA,NA,NA,NA,NA,NA,NA,NA,NA,NA,NA,NA,NA,NA,NA,NA,NA,NA,NA,NA,NA,NA,NA,NA,NA,NA,NA,NA,NA,NA,NA,NA,NA,NA,NA,NA,NA,NA,NA,NA,NA,NA,NA,,,NA,NA,NA,NA,0,0,2,0,1,2,0,90,136374112,1363741121
13637600,AUS_13637600,30.18636686,-97.75893373,2,1,3,16,2,30,1,1,4,11,1,97,N,4,NA,NA,4,97,97,,,0,1,0,0,0,1,0,N,N,N,N,N,N,N,12/1/2013,12:06 PM,227,22,N,N,NA,NA,19,,,1,2302,E,WILLIAM CANNON,DR,N,N,35,N,N,,N,19,,,NA,6500,,STONLEIGH,PL,NA,,,,,,11,1,2,NA,1,1,5,12:06 PM,DISPATCH,12:06 PM,12/1/2013,Y,74,1042,99,130,8,5,2,3,64,54,1,5,1,21,21,227,22,30.18636686,-97.75893373,,,,NA,E WILLIAM CANNON DR,,NA,NA,NA,NA,NA,,,,STONLEIGH PL,NA,NA,NA,NA,Y,N,N,2,9,Y,SUN,NA,NA,NA,NA,NA,NA,NA,NA,NA,NA,NA,NA,NA,NA,NA,NA,NA,NA,NA,NA,NA,NA,NA,NA,NA,NA,NA,NA,NA,NA,NA,NA,NA,NA,NA,NA,NA,NA,NA,NA,NA,NA,NA,NA,NA,NA,NA,NA,NA,,,NA,NA,NA,NA,0,1,0,1,0,1,0,90,136376002,1363760021
13639266,AUS_13639266,30.26769,-97.74148,2,1,3,16,2,NA,1,2,4,11,1,4,N,4,NA,NA,4,97,97,,,0,1,0,0,0,1,0,N,N,N,N,N,N,N,10/18/2013,4:50 PM,227,22,N,N,NA,NA,19,,,1,,E,6TH ST,ST,N,N,-1,N,N,,Y,19,,,1,,,BRAZOS ST,,NA,,,,,,11,1,98,NA,1,1,20,4:53 PM,DISPATCH,4:56 PM,10/18/2013,Y,74,36,67,282,8,5,1,1,64,54,1,5,1,21,21,227,22,30.26769,-97.74148,,,,NA,E 6TH ST,200,NA,NA,NA,NA,NA,,,,BRAZOS ST,NA,NA,NA,NA,Y,N,N,2,9,Y,FRI,NA,NA,NA,NA,NA,NA,NA,NA,NA,NA,NA,NA,NA,NA,NA,NA,NA,NA,NA,NA,NA,NA,NA,NA,NA,NA,NA,NA,NA,NA,NA,NA,NA,NA,NA,NA,NA,NA,NA,NA,NA,NA,NA,NA,NA,NA,NA,NA,NA,,,NA,NA,NA,NA,0,1,0,1,0,1,0,90,136392662,1363926621
13639763,AUS_13639763,30.24516,-97.75133,2,1,3,16,3,39,1,1,4,11,1,2,N,4,NA,NA,4,97,97,,,0,0,1,0,0,1,0,N,N,N,N,N,N,N,10/18/2013,3:08 PM,227,22,N,N,NA,NA,19,,,1,1900,S,CONGRESS AVE,AVE,N,N,35,N,N,,Y,19,,,1,100,E,MARY ST,ST,NA,,,,,,12,1,98,NA,7,1,5,3:10 PM,DISPATCH,3:17 PM,10/18/2013,Y,74,1043,93,112,8,5,1,2,64,54,1,5,1,21,21,227,22,30.24516,-97.75133,,,,NA,S CONGRESS AVE,1900,NA,NA,NA,NA,NA,,,,UNKNOWN,NA,NA,NA,NA,Y,N,N,3,9,Y,FRI,NA,NA,NA,NA,NA,NA,NA,NA,NA,NA,NA,NA,NA,NA,NA,NA,NA,NA,NA,NA,NA,NA,NA,NA,NA,NA,NA,NA,NA,NA,NA,NA,NA,NA,NA,NA,NA,NA,NA,NA,NA,NA,NA,NA,NA,NA,NA,NA,NA,,,NA,NA,NA,NA,0,0,1,1,0,1,0,90,136397632,1363976321
13652484,AUS_13652484,30.44017408,-97.69783037,2,1,3,16,3,35,2,1,4,11,1,97,N,4,NA,NA,4,97,97,,,0,0,1,0,0,1,0,N,N,N,N,N,N,N,10/23/2013,8:52 AM,227,22,N,N,NA,NA,19,,,1,13800,,BURNET,RD,N,N,45,N,N,,N,19,,,NA,,,WELLS BRANCH,PKWY,NA,,,,,,11,1,0,NA,1,1,5,8:53 AM,DISPATCH,8:59 AM,10/23/2013,Y,74,NA,46,64,8,5,2,1,64,54,1,2,1,21,21,227,22,30.44017408,-97.69783037,,,,NA,BURNET RD,,NA,NA,NA,NA,NA,,,,WELLS BRANCH PKY W,NA,NA,NA,NA,Y,N,N,3,9,Y,WED,NA,NA,NA,NA,NA,NA,NA,NA,NA,NA,NA,NA,NA,NA,NA,NA,NA,NA,NA,NA,NA,NA,NA,NA,NA,NA,NA,NA,NA,NA,NA,NA,NA,NA,NA,NA,NA,NA,NA,NA,NA,NA,NA,NA,NA,NA,NA,NA,NA,,,NA,NA,NA,NA,0,0,1,1,0,1,0,90,136524842,1365248421
13652495,AUS_13652495,30.32764712,-97.81113604,2,1,3,16,1,45,1,1,4,11,1,1,N,4,NA,NA,4,97,97,,,1,0,0,0,0,1,0,N,N,N,N,N,N,N,10/23/2013,6:03 PM,227,22,N,N,NA,NA,11,360,I,1,,,NOT REPORTED,HWY,N,N,55,N,N,N NB,Y,19,,,1,,,WAYMAKER,WAY,NA,,,,,,11,1,4,2,2,1,20,6:03 PM,DISPATCH,6:10 PM,10/23/2013,Y,74,1061,10,14,8,5,1,3,64,54,1,2,1,21,21,227,22,30.32764712,-97.81113604,SL,360,,6.323,SL0360,,113,13,17.442,438,0.394,,,,WAYMAKER WAY,NA,NA,NA,NA,Y,Y,N,1,9,Y,WED,3,0,4,10,68,2,4,350,76,48,4,0,0,2,8,5,2,20,5,3,60,4,14,45000,2012,45000,2.9,0.4,3.3,NA,NA,NA,NA,NA,NA,NA,NA,NA,NA,NA,NA,NA,NA,NA,NA,NA,NA,NA,NA,,,NA,NA,NA,NA,1,0,0,1,0,1,0,90,136524952,1365249521
13656539,AUS_13656539,30.27118973,-97.75307284,2,1,3,16,2,34,2,1,4,11,1,4,N,4,NA,NA,4,97,97,,,0,1,0,0,0,1,0,N,N,N,N,N,N,N,11/10/2013,2:35 AM,227,22,N,N,NA,NA,19,,,1,900,W,6TH,ST,N,N,35,N,N,,N,19,,,1,600,,HENDERSON,ST,NA,,,,,,11,4,0,NA,1,1,20,2:35 AM,DISPATCHED,2:55 AM,11/10/2013,Y,74,NA,115,144,8,5,2,1,64,3,1,5,1,21,21,227,22,30.27118973,-97.75307284,,,,NA,W 6TH ST,902,NA,NA,NA,NA,NA,,,,HENDERSON ST,NA,NA,NA,NA,Y,N,N,2,9,Y,SUN,NA,NA,NA,NA,NA,NA,NA,NA,NA,NA,NA,NA,NA,NA,NA,NA,NA,NA,NA,NA,NA,NA,NA,NA,NA,NA,NA,NA,NA,NA,NA,NA,NA,NA,NA,NA,NA,NA,NA,NA,NA,NA,NA,NA,NA,NA,NA,NA,NA,,,NA,NA,NA,NA,0,1,0,0,1,1,0,90,136565392,1365653921
13657696,AUS_13657696,30.29891,-97.7406,2,1,3,16,2,21,1,2,4,11,1,5,N,4,NA,NA,4,97,97,,,0,1,0,0,0,1,0,N,N,N,N,N,N,N,11/23/2013,1:13 PM,227,22,N,N,NA,NA,19,,,1,,W,32ND,ST,N,N,25,N,N,,Y,19,,,NA,,,GUADALUPE,ST,NA,,,,,,12,1,4,NA,1,1,8,1:13 PM,DISPATCHED,1:16 PM,11/23/2013,Y,74,17,120,14,8,5,1,1,64,3,1,5,1,21,21,227,22,30.29891,-97.7406,,,,NA,W 32ND ST,598,NA,NA,NA,NA,NA,,,,GUADALUPE ST,NA,NA,NA,NA,Y,N,N,2,9,Y,SAT,NA,NA,NA,NA,NA,NA,NA,NA,NA,NA,NA,NA,NA,NA,NA,NA,NA,NA,NA,NA,NA,NA,NA,NA,NA,NA,NA,NA,NA,NA,NA,NA,NA,NA,NA,NA,NA,NA,NA,NA,NA,NA,NA,NA,NA,NA,NA,NA,NA,,,NA,NA,NA,NA,0,1,0,3,0,1,0,90,136576962,1365769621
13658011,AUS_13658011,30.43263,-97.65302,2,1,3,16,2,18,2,1,4,11,1,4,N,4,NA,NA,4,97,97,,,0,1,0,0,0,1,0,N,N,N,N,N,N,N,10/25/2013,10:29 PM,227,22,N,N,NA,NA,19,,,1,,,WELLS BRANCH,PKWY,N,N,45,N,N,,Y,19,,,NA,,,HEATHERWILDE,BLVD,NA,,,,,,11,4,4,NA,1,1,5,10:50 PM,DISPATCH,10:56 PM,10/26/2013,Y,74,NA,114,143,8,5,2,1,64,3,1,5,1,21,21,227,22,30.43263,-97.65302,,,,NA,E WELLS BRANCH PKY,,NA,NA,NA,NA,NA,,,,UNKNOWN,NA,NA,NA,NA,Y,N,N,2,9,Y,FRI,NA,NA,NA,NA,NA,NA,NA,NA,NA,NA,NA,NA,NA,NA,NA,NA,NA,NA,NA,NA,NA,NA,NA,NA,NA,NA,NA,NA,NA,NA,NA,NA,NA,NA,NA,NA,NA,NA,NA,NA,NA,NA,NA,NA,NA,NA,NA,NA,NA,,,NA,NA,NA,NA,0,1,0,3,0,1,0,90,136580112,1365801121
13658023,AUS_13658023,30.30393,-97.71777,2,1,3,16,2,20,4,2,4,11,1,4,N,4,NA,NA,4,97,97,,,0,1,0,0,0,1,0,N,N,N,N,N,N,N,10/22/2013,10:45 AM,227,22,N,N,NA,NA,19,,,1,,,BENNETT,AVE,N,N,35,N,N,,Y,19,,,NA,,E,45TH,ST,NA,,,,,,11,1,4,NA,1,1,8,10:45 AM,RADIO,10:48 AM,10/22/2013,Y,74,NA,NA,125,8,5,1,1,64,54,1,5,1,21,21,227,22,30.30393,-97.71777,,,,NA,BENNETT AVE,4499,NA,NA,NA,NA,NA,,,,E 45TH ST,NA,NA,NA,NA,Y,N,N,2,9,Y,TUE,NA,NA,NA,NA,NA,NA,NA,NA,NA,NA,NA,NA,NA,NA,NA,NA,NA,NA,NA,NA,NA,NA,NA,NA,NA,NA,NA,NA,NA,NA,NA,NA,NA,NA,NA,NA,NA,NA,NA,NA,NA,NA,NA,NA,NA,NA,NA,NA,NA,,,NA,NA,NA,NA,0,1,0,1,0,1,0,90,136580232,1365802321
13658052,AUS_13658052,30.28177634,-97.70878267,1,1,3,16,1,25,1,2,4,11,1,4,Y,4,NA,NA,4,97,97,,,1,0,0,0,0,1,0,N,N,N,N,N,N,N,11/7/2013,5:45 PM,227,22,N,N,NA,NA,19,,,1,2900,E,MLK,BLVD,N,N,35,N,N,,N,19,,,NA,2900,E,MLK,BLVD,NA,,,,,,11,1,0,NA,2,1,11,5:45 PM,CALL,5:48 PM,11/7/2013,Y,74,NA,34,48,8,5,4,1,64,54,1,5,1,21,21,227,22,30.28177634,-97.70878267,,,,NA,E MARTIN LUTHER KING JR BLVD,2904,NA,NA,NA,NA,NA,,,,N/A,NA,NA,NA,NA,Y,N,N,1,9,Y,THU,NA,NA,NA,NA,NA,NA,NA,NA,NA,NA,NA,NA,NA,NA,NA,NA,NA,NA,NA,NA,NA,NA,NA,NA,NA,NA,NA,NA,NA,NA,NA,NA,NA,NA,NA,NA,NA,NA,NA,NA,NA,NA,NA,NA,NA,NA,NA,NA,NA,,,NA,NA,NA,NA,1,0,0,1,0,1,0,90,136580521,1365805211
13658088,AUS_13658088,30.42022083,-97.70397439,2,1,3,16,2,27,1,2,4,11,1,4,N,4,NA,NA,4,97,97,,,0,1,0,0,0,1,0,N,N,N,N,N,N,N,11/15/2013,5:33 PM,227,22,N,N,NA,NA,19,,,1,,W,PERMER,LN,N,N,55,N,N,,N,19,,,NA,,,12500 N MOPAC,EXPY,NA,,,,,,11,4,0,2,2,1,1,5:33 PM,DISPATCHED,5:54 PM,11/15/2013,Y,74,NA,46,64,8,5,3,1,64,14,1,3,1,32,21,227,22,30.42022083,-97.70397439,FM,734,,9.849,FM0734,,3417,2,9.932,424,-0.145,,,,N/A,NA,NA,NA,NA,Y,Y,N,2,9,Y,FRI,3,0,10,10,41,2,4,200,94,48,4,0,0,2,14,5,2,20,5,3,27,4,14,38000,2012,38000,1.7,1.5,3.2,1,276,0,2,10,NA,NA,NA,NA,NA,NA,NA,NA,NA,NA,NA,NA,NA,NA,NA,,,NA,NA,NA,NA,0,1,0,1,0,1,0,90,136580882,1365808821
13658144,AUS_13658144,30.30198,-97.73866,2,1,3,16,2,29,1,2,4,11,1,4,N,4,NA,NA,4,97,97,,,0,1,0,0,0,1,0,N,N,N,N,N,N,N,11/1/2013,3:15 PM,227,22,N,N,NA,NA,19,,,1,,,GUADALUPE,ST,N,N,0,N,N,,Y,19,,,NA,,,WEST 37TH,ST,NA,,,,,,11,1,4,NA,1,1,20,3:15 PM,DISPATCHED,3:22 PM,11/1/2013,Y,74,17,120,14,8,5,1,3,64,54,1,5,1,21,21,227,22,30.30198,-97.73866,,,,NA,GUADALUPE ST,3701,NA,NA,NA,NA,NA,,,,W 37TH ST,NA,NA,NA,NA,Y,N,N,2,9,Y,FRI,NA,NA,NA,NA,NA,NA,NA,NA,NA,NA,NA,NA,NA,NA,NA,NA,NA,NA,NA,NA,NA,NA,NA,NA,NA,NA,NA,NA,NA,NA,NA,NA,NA,NA,NA,NA,NA,NA,NA,NA,NA,NA,NA,NA,NA,NA,NA,NA,NA,,,NA,NA,NA,NA,0,1,0,2,0,1,0,90,136581442,1365814421
13658226,AUS_13658226,30.22102546,-97.76040572,2,1,3,16,3,31,1,1,4,11,1,97,N,4,NA,NA,4,97,97,,,0,0,1,0,0,1,0,N,N,N,N,N,N,N,10/24/2013,1:33 PM,227,22,N,N,NA,NA,2,290,E,2,500,,NOT REPORTED,BLVD,N,N,40,N,N,,N,19,,,NA,,S,CONGRESS AVE,AVE,NA,,,,,,11,1,0,2,1,1,17,1:33 PM,ON SIGHT,1:33 PM,10/24/2013,Y,74,1043,93,112,8,5,3,1,64,14,2,2,2,32,21,227,22,30.22102546,-97.76040572,US,290,,116.558,US0290,,113,13,2.723,578,-0.473,,,,N/A,NA,NA,NA,NA,Y,Y,N,3,9,Y,THU,5,0,10,10,62,9,6,380,112,72,5,0,2,2,20,5,2,20,5,3,42,4,12,131990,2012,131990,1.9,2.6,4.5,1,171,1,1,9,NA,NA,NA,NA,NA,NA,NA,NA,NA,NA,NA,NA,NA,NA,NA,,,NA,NA,NA,NA,0,0,1,1,0,1,0,90,136582262,1365822621