CrashID,CrashID1,Latitude,Longitude,Unit_Nbr,Prsn_Nbr,Prsn_Type_ID,Prsn_Occpnt_Pos_ID,Prsn_Injry_Sev_ID,Prsn_Age,Prsn_Ethnicity_ID,Prsn_Gndr_ID,Prsn_Ejct_ID,Prsn_Rest_ID,Prsn_Airbag_ID,Prsn_Helmet_ID,Prsn_Sol_Fl,Prsn_Alc_Spec_Type_ID,Prsn_Alc_Rslt_ID,Prsn_Bac_Test_Rslt,Prsn_Drg_Spec_Type_ID,Prsn_Drg_Rslt_ID,Drvr_Drg_Cat_1_ID,Prsn_Death_Date,Prsn_Death_Time,Incap_Injry_Cnt.x,Nonincap_Injry_Cnt.x,Poss_Injry_Cnt.x,Non_Injry_Cnt.x,Unkn_Injry_Cnt.x,Tot_Injry_Cnt.x,Death_Cnt.x,Crash_Fatal_Fl,Cmv_Involv_Fl,Schl_Bus_Fl,Rr_Relat_Fl,Medical_Advisory_Fl,Amend_Supp_Fl,Active_School_Zone_Fl,Crash_Date,Crash_Time,Rpt_CRIS_Cnty_ID,Rpt_City_ID,Rpt_Outside_City_Limit_Fl,Thousand_Damage_Fl,Rpt_Latitude,Rpt_Longitude,Rpt_Rdwy_Sys_ID,Rpt_Hwy_Num,Rpt_Hwy_Sfx,Rpt_Road_Part_ID,Rpt_Block_Num,Rpt_Street_Pfx,Rpt_Street_Name,Rpt_Street_Sfx,Private_Dr_Fl,Toll_Road_Fl,Crash_Speed_Limit,Road_Constr_Zone_Fl,Road_Constr_Zone_Wrkr_Fl,Rpt_Street_Desc,At_Intrsct_Fl,Rpt_Sec_Rdwy_Sys_ID,Rpt_Sec_Hwy_Num,Rpt_Sec_Hwy_Sfx,Rpt_Sec_Road_Part_ID,Rpt_Sec_Block_Num,Rpt_Sec_Street_Pfx,Rpt_Sec_Street_Name,Rpt_Sec_Street_Sfx,Rpt_Ref_Mark_Offset_Amt,Rpt_Ref_Mark_Dist_Uom,Rpt_Ref_Mark_Dir,Rpt_Ref_Mark_Nbr,Rpt_Sec_Street_Desc,Rpt_CrossingNumber,Wthr_Cond_ID,Light_Cond_ID,Entr_Road_ID,Road_Type_ID,Road_Algn_ID,Surf_Cond_ID,Traffic_Cntl_ID,Investigat_Notify_Time,Investigat_Notify_Meth,Investigat_Arrv_Time,Report_Date,Investigat_Comp_Fl,Investigat_Agency_ID,Investigat_Area_ID,Investigat_District_ID,Investigat_Region_ID,Bridge_Detail_ID,Harm_Evnt_ID,Intrsct_Relat_ID,FHE_Collsn_ID,Obj_Struck_ID,Othr_Factr_ID,Road_Part_Adj_ID,Road_Cls_ID,Road_Relat_ID,Phys_Featr_1_ID,Phys_Featr_2_ID,Cnty_ID,City_ID,Latitude,Longitude,Hwy_Sys,Hwy_Nbr,Hwy_Sfx,Dfo,Street_Name,Street_Nbr,Control,Section,Milepoint,Ref_Mark_Nbr,Ref_Mark_Displ,Hwy_Sys_2,Hwy_Nbr_2,Hwy_Sfx_2,Street_Name_2,Street_Nbr_2,Control_2,Section_2,Milepoint_2,Txdot_Rptable_Fl,Onsys_Fl,Rural_Fl,Crash_Sev_ID,Pop_Group_ID,Located_Fl,Day_of_Week,Hwy_Dsgn_Lane_ID,Hwy_Dsgn_Hrt_ID,Hp_Shldr_Left,Hp_Shldr_Right,Hp_Median_Width,Base_Type_ID,Nbr_Of_Lane,Row_Width_Usual,Roadbed_Width,Surf_Width,Surf_Type_ID,Curb_Type_Left_ID,Curb_Type_Right_ID,Shldr_Type_Left_ID,Shldr_Width_Left,Shldr_Use_Left_ID,Shldr_Type_Right_ID,Shldr_Width_Right,Shldr_Use_Right_ID,Median_Type_ID,Median_Width,Rural_Urban_Type_ID,Func_Sys_ID,Adt_Curnt_Amt,Adt_Curnt_Year,Adt_Adj_Curnt_Amt,Pct_Single_Trk_Adt,Pct_Combo_Trk_Adt,Trk_Aadt_Pct,Curve_Type_ID,Curve_Lngth,Cd_Degr,Delta_Left_Right_ID,Dd_Degr,Feature_Crossed,Structure_Number,I_R_Min_Vert_Clear,Approach_Width,Bridge_Median_ID,Bridge_Loading_Type_ID,Bridge_Loading_In_1000_Lbs,Bridge_Srvc_Type_On_ID,Bridge_Srvc_Type_Under_ID,Culvert_Type_ID,Roadway_Width,Deck_Width,Bridge_Dir_Of_Traffic_ID,Bridge_Rte_Struct_Func_ID,Bridge_IR_Struct_Func_ID,CrossingNumber,RRCo,Poscrossing_ID,WDCode_ID,Standstop,Yield,Incap_Injry_Cnt.y,Nonincap_Injry_Cnt.y,Poss_Injry_Cnt.y,Non_Injry_Cnt.y,Unkn_Injry_Cnt.y,Tot_Injry_Cnt.y,Death_Cnt.y,MPO_ID,Unit_ID,Unit_Prsn_ID
13663179,AUS_13663179,30.28979,-97.74141,2,1,3,16,3,20,2,2,4,11,1,4,N,4,NA,NA,4,97,97,,,0,0,1,0,0,1,0,N,N,N,N,N,N,N,10/21/2013,4:33 PM,227,22,N,N,NA,NA,19,,,1,7600,,GUADALUPE,ST,N,N,45,N,N,,Y,19,,,NA,,,26TH,ST,NA,,,,,,11,1,2,NA,1,1,5,4:33 PM,DISPATCH,4:35 PM,10/21/2013,Y,74,22,219,292,8,5,1,3,64,54,1,5,1,21,21,227,22,30.28979,-97.74141,,,,NA,GUADALUPE ST,2525,NA,NA,NA,NA,NA,,,,W 26TH ST,NA,NA,NA,NA,Y,N,N,3,9,Y,MON,NA,NA,NA,NA,NA,NA,NA,NA,NA,NA,NA,NA,NA,NA,NA,NA,NA,NA,NA,NA,NA,NA,NA,NA,NA,NA,NA,NA,NA,NA,NA,NA,NA,NA,NA,NA,NA,NA,NA,NA,NA,NA,NA,NA,NA,NA,NA,NA,NA,,,NA,NA,NA,NA,0,0,1,1,0,1,0,90,136631792,1366317921
13707091,AUS_13707091,30.29273411,-97.7258813,2,1,3,16,2,29,3,1,4,11,1,5,N,4,NA,NA,4,97,97,,,0,1,0,0,0,1,0,N,N,N,N,N,N,N,11/27/2013,6:55 PM,227,22,N,N,NA,NA,19,,,1,3300,,RED RIVER,ST,N,N,-1,N,N,,N,19,,,NA,,,DUNCAN LN,LN,NA,,,,,,11,4,2,NA,1,1,1,6:56 PM,DISPATCH,6:56 PM,11/27/2013,Y,74,1061,10,14,8,5,4,1,64,54,1,5,1,21,21,227,22,30.29273411,-97.7258813,,,,NA,RED RIVER ST,3402,NA,NA,NA,NA,NA,,,,N/A,NA,NA,NA,NA,Y,N,N,2,9,Y,WED,NA,NA,NA,NA,NA,NA,NA,NA,NA,NA,NA,NA,NA,NA,NA,NA,NA,NA,NA,NA,NA,NA,NA,NA,NA,NA,NA,NA,NA,NA,NA,NA,NA,NA,NA,NA,NA,NA,NA,NA,NA,NA,NA,NA,NA,NA,NA,NA,NA,,,NA,NA,NA,NA,0,1,0,1,0,1,0,90,137070912,1370709121
13717580,AUS_13717580,30.26971497,-97.69292479,2,1,3,16,3,35,3,1,4,11,1,4,N,4,NA,NA,4,97,97,,,0,0,1,0,0,1,0,N,N,N,N,N,N,N,10/27/2013,7:14 PM,227,22,N,N,NA,NA,19,,,1,3700,,MUNSON,,N,N,35,N,N,,N,19,,,NA,,,SPRINGDALE,RD,NA,,,,,,11,5,0,NA,1,1,8,7:14 PM,DISPATCHED,7:18 PM,10/27/2013,Y,74,NA,34,48,8,5,2,1,64,54,1,5,1,21,21,227,22,30.26971497,-97.69292479,,,,NA,MUNSON ST,3797,NA,NA,NA,NA,NA,,,,SPRINGDALE RD,NA,NA,NA,NA,Y,N,N,3,9,Y,SUN,NA,NA,NA,NA,NA,NA,NA,NA,NA,NA,NA,NA,NA,NA,NA,NA,NA,NA,NA,NA,NA,NA,NA,NA,NA,NA,NA,NA,NA,NA,NA,NA,NA,NA,NA,NA,NA,NA,NA,NA,NA,NA,NA,NA,NA,NA,NA,NA,NA,,,NA,NA,NA,NA,0,0,1,4,0,1,0,90,137175802,1371758021
13717926,AUS_13717926,30.37118,-97.70945,2,1,3,16,2,21,2,1,4,11,1,4,N,4,NA,NA,4,97,97,,,0,1,0,0,0,1,0,N,N,N,N,N,N,N,12/23/2013,3:04 PM,227,22,N,N,NA,NA,19,,,1,,,MOUNTAIN QUAIL,RD,N,N,40,N,N,,N,19,,,NA,,,RUTLAND,DR,NA,,,,,,11,1,4,NA,1,1,8,3:04 PM,DISPATCH,3:20 PM,12/23/2013,N,74,NA,114,143,8,5,2,1,64,54,1,5,1,21,21,227,22,30.37118,-97.70945,,,,NA,MOUNTAIN QUAIL RD,9501,NA,NA,NA,NA,NA,,,,RUTLAND DR,NA,NA,NA,NA,Y,N,N,2,9,Y,MON,NA,NA,NA,NA,NA,NA,NA,NA,NA,NA,NA,NA,NA,NA,NA,NA,NA,NA,NA,NA,NA,NA,NA,NA,NA,NA,NA,NA,NA,NA,NA,NA,NA,NA,NA,NA,NA,NA,NA,NA,NA,NA,NA,NA,NA,NA,NA,NA,NA,,,NA,NA,NA,NA,0,1,0,0,2,1,0,90,137179262,1371792621
13722716,AUS_13722716,30.26467,-97.74553,2,1,3,16,2,36,1,2,4,11,1,4,N,4,NA,NA,4,97,97,,,0,1,0,0,0,1,0,N,N,N,N,N,N,N,12/16/2013,1:27 PM,227,22,N,N,NA,NA,19,,,1,200,W,2ND,ST,N,N,30,N,N,,N,19,,,NA,200,,LAUACA,ST,NA,,,,,,11,1,0,NA,1,1,1,1:27 PM,FLAG DOWN,1:27 PM,12/16/2013,N,74,NA,NA,126,8,5,4,4,64,54,1,5,1,12,21,227,22,30.26467,-97.74553,,,,NA,W 2ND ST,200,NA,NA,NA,NA,NA,,,,N/A,NA,NA,NA,NA,Y,N,N,2,9,Y,MON,NA,NA,NA,NA,NA,NA,NA,NA,NA,NA,NA,NA,NA,NA,NA,NA,NA,NA,NA,NA,NA,NA,NA,NA,NA,NA,NA,NA,NA,NA,NA,NA,NA,NA,NA,NA,NA,NA,NA,NA,NA,NA,NA,NA,NA,NA,NA,NA,NA,,,NA,NA,NA,NA,0,1,0,0,1,1,0,90,137227162,1372271621
13729846,AUS_13729846,30.35050026,-97.67137077,2,1,3,16,1,22,2,1,4,11,1,4,N,4,NA,NA,4,97,97,,,1,0,0,0,0,1,0,N,N,N,N,N,N,N,9/18/2013,8:43 AM,227,22,N,Y,NA,NA,19,,,1,1700,,DUNGAN,LN,N,N,-1,N,N,,N,19,,,NA,9500,,BROWN LN,LN,NA,,,,,,11,1,0,NA,1,1,1,8:43 AM,DISPATCH,8:55 AM,9/18/2013,Y,74,63,123,143,8,5,4,1,64,54,1,5,1,21,21,227,22,30.35050026,-97.67137077,,,,NA,DUNGAN LN,1700,NA,NA,NA,NA,NA,,,,N/A,NA,NA,NA,NA,Y,N,N,1,9,Y,WED,NA,NA,NA,NA,NA,NA,NA,NA,NA,NA,NA,NA,NA,NA,NA,NA,NA,NA,NA,NA,NA,NA,NA,NA,NA,NA,NA,NA,NA,NA,NA,NA,NA,NA,NA,NA,NA,NA,NA,NA,NA,NA,NA,NA,NA,NA,NA,NA,NA,,,NA,NA,NA,NA,1,0,0,1,0,1,0,90,137298462,1372984621
13756036,AUS_13756036,30.2697,-97.71903,2,1,3,16,3,26,1,1,4,11,2,2,N,4,NA,NA,4,97,97,,,0,0,1,0,0,1,0,N,N,N,N,N,N,N,11/21/2013,4:11 PM,227,22,N,N,NA,NA,19,,,1,1100,,CHICON,ST,N,N,35,N,N,,Y,19,,,NA,,,ROSEWOOD,AVE,NA,,,,,,12,1,0,NA,1,1,20,4:11 PM,DISPATCHED,4:15 PM,11/21/2013,Y,74,NA,34,48,8,5,2,3,64,54,1,5,1,21,21,227,22,30.2697,-97.71903,,,,NA,CHICON ST,1151,NA,NA,NA,NA,NA,,,,ROSEWOOD AVE,NA,NA,NA,NA,Y,N,N,3,9,Y,THU,NA,NA,NA,NA,NA,NA,NA,NA,NA,NA,NA,NA,NA,NA,NA,NA,NA,NA,NA,NA,NA,NA,NA,NA,NA,NA,NA,NA,NA,NA,NA,NA,NA,NA,NA,NA,NA,NA,NA,NA,NA,NA,NA,NA,NA,NA,NA,NA,NA,,,NA,NA,NA,NA,0,0,1,1,0,1,0,90,137560362,1375603621
13813954,AUS_13813954,30.26567896,-97.74634688,2,1,3,16,NA,NA,NA,NA,4,11,NA,NA,N,4,NA,NA,4,97,97,,,0,0,0,0,1,0,0,N,N,N,N,N,N,N,7/19/2013,10:26 PM,227,22,N,Y,NA,NA,19,,,1,200,,LAVACA,ST,N,N,0,N,N,,N,19,,,NA,,E,3RD,ST,NA,,,,,,11,4,0,NA,1,1,1,10:26 PM,DISPATCH,10:26 PM,7/19/2013,Y,74,NA,115,144,8,5,4,1,64,54,1,5,1,21,21,227,22,30.26567896,-97.74634688,,,,NA,LAVACA ST,273,NA,NA,NA,NA,NA,,,,N/A,NA,NA,NA,NA,Y,N,N,5,9,Y,FRI,NA,NA,NA,NA,NA,NA,NA,NA,NA,NA,NA,NA,NA,NA,NA,NA,NA,NA,NA,NA,NA,NA,NA,NA,NA,NA,NA,NA,NA,NA,NA,NA,NA,NA,NA,NA,NA,NA,NA,NA,NA,NA,NA,NA,NA,NA,NA,NA,NA,,,NA,NA,NA,NA,0,0,0,1,1,0,0,90,138139542,1381395421
13879902,AUS_13879902,30.24478,-97.73053,2,1,3,16,2,22,1,2,4,11,1,1,N,4,NA,NA,4,97,97,,,0,1,0,0,0,1,0,N,N,N,N,N,N,N,12/16/2013,8:48 AM,227,22,N,N,NA,NA,19,,,3,,E,RIVERSIDE,,N,N,0,N,N,,Y,19,,,NA,,S,LAKESHORE,DR,NA,,,,,,11,1,2,NA,1,1,15,8:48 AM,DISPATCHED,8:53 AM,12/16/2013,Y,74,187,98,129,8,5,2,1,64,3,3,5,1,21,21,227,22,30.24478,-97.73053,,,,NA,E RIVERSIDE DR,,NA,NA,NA,NA,NA,,,,S LAKESHORE BLVD,NA,NA,NA,NA,Y,N,N,2,9,Y,MON,NA,NA,NA,NA,NA,NA,NA,NA,NA,NA,NA,NA,NA,NA,NA,NA,NA,NA,NA,NA,NA,NA,NA,NA,NA,NA,NA,NA,NA,NA,NA,NA,NA,NA,NA,NA,NA,NA,NA,NA,NA,NA,NA,NA,NA,NA,NA,NA,NA,,,NA,NA,NA,NA,0,1,0,1,0,1,0,90,138799022,1387990221
12486257,AUS_12486257,30.24096,-97.76543,2,1,3,16,2,24,1,1,4,11,1,3,N,4,NA,NA,4,97,97,,,0,1,0,0,0,1,0,N,N,N,N,N,N,N,1/4/2012,6:22 PM,227,22,N,Y,NA,NA,19,,,1,,S,5TH,ST,N,N,30,N,N,,Y,19,,,1,,,HERNDON,LN,NA,,,,,,11,4,2,NA,1,1,1,6:22 PM,DISPATCH,6:31 PM,1/4/2012,Y,74,21,93,112,8,5,1,3,64,54,1,5,1,21,21,227,22,30.24096,-97.76543,,,,NA,S 5TH ST,2599,NA,NA,NA,NA,NA,,,,HERNDON LN,NA,NA,NA,NA,Y,N,N,2,9,Y,WED,NA,NA,NA,NA,NA,NA,NA,NA,NA,NA,NA,NA,NA,NA,NA,NA,NA,NA,NA,NA,NA,NA,NA,NA,NA,NA,NA,NA,NA,NA,NA,NA,NA,NA,NA,NA,NA,NA,NA,NA,NA,NA,NA,NA,NA,NA,NA,NA,NA,,,NA,NA,NA,NA,0,1,0,1,0,1,0,90,124862572,1248625721
12500603,AUS_12500603,30.28954,-97.71499,1,1,3,16,2,28,1,1,4,11,1,5,N,4,NA,NA,4,97,97,,,0,1,0,0,0,1,0,N,N,N,N,N,N,N,1/10/2012,5:28 PM,227,22,N,N,NA,NA,19,,,1,,,CHERRYWOOD,RD,N,N,0,N,N,,Y,19,,,NA,,E,34TH,ST,NA,,,,,,11,1,4,NA,3,1,1,5:28 PM,DISPATCHED,5:30 PM,1/10/2012,Y,74,22,131,16,8,5,1,3,64,54,1,5,1,21,21,227,22,30.28954,-97.71499,,,,NA,CHERRYWOOD RD,3399,NA,NA,NA,NA,NA,,,,E 34TH ST,NA,NA,NA,NA,Y,N,N,2,9,Y,TUE,NA,NA,NA,NA,NA,NA,NA,NA,NA,NA,NA,NA,NA,NA,NA,NA,NA,NA,NA,NA,NA,NA,NA,NA,NA,NA,NA,NA,NA,NA,NA,NA,NA,NA,NA,NA,NA,NA,NA,NA,NA,NA,NA,NA,NA,NA,NA,NA,NA,,,NA,NA,NA,NA,0,1,0,1,0,1,0,90,125006031,1250060311
12500760,AUS_12500760,30.21556,-97.74009,2,1,3,16,2,24,1,2,4,11,1,4,N,4,NA,NA,4,97,97,,,0,1,0,0,0,1,0,N,N,N,N,N,N,N,1/11/2012,5:17 PM,227,22,N,N,NA,NA,19,,,1,2301,E,BEN WHITE SVRD EB,BLVD,N,N,40,N,N,,Y,19,,,NA,,S,INDUSTRIAL,DR,NA,,,,,,11,1,2,NA,1,1,8,5:18 PM,911,5:19 PM,1/11/2012,Y,74,NA,NA,367,8,5,2,1,64,54,1,5,1,21,21,227,22,30.21556,-97.74009,,,,NA,E BEN WHITE BLVD,NA,NA,NA,NA,NA,NA,,,,S INDUSTRIAL DR,NA,NA,NA,NA,Y,N,N,2,9,Y,WED,NA,NA,NA,NA,NA,NA,NA,NA,NA,NA,NA,NA,NA,NA,NA,NA,NA,NA,NA,NA,NA,NA,NA,NA,NA,NA,NA,NA,NA,NA,NA,NA,NA,NA,NA,NA,NA,NA,NA,NA,NA,NA,NA,NA,NA,NA,NA,NA,NA,,,NA,NA,NA,NA,0,1,0,1,0,1,0,90,125007602,1250076021
12501108,AUS_12501108,30.307,-97.72458,2,1,3,16,2,33,1,2,4,11,1,4,N,4,NA,NA,4,97,97,,,0,1,0,0,0,1,0,N,N,N,N,N,N,N,1/8/2012,2:59 PM,227,22,N,N,NA,NA,19,,,1,,,DUVAL,ST,N,N,35,N,N,,Y,19,,,NA,,,45TH,ST,NA,,,,,,12,1,4,NA,2,1,5,3:00 PM,CAD,3:07 PM,1/8/2012,Y,74,22,120,14,8,5,1,2,64,54,1,5,1,21,21,227,22,30.307,-97.72458,,,,NA,DUVAL ST,4429,NA,NA,NA,NA,NA,,,,E 45TH ST,NA,NA,NA,NA,Y,N,N,2,9,Y,SUN,NA,NA,NA,NA,NA,NA,NA,NA,NA,NA,NA,NA,NA,NA,NA,NA,NA,NA,NA,NA,NA,NA,NA,NA,NA,NA,NA,NA,NA,NA,NA,NA,NA,NA,NA,NA,NA,NA,NA,NA,NA,NA,NA,NA,NA,NA,NA,NA,NA,,,NA,NA,NA,NA,0,1,0,1,0,1,0,90,125011082,1250110821
12501144,AUS_12501144,30.33167,-97.81138,2,1,3,16,2,13,4,1,4,11,1,4,N,4,NA,NA,4,97,97,,,0,1,0,0,0,1,0,N,N,N,N,N,N,N,1/6/2012,5:49 PM,227,22,N,N,NA,NA,19,,,1,4700,,WESTLAKE,DR,N,N,30,N,N,,Y,19,,,NA,,,ST STEPHENS,DR,NA,,,,,,11,4,2,NA,5,2,1,5:49 PM,DISPATCH,6:04 PM,1/6/2012,Y,74,NA,NA,107,8,5,4,1,64,54,1,5,1,21,21,227,22,30.33167,-97.81138,,,,NA,WESTLAKE DR,4434,NA,NA,NA,NA,NA,,,,N/A,NA,NA,NA,NA,Y,N,N,2,9,Y,FRI,NA,NA,NA,NA,NA,NA,NA,NA,NA,NA,NA,NA,NA,NA,NA,NA,NA,NA,NA,NA,NA,NA,NA,NA,NA,NA,NA,NA,NA,NA,NA,NA,NA,NA,NA,NA,NA,NA,NA,NA,NA,NA,NA,NA,NA,NA,NA,NA,NA,,,NA,NA,NA,NA,0,1,0,2,0,1,0,90,125011442,1250114421
12512331,AUS_12512331,30.18983838,-97.91886568,2,1,3,16,2,60,1,1,4,11,1,1,N,4,NA,NA,4,97,97,,,0,1,0,0,0,1,0,N,N,N,N,N,N,N,1/22/2012,9:35 AM,227,22,N,N,NA,NA,3,45,,1,7700,,EB,,N,N,65,N,N,,Y,19,,,NA,11800,,MERIDIAN PARK,BLVD,NA,,,,,,11,1,98,2,1,1,9,9:36 AM,SELF-ASSIGNED,9:47 AM,1/22/2012,Y,74,717,105,112,8,5,1,1,64,54,1,2,1,21,21,227,22,30.18983838,-97.91886568,SH,45,,2.188,SH0045,8105,1200,6,7.189,526,-0.15,,,,MERIDIAN PARK BLVD,NA,NA,NA,NA,Y,Y,N,2,9,Y,SUN,4,0,6,10,52,2,4,480,80,48,4,1,0,2,12,5,2,20,5,1,40,4,12,13500,2012,13500,3.7,8.6,12.3,NA,NA,NA,NA,NA,NA,NA,NA,NA,NA,NA,NA,NA,NA,NA,NA,NA,NA,NA,NA,,,NA,NA,NA,NA,0,1,0,1,0,1,0,90,125123312,1251233121
12512496,AUS_12512496,30.25779909,-97.75986402,3,1,3,16,2,21,1,1,4,11,1,1,N,4,NA,NA,4,97,97,,,0,1,0,0,0,1,0,N,N,N,N,N,N,N,1/17/2012,4:50 PM,227,22,N,Y,NA,NA,19,,,1,1715,W,CESAR CHAVEZ,ST,N,N,40,N,N,,N,19,,,NA,,W,CESAR CHAVEZ,ST,NA,,,,,,11,1,0,3,2,1,20,4:50 PM,DISPATCH,5:00 PM,1/17/2012,Y,74,252,10,14,8,5,4,1,64,54,1,2,1,21,21,227,22,30.25779909,-97.75986402,SL,343,,3.154,SL0343,775,113,10,0.663,566,0.664,,,,N/A,NA,NA,NA,NA,Y,Y,N,2,9,Y,TUE,2,0,0,0,0,2,4,80,60,60,4,1,1,1,0,0,1,0,0,0,0,4,14,40000,2012,40000,0.8,0.3,1.1,NA,NA,NA,NA,NA,NA,NA,NA,NA,NA,NA,NA,NA,NA,NA,NA,NA,NA,NA,NA,,,NA,NA,NA,NA,0,1,0,3,0,1,0,90,125124963,1251249631
12512685,AUS_12512685,30.26926,-97.73973,2,1,3,16,2,43,2,1,4,11,1,4,N,4,NA,NA,4,97,97,,,0,1,0,0,0,1,0,N,N,N,N,N,N,N,1/17/2012,4:47 PM,227,22,N,Y,NA,NA,19,,,1,800,,SAN JACINTO,ST,N,N,30,N,N,,Y,19,,,NA,200,E,8TH,ST,NA,,,,,,11,1,4,NA,1,1,5,4:47 PM,DISPATCH,4:55 PM,1/17/2012,Y,74,22,115,144,8,5,1,2,64,54,1,5,1,21,21,227,22,30.26926,-97.73973,,,,NA,SAN JACINTO BLVD,799,NA,NA,NA,NA,NA,,,,E 8TH ST,NA,NA,NA,NA,Y,N,N,2,9,Y,TUE,NA,NA,NA,NA,NA,NA,NA,NA,NA,NA,NA,NA,NA,NA,NA,NA,NA,NA,NA,NA,NA,NA,NA,NA,NA,NA,NA,NA,NA,NA,NA,NA,NA,NA,NA,NA,NA,NA,NA,NA,NA,NA,NA,NA,NA,NA,NA,NA,NA,,,NA,NA,NA,NA,0,1,0,2,0,1,0,90,125126852,1251268521
12512770,AUS_12512770,30.23423,-97.72248,2,1,3,16,2,26,1,1,4,11,1,4,N,4,NA,NA,4,97,97,,,0,1,0,0,0,1,0,N,N,N,N,N,N,N,1/22/2012,4:51 PM,227,22,N,Y,NA,NA,19,,,1,1900,S,PLEASANT VALLEY,RD,N,N,35,N,N,,N,19,,,1,2500,E,RIVERSIDE,DR,NA,,,,,,11,1,0,NA,1,1,1,4:51 PM,DISPATCH,4:55 PM,1/22/2012,Y,74,20,98,129,8,5,3,2,64,13,1,5,1,32,21,227,22,30.23423,-97.72248,,,,NA,S PLEASANT VALLEY RD,1999,NA,NA,NA,NA,NA,,,,N/A,NA,NA,NA,NA,Y,N,N,2,9,Y,SUN,NA,NA,NA,NA,NA,NA,NA,NA,NA,NA,NA,NA,NA,NA,NA,NA,NA,NA,NA,NA,NA,NA,NA,NA,NA,NA,NA,NA,NA,NA,NA,NA,NA,NA,NA,NA,NA,NA,NA,NA,NA,NA,NA,NA,NA,NA,NA,NA,NA,,,NA,NA,NA,NA,0,1,0,1,0,1,0,90,125127702,1251277021
12526564,AUS_12526564,30.4319538,-97.76489175,2,1,3,16,4,25,1,1,4,11,1,4,N,4,NA,NA,4,97,97,1/23/2012,22:34:00,0,0,0,0,0,0,1,Y,N,N,N,N,N,N,1/23/2012,10:26 PM,227,22,N,Y,NA,NA,2,183,,2,12600,N,US HWY 183,,N,N,50,N,N,NORTHBOUND SERVICE ROAD,N,19,,,1,,,TECHNOLOGY,BLVD,NA,,,,,,11,3,0,2,1,1,20,10:26 PM,APD COMMUNICATIONS,10:29 PM,1/23/2012,Y,74,NA,46,64,8,5,4,1,64,9,2,2,1,21,21,227,22,30.4319538,-97.76489175,US,183,,310.443,US0183,NA,151,6,0.159,506,0.117,,,,N/A,NA,NA,NA,NA,Y,Y,N,4,9,Y,MON,5,0,6,10,52,2,6,260,128,72,5,0,0,2,16,5,2,20,5,2,36,4,12,118630,2012,118630,1.9,0.5,2.4,NA,NA,NA,NA,NA,NA,NA,NA,NA,NA,NA,NA,NA,NA,NA,NA,NA,NA,NA,NA,,,NA,NA,NA,NA,0,0,0,1,0,0,1,90,125265642,1252656421
12526823,AUS_12526823,30.22747668,-97.86777385,2,1,3,16,2,13,5,1,4,11,1,4,N,4,NA,NA,4,97,97,,,0,1,0,0,0,1,0,N,N,N,N,N,N,N,1/18/2012,4:44 PM,227,22,N,N,NA,NA,19,,,1,7200,,RIDGE OAK,RD,N,N,30,N,N,,N,19,,,1,7200,,ESCARPMENT,BLVD,NA,,,,,,11,1,4,NA,1,1,8,4:43 PM,DISPATCH,4:47 PM,1/18/2012,Y,74,53,93,112,8,5,1,1,64,54,1,5,1,21,21,227,22,30.22747668,-97.86777385,,,,NA,RIDGE OAK RD,7200,NA,NA,NA,NA,NA,,,,ESCARPMENT BLVD,NA,NA,NA,NA,Y,N,N,2,9,Y,WED,NA,NA,NA,NA,NA,NA,NA,NA,NA,NA,NA,NA,NA,NA,NA,NA,NA,NA,NA,NA,NA,NA,NA,NA,NA,NA,NA,NA,NA,NA,NA,NA,NA,NA,NA,NA,NA,NA,NA,NA,NA,NA,NA,NA,NA,NA,NA,NA,NA,,,NA,NA,NA,NA,0,1,0,1,0,1,0,90,125268232,1252682321
12526918,AUS_12526918,30.30567,-97.74415,2,1,3,16,2,23,1,1,4,11,1,2,N,4,NA,NA,4,97,97,,,0,1,0,0,0,1,0,N,N,N,N,N,N,N,1/25/2012,12:35 PM,227,22,N,N,NA,NA,19,,,1,,W,38TH,ST,N,N,35,N,N,,Y,19,,,NA,,,MEDICAL PKWY,,NA,,,,,,12,1,4,NA,1,1,5,12:35 PM,DISPATCHED,12:38 PM,1/25/2012,Y,74,NA,NA,125,8,5,1,1,64,54,1,5,1,21,21,227,22,30.30567,-97.74415,,,,NA,W 38TH ST,1098,NA,NA,NA,NA,NA,,,,MEDICAL PKY,NA,NA,NA,NA,Y,N,N,2,9,Y,WED,NA,NA,NA,NA,NA,NA,NA,NA,NA,NA,NA,NA,NA,NA,NA,NA,NA,NA,NA,NA,NA,NA,NA,NA,NA,NA,NA,NA,NA,NA,NA,NA,NA,NA,NA,NA,NA,NA,NA,NA,NA,NA,NA,NA,NA,NA,NA,NA,NA,,,NA,NA,NA,NA,0,1,0,2,0,1,0,90,125269182,1252691821