CrashID,CrashID1,Latitude,Longitude,Unit_Nbr,Prsn_Nbr,Prsn_Type_ID,Prsn_Occpnt_Pos_ID,Prsn_Injry_Sev_ID,Prsn_Age,Prsn_Ethnicity_ID,Prsn_Gndr_ID,Prsn_Ejct_ID,Prsn_Rest_ID,Prsn_Airbag_ID,Prsn_Helmet_ID,Prsn_Sol_Fl,Prsn_Alc_Spec_Type_ID,Prsn_Alc_Rslt_ID,Prsn_Bac_Test_Rslt,Prsn_Drg_Spec_Type_ID,Prsn_Drg_Rslt_ID,Drvr_Drg_Cat_1_ID,Prsn_Death_Date,Prsn_Death_Time,Incap_Injry_Cnt.x,Nonincap_Injry_Cnt.x,Poss_Injry_Cnt.x,Non_Injry_Cnt.x,Unkn_Injry_Cnt.x,Tot_Injry_Cnt.x,Death_Cnt.x,Crash_Fatal_Fl,Cmv_Involv_Fl,Schl_Bus_Fl,Rr_Relat_Fl,Medical_Advisory_Fl,Amend_Supp_Fl,Active_School_Zone_Fl,Crash_Date,Crash_Time,Rpt_CRIS_Cnty_ID,Rpt_City_ID,Rpt_Outside_City_Limit_Fl,Thousand_Damage_Fl,Rpt_Latitude,Rpt_Longitude,Rpt_Rdwy_Sys_ID,Rpt_Hwy_Num,Rpt_Hwy_Sfx,Rpt_Road_Part_ID,Rpt_Block_Num,Rpt_Street_Pfx,Rpt_Street_Name,Rpt_Street_Sfx,Private_Dr_Fl,Toll_Road_Fl,Crash_Speed_Limit,Road_Constr_Zone_Fl,Road_Constr_Zone_Wrkr_Fl,Rpt_Street_Desc,At_Intrsct_Fl,Rpt_Sec_Rdwy_Sys_ID,Rpt_Sec_Hwy_Num,Rpt_Sec_Hwy_Sfx,Rpt_Sec_Road_Part_ID,Rpt_Sec_Block_Num,Rpt_Sec_Street_Pfx,Rpt_Sec_Street_Name,Rpt_Sec_Street_Sfx,Rpt_Ref_Mark_Offset_Amt,Rpt_Ref_Mark_Dist_Uom,Rpt_Ref_Mark_Dir,Rpt_Ref_Mark_Nbr,Rpt_Sec_Street_Desc,Rpt_CrossingNumber,Wthr_Cond_ID,Light_Cond_ID,Entr_Road_ID,Road_Type_ID,Road_Algn_ID,Surf_Cond_ID,Traffic_Cntl_ID,Investigat_Notify_Time,Investigat_Notify_Meth,Investigat_Arrv_Time,Report_Date,Investigat_Comp_Fl,Investigat_Agency_ID,Investigat_Area_ID,Investigat_District_ID,Investigat_Region_ID,Bridge_Detail_ID,Harm_Evnt_ID,Intrsct_Relat_ID,FHE_Collsn_ID,Obj_Struck_ID,Othr_Factr_ID,Road_Part_Adj_ID,Road_Cls_ID,Road_Relat_ID,Phys_Featr_1_ID,Phys_Featr_2_ID,Cnty_ID,City_ID,Latitude,Longitude,Hwy_Sys,Hwy_Nbr,Hwy_Sfx,Dfo,Street_Name,Street_Nbr,Control,Section,Milepoint,Ref_Mark_Nbr,Ref_Mark_Displ,Hwy_Sys_2,Hwy_Nbr_2,Hwy_Sfx_2,Street_Name_2,Street_Nbr_2,Control_2,Section_2,Milepoint_2,Txdot_Rptable_Fl,Onsys_Fl,Rural_Fl,Crash_Sev_ID,Pop_Group_ID,Located_Fl,Day_of_Week,Hwy_Dsgn_Lane_ID,Hwy_Dsgn_Hrt_ID,Hp_Shldr_Left,Hp_Shldr_Right,Hp_Median_Width,Base_Type_ID,Nbr_Of_Lane,Row_Width_Usual,Roadbed_Width,Surf_Width,Surf_Type_ID,Curb_Type_Left_ID,Curb_Type_Right_ID,Shldr_Type_Left_ID,Shldr_Width_Left,Shldr_Use_Left_ID,Shldr_Type_Right_ID,Shldr_Width_Right,Shldr_Use_Right_ID,Median_Type_ID,Median_Width,Rural_Urban_Type_ID,Func_Sys_ID,Adt_Curnt_Amt,Adt_Curnt_Year,Adt_Adj_Curnt_Amt,Pct_Single_Trk_Adt,Pct_Combo_Trk_Adt,Trk_Aadt_Pct,Curve_Type_ID,Curve_Lngth,Cd_Degr,Delta_Left_Right_ID,Dd_Degr,Feature_Crossed,Structure_Number,I_R_Min_Vert_Clear,Approach_Width,Bridge_Median_ID,Bridge_Loading_Type_ID,Bridge_Loading_In_1000_Lbs,Bridge_Srvc_Type_On_ID,Bridge_Srvc_Type_Under_ID,Culvert_Type_ID,Roadway_Width,Deck_Width,Bridge_Dir_Of_Traffic_ID,Bridge_Rte_Struct_Func_ID,Bridge_IR_Struct_Func_ID,CrossingNumber,RRCo,Poscrossing_ID,WDCode_ID,Standstop,Yield,Incap_Injry_Cnt.y,Nonincap_Injry_Cnt.y,Poss_Injry_Cnt.y,Non_Injry_Cnt.y,Unkn_Injry_Cnt.y,Tot_Injry_Cnt.y,Death_Cnt.y,MPO_ID,Unit_ID,Unit_Prsn_ID
12527220,AUS_12527220,30.30929583,-97.681145,1,1,3,16,2,22,1,1,4,11,1,5,N,4,NA,NA,4,97,97,,,0,1,0,0,0,1,0,N,N,N,N,N,N,N,1/27/2012,6:18 PM,227,22,N,N,NA,NA,19,,,1,2606,,WHELESS,LN,N,N,0,N,N,,N,19,,,NA,,,WHELESS LNWHELESS CV,,NA,,,,,,11,4,0,NA,1,1,11,6:18 PM,DISPATCH,6:25 PM,1/27/2012,Y,74,NA,273,95,8,5,3,2,64,13,1,5,1,32,21,227,22,30.30929583,-97.681145,,,,NA,WHELESS LN,2606,NA,NA,NA,NA,NA,,,,N/A,NA,NA,NA,NA,Y,N,N,2,9,Y,FRI,NA,NA,NA,NA,NA,NA,NA,NA,NA,NA,NA,NA,NA,NA,NA,NA,NA,NA,NA,NA,NA,NA,NA,NA,NA,NA,NA,NA,NA,NA,NA,NA,NA,NA,NA,NA,NA,NA,NA,NA,NA,NA,NA,NA,NA,NA,NA,NA,NA,,,NA,NA,NA,NA,0,1,0,1,0,1,0,90,125272201,1252722011
12541220,AUS_12541220,30.28624673,-97.67890348,2,1,3,16,2,14,3,1,4,11,1,4,N,4,NA,NA,4,97,97,,,0,1,0,0,0,1,0,N,N,N,N,N,N,N,2/3/2012,5:07 PM,227,22,N,N,NA,NA,19,,,1,4800,E,MARTIN LUTHER KING JR,BLVD,N,N,30,N,N,,Y,19,,,NA,,,SCOTTSDALE,,NA,,,,,,11,1,4,3,3,1,8,5:07 PM,DISPATCH,5:11 PM,2/3/2012,Y,74,NA,151,78,8,5,2,1,64,54,1,3,1,21,21,227,22,30.28624673,-97.67890348,FM,969,,1.519,FM0969,4901,1186,1,13.183,450,-0.408,,,,SCOTTSDALE RD,NA,NA,NA,NA,Y,Y,N,2,9,Y,FRI,2,0,0,0,0,2,4,100,44,44,4,0,0,1,0,0,1,0,0,0,0,4,14,15300,2012,15300,1.2,0.4,1.6,NA,NA,NA,NA,NA,NA,NA,NA,NA,NA,NA,NA,NA,NA,NA,NA,NA,NA,NA,NA,,,NA,NA,NA,NA,0,1,0,1,0,1,0,90,125412202,1254122021
12541245,AUS_12541245,30.21077,-97.78701,2,1,3,16,3,28,2,1,4,11,1,4,N,4,NA,NA,4,97,97,,,0,0,1,0,0,1,0,N,N,N,N,N,N,N,2/4/2012,2:18 PM,227,22,N,Y,NA,NA,19,,,1,,,EMERALD FORESTW STASSNEY LN,,N,N,35,Y,N,,Y,19,,,NA,,W,STASSNEY,LN,NA,,,,,,11,1,4,NA,1,1,5,2:18 PM,DISPATCHED,2:28 PM,2/4/2012,Y,74,NA,NA,90,8,5,2,1,64,49,1,5,1,21,21,227,22,30.21077,-97.78701,,,,NA,EMERALD FOREST DR,5599,NA,NA,NA,NA,NA,,,,W STASSNEY LN,NA,NA,NA,NA,Y,N,N,3,9,Y,SAT,NA,NA,NA,NA,NA,NA,NA,NA,NA,NA,NA,NA,NA,NA,NA,NA,NA,NA,NA,NA,NA,NA,NA,NA,NA,NA,NA,NA,NA,NA,NA,NA,NA,NA,NA,NA,NA,NA,NA,NA,NA,NA,NA,NA,NA,NA,NA,NA,NA,,,NA,NA,NA,NA,0,0,1,1,0,1,0,90,125412452,1254124521
12541399,AUS_12541399,30.32583216,-97.73959307,1,1,3,16,2,30,4,2,4,11,1,4,N,4,NA,NA,4,97,97,,,0,1,0,0,0,1,0,N,N,N,N,N,N,N,2/4/2012,4:17 PM,227,22,N,N,NA,NA,19,,,1,1600,W,NORTHLOOP,BLVD,N,N,30,N,N,,Y,19,,,NA,5300,,BURNET,RD,NA,,,,,,11,1,4,NA,1,1,5,4:17 PM,DISPATCH,4:20 PM,2/4/2012,Y,74,4,480,292,8,5,2,2,64,54,1,2,1,21,21,227,22,30.32583216,-97.73959307,,,,NA,W NORTH LOOP BLVD,1682,NA,NA,NA,NA,NA,,,,UNKNOWN,NA,NA,NA,NA,Y,N,N,2,9,Y,SAT,NA,NA,NA,NA,NA,NA,NA,NA,NA,NA,NA,NA,NA,NA,NA,NA,NA,NA,NA,NA,NA,NA,NA,NA,NA,NA,NA,NA,NA,NA,NA,NA,NA,NA,NA,NA,NA,NA,NA,NA,NA,NA,NA,NA,NA,NA,NA,NA,NA,,,NA,NA,NA,NA,0,1,0,1,0,1,0,90,125413991,1254139911
12560886,AUS_12560886,30.35941166,-97.69270374,1,1,3,16,2,13,2,1,4,11,1,4,N,4,NA,NA,4,97,97,,,0,1,0,0,0,1,0,N,N,N,N,N,N,N,2/7/2012,3:15 PM,227,22,N,Y,NA,NA,19,,,1,300,,300 BLK HACKBERRY,LN,N,N,30,N,N,,N,19,,,NA,,N,NOT REPORTED,DR,100,F,E,100,,,11,1,2,NA,1,1,8,3:16 PM,DISPATCHED,3:21 PM,2/7/2012,Y,74,NA,114,143,8,5,4,1,64,54,1,5,1,21,21,227,22,30.35941166,-97.69270374,,,,NA,HACKBERRY LN,332,NA,NA,NA,NA,NA,,,,N/A,NA,NA,NA,NA,Y,N,N,2,9,Y,TUE,NA,NA,NA,NA,NA,NA,NA,NA,NA,NA,NA,NA,NA,NA,NA,NA,NA,NA,NA,NA,NA,NA,NA,NA,NA,NA,NA,NA,NA,NA,NA,NA,NA,NA,NA,NA,NA,NA,NA,NA,NA,NA,NA,NA,NA,NA,NA,NA,NA,,,NA,NA,NA,NA,0,1,0,1,0,1,0,90,125608861,1256088611
12560924,AUS_12560924,30.2233,-97.8417,2,1,3,16,1,52,1,2,4,11,1,5,N,4,NA,NA,4,97,97,,,1,0,0,0,0,1,0,N,N,N,N,N,N,N,2/7/2012,11:28 AM,227,22,N,N,NA,NA,19,,,1,6500,,BRUSH COUNTRY,RD,N,N,45,N,N,,Y,19,,,NA,4400,W,WILLIAM CANNON,DR,NA,,,,,,11,1,4,NA,1,1,5,11:28 AM,DISPATCH,11:41 AM,2/7/2012,Y,74,1,105,112,8,5,2,1,64,54,1,5,1,21,21,227,22,30.2233,-97.8417,,,,NA,BRUSH COUNTRY RD,NA,NA,NA,NA,NA,NA,,,,W WILLIAM CANNON DR,NA,NA,NA,NA,Y,N,N,1,9,Y,TUE,NA,NA,NA,NA,NA,NA,NA,NA,NA,NA,NA,NA,NA,NA,NA,NA,NA,NA,NA,NA,NA,NA,NA,NA,NA,NA,NA,NA,NA,NA,NA,NA,NA,NA,NA,NA,NA,NA,NA,NA,NA,NA,NA,NA,NA,NA,NA,NA,NA,,,NA,NA,NA,NA,1,0,0,1,0,1,0,90,125609242,1256092421
12561124,AUS_12561124,30.26607,-97.76888,2,1,3,16,3,20,1,1,4,11,1,1,N,4,NA,NA,4,97,97,,,0,0,1,0,0,1,0,N,N,N,N,N,N,N,2/10/2012,4:49 PM,227,22,N,Y,NA,NA,19,,,1,,,WILLIAM BARTON,DR,N,N,30,N,N,,Y,19,,,NA,,,BARTON SRPINGS,DR,NA,,,,,,11,1,2,NA,3,1,1,4:50 PM,DISPATCHED,4:53 PM,2/10/2012,Y,74,NA,NA,72,8,5,1,1,64,54,1,5,1,21,21,227,22,30.26607,-97.76888,,,,NA,WILLIAM BARTON DR,NA,NA,NA,NA,NA,NA,,,,BARTON SPRINGS RD,NA,NA,NA,NA,Y,N,N,3,9,Y,FRI,NA,NA,NA,NA,NA,NA,NA,NA,NA,NA,NA,NA,NA,NA,NA,NA,NA,NA,NA,NA,NA,NA,NA,NA,NA,NA,NA,NA,NA,NA,NA,NA,NA,NA,NA,NA,NA,NA,NA,NA,NA,NA,NA,NA,NA,NA,NA,NA,NA,,,NA,NA,NA,NA,0,0,1,4,0,1,0,90,125611242,1256112421
12561244,AUS_12561244,30.29561,-97.7234,2,1,3,16,2,23,1,2,4,11,1,4,N,4,NA,NA,4,97,97,,,0,1,0,0,0,1,0,N,N,N,N,N,N,N,2/13/2012,1:02 PM,227,22,N,N,NA,NA,19,,,1,,E,38TH HALE STRED RIVER,ST,N,N,35,N,N,,Y,19,,,NA,,,RED RIVER,ST,NA,,,,,,12,1,4,NA,1,1,5,1:02 PM,DISPATCHED,1:06 PM,2/13/2012,Y,74,NA,NA,125,8,5,2,1,64,54,1,5,1,21,21,227,22,30.29561,-97.7234,,,,NA,E 38TH ST,898,NA,NA,NA,NA,NA,,,,RED RIVER ST,NA,NA,NA,NA,Y,N,N,2,9,Y,MON,NA,NA,NA,NA,NA,NA,NA,NA,NA,NA,NA,NA,NA,NA,NA,NA,NA,NA,NA,NA,NA,NA,NA,NA,NA,NA,NA,NA,NA,NA,NA,NA,NA,NA,NA,NA,NA,NA,NA,NA,NA,NA,NA,NA,NA,NA,NA,NA,NA,,,NA,NA,NA,NA,0,1,0,1,0,1,0,90,125612442,1256124421
12561266,AUS_12561266,30.36411,-97.76277,2,1,3,16,2,10,1,1,4,11,1,2,N,4,NA,NA,4,97,97,,,0,1,0,0,0,1,0,N,N,N,N,N,N,N,2/14/2012,3:21 PM,227,22,N,N,NA,NA,19,,,1,,,GREYSTONE DRROCKPOINT,DR,N,N,30,N,N,,Y,19,,,NA,,,ROCKPOINT,DR,NA,,,,,,11,1,2,NA,1,1,16,3:41 PM,C.A.D.,3:43 PM,2/14/2012,Y,74,NA,NA,107,8,5,2,1,64,54,1,5,1,21,21,227,22,30.36411,-97.76277,,,,NA,GREYSTONE DR,4016,NA,NA,NA,NA,NA,,,,ROCKPOINT DR,NA,NA,NA,NA,Y,N,N,2,9,Y,TUE,NA,NA,NA,NA,NA,NA,NA,NA,NA,NA,NA,NA,NA,NA,NA,NA,NA,NA,NA,NA,NA,NA,NA,NA,NA,NA,NA,NA,NA,NA,NA,NA,NA,NA,NA,NA,NA,NA,NA,NA,NA,NA,NA,NA,NA,NA,NA,NA,NA,,,NA,NA,NA,NA,0,1,0,2,0,1,0,90,125612662,1256126621
12562351,AUS_12562351,30.26650234,-97.75626096,2,1,3,16,2,32,1,1,4,11,1,4,N,4,NA,NA,4,97,97,,,0,1,0,0,0,1,0,N,N,N,N,N,N,N,2/20/2012,7:06 PM,227,22,N,N,NA,NA,19,,,1,,,CESAR CHAVEZ,,N,N,0,N,N,,Y,19,,,NA,,S,1ST,ST,NA,,,,,,11,4,2,2,1,1,15,7:06 PM,DISPATCH,7:10 PM,2/20/2012,Y,74,36,67,282,8,5,2,1,64,54,1,2,1,21,21,227,22,30.26650234,-97.75626096,SL,343,,3.794,SL0343,NA,113,12,5,568,-0.524,,,,W 1ST ST,NA,NA,NA,NA,Y,Y,N,2,9,Y,MON,3,0,0,0,22,2,6,120,72,72,4,1,1,1,0,0,1,0,0,1,22,4,14,40000,2012,40000,0.8,0.3,1.1,NA,NA,NA,NA,NA,NA,NA,NA,NA,NA,NA,NA,NA,NA,NA,NA,NA,NA,NA,NA,,,NA,NA,NA,NA,0,1,0,1,0,1,0,90,125623512,1256235121
12577464,AUS_12577464,30.24842895,-97.77000246,1,1,3,16,2,27,1,1,4,11,1,3,N,4,NA,NA,4,97,97,,,0,1,0,0,0,1,0,N,N,N,N,N,N,N,2/25/2012,5:34 PM,227,22,N,N,NA,NA,19,,,1,2100,S,LAMAR,BLVD,N,N,40,N,N,,Y,19,,,NA,1400,W,OLTORF,ST,NA,,,,,,11,1,2,3,1,1,5,5:34 PM,DISPATCH,5:40 PM,2/25/2012,Y,74,NA,NA,72,8,5,1,3,64,54,1,2,1,21,21,227,22,30.24842895,-97.77000246,SL,343,,2.245,SL0343,2057,113,9,7.182,566,-0.245,,,,W OLTORF ST,NA,NA,NA,NA,Y,Y,N,2,9,Y,SAT,2,0,0,0,0,2,4,80,60,48,4,1,1,1,0,0,1,0,0,0,0,4,14,39340,2012,39340,0.8,0.3,1.1,NA,NA,NA,NA,NA,NA,NA,NA,NA,NA,NA,NA,NA,NA,NA,NA,NA,NA,NA,NA,,,NA,NA,NA,NA,0,1,0,1,0,1,0,90,125774641,1257746411
12577577,AUS_12577577,30.30027,-97.74622,2,1,3,16,3,36,1,1,4,11,1,4,N,4,NA,NA,4,97,97,,,0,0,1,0,0,1,0,N,N,N,N,N,N,N,2/22/2012,5:32 PM,227,22,N,N,NA,NA,19,,,1,1000,W,31ST,ST,N,N,30,N,N,,N,19,,,NA,3100,N,LAMAR,BLVD,NA,,,,,,11,1,4,NA,1,1,8,5:32 PM,DISPATCH,5:34 PM,2/22/2012,Y,74,11,10,14,8,5,2,1,64,54,1,5,1,21,21,227,22,30.30027,-97.74622,,,,NA,W 31ST ST,1000,NA,NA,NA,NA,NA,,,,UNKNOWN,NA,NA,NA,NA,Y,N,N,3,9,Y,WED,NA,NA,NA,NA,NA,NA,NA,NA,NA,NA,NA,NA,NA,NA,NA,NA,NA,NA,NA,NA,NA,NA,NA,NA,NA,NA,NA,NA,NA,NA,NA,NA,NA,NA,NA,NA,NA,NA,NA,NA,NA,NA,NA,NA,NA,NA,NA,NA,NA,,,NA,NA,NA,NA,0,0,1,1,0,1,0,90,125775772,1257757721
12577585,AUS_12577585,30.27606,-97.74844,2,1,3,16,3,24,1,1,4,11,2,4,N,4,NA,NA,4,97,97,,,0,0,1,0,0,1,0,N,N,N,N,N,N,N,2/22/2012,7:39 PM,227,22,N,N,NA,NA,19,,,1,,,WEST AVEW 12TH,ST,N,N,35,N,N,,Y,19,,,NA,1200,,WEST,AVE,NA,,,,,,11,4,4,NA,1,1,5,7:39 PM,DISPATCH,7:45 PM,2/22/2012,Y,74,NA,120,14,8,5,1,3,64,54,1,5,1,21,21,227,22,30.27606,-97.74844,,,,NA,W 12TH ST,798,NA,NA,NA,NA,NA,,,,WEST AVE,NA,NA,NA,NA,Y,N,N,3,9,Y,WED,NA,NA,NA,NA,NA,NA,NA,NA,NA,NA,NA,NA,NA,NA,NA,NA,NA,NA,NA,NA,NA,NA,NA,NA,NA,NA,NA,NA,NA,NA,NA,NA,NA,NA,NA,NA,NA,NA,NA,NA,NA,NA,NA,NA,NA,NA,NA,NA,NA,,,NA,NA,NA,NA,0,0,1,1,0,1,0,90,125775852,1257758521
12586815,AUS_12586815,30.44198957,-97.66590342,2,1,3,16,2,42,1,1,4,11,1,2,N,4,NA,NA,4,97,97,,,0,1,0,0,0,1,0,N,N,N,N,N,N,N,2/2/2012,8:25 AM,227,22,N,Y,NA,NA,4,1825,,1,15006,,NOT REPORTED,RD,N,N,40,N,N,,N,19,,,NA,,,WELLS BRANCH,PKWY,NA,,,,,,11,1,0,3,1,1,11,8:24 AM,DISPATCH,8:26 AM,2/2/2012,Y,74,17,114,143,8,5,3,3,64,13,1,3,1,32,21,227,22,30.44198957,-97.66590342,FM,1825,,0.259,FM1825,14914,15,15,0.247,540,-0.019,,,,N/A,NA,NA,NA,NA,Y,Y,N,2,9,Y,THU,2,0,8,8,0,2,4,120,78,62,4,0,0,2,8,5,2,8,5,0,0,4,16,23000,2012,23000,1.9,0.3,2.2,NA,NA,NA,NA,NA,NA,NA,NA,NA,NA,NA,NA,NA,NA,NA,NA,NA,NA,NA,NA,,,NA,NA,NA,NA,0,1,0,2,0,1,0,90,125868152,1258681521
12589751,AUS_12589751,30.30275,-97.73816,1,1,3,16,3,28,1,2,4,11,1,4,N,4,NA,NA,4,97,97,,,0,0,1,0,0,1,0,N,N,N,N,N,N,N,3/3/2012,12:19 AM,227,22,N,N,NA,NA,19,,,1,3800,,GUADALUPE,ST,N,N,0,N,N,,Y,19,,,1,600,W,38TH,ST,NA,,,,,,11,4,4,NA,1,1,5,12:19 AM,DISPATCHED,12:22 AM,3/3/2012,Y,74,NA,120,14,8,5,1,1,64,54,1,5,1,21,21,227,22,30.30275,-97.73816,,,,NA,GUADALUPE ST,3801,NA,NA,NA,NA,NA,,,,W 38TH ST,NA,NA,NA,NA,Y,N,N,3,9,Y,SAT,NA,NA,NA,NA,NA,NA,NA,NA,NA,NA,NA,NA,NA,NA,NA,NA,NA,NA,NA,NA,NA,NA,NA,NA,NA,NA,NA,NA,NA,NA,NA,NA,NA,NA,NA,NA,NA,NA,NA,NA,NA,NA,NA,NA,NA,NA,NA,NA,NA,,,NA,NA,NA,NA,0,0,1,1,0,1,0,90,125897511,1258975111
12589758,AUS_12589758,30.1893642,-97.76779412,2,1,3,16,2,48,3,1,4,11,1,4,N,4,NA,NA,4,97,97,,,0,1,0,0,0,1,0,N,N,N,N,N,N,N,2/29/2012,7:04 PM,227,22,N,Y,NA,NA,19,,,1,6500,,BLUFF SPRINGS,RD,N,N,30,N,N,2 LANE LOCAL ROAD,N,19,,,1,,E,WILLIAM CANNON,DR,NA,,,,6 LANE LOCAL ROAD,,12,4,0,NA,1,1,1,7:04 PM,DISPATCH,7:05 PM,2/29/2012,Y,74,167,99,130,8,5,3,3,64,14,1,5,1,32,21,227,22,30.1893642,-97.76779412,,,,NA,BLUFF SPRINGS RD,6582,NA,NA,NA,NA,NA,,,,N/A,NA,NA,NA,NA,Y,N,N,2,9,Y,WED,NA,NA,NA,NA,NA,NA,NA,NA,NA,NA,NA,NA,NA,NA,NA,NA,NA,NA,NA,NA,NA,NA,NA,NA,NA,NA,NA,NA,NA,NA,NA,NA,NA,NA,NA,NA,NA,NA,NA,NA,NA,NA,NA,NA,NA,NA,NA,NA,NA,,,NA,NA,NA,NA,0,1,0,1,0,1,0,90,125897582,1258975821
12590020,AUS_12590020,30.40316,-97.70038,1,1,3,16,2,21,1,1,4,11,1,4,N,4,NA,NA,4,97,97,,,0,1,0,0,0,1,0,N,N,N,N,N,N,N,3/5/2012,1:13 PM,227,22,N,N,NA,NA,19,,,7,,,BITTERN HOLLOW,,N,N,30,N,N,,Y,19,,,NA,,,METRIC,BLVD,NA,,,,,,11,1,2,NA,3,1,5,1:13 PM,DROVE UP ON CRASH,1:13 PM,3/5/2012,Y,74,NA,NA,146,8,5,2,2,64,54,1,5,1,21,21,227,22,30.40316,-97.70038,,,,NA,BITTERN HOLW,NA,NA,NA,NA,NA,NA,,,,METRIC BLVD,NA,NA,NA,NA,Y,N,N,2,9,Y,MON,NA,NA,NA,NA,NA,NA,NA,NA,NA,NA,NA,NA,NA,NA,NA,NA,NA,NA,NA,NA,NA,NA,NA,NA,NA,NA,NA,NA,NA,NA,NA,NA,NA,NA,NA,NA,NA,NA,NA,NA,NA,NA,NA,NA,NA,NA,NA,NA,NA,,,NA,NA,NA,NA,0,1,0,1,0,1,0,90,125900201,1259002011
12590108,AUS_12590108,30.2388,-97.75355,2,1,3,16,2,29,4,1,4,11,1,4,N,4,NA,NA,4,97,97,,,0,1,0,0,0,1,0,N,N,N,N,N,N,N,3/3/2012,2:25 AM,227,22,N,N,NA,NA,19,,,1,,,SOUTH CONGRESS,,N,N,0,N,N,,Y,19,,,NA,,,OLTORF,ST,NA,,,,,,11,4,4,NA,1,1,5,2:25 AM,DISPATCHED,2:30 AM,3/3/2012,Y,74,NA,105,112,8,5,1,1,64,54,1,5,1,21,21,227,22,30.2388,-97.75355,,,,NA,S CONGRESS AVE,2399,NA,NA,NA,NA,NA,,,,OLTORF ST W,NA,NA,NA,NA,Y,N,N,2,9,Y,SAT,NA,NA,NA,NA,NA,NA,NA,NA,NA,NA,NA,NA,NA,NA,NA,NA,NA,NA,NA,NA,NA,NA,NA,NA,NA,NA,NA,NA,NA,NA,NA,NA,NA,NA,NA,NA,NA,NA,NA,NA,NA,NA,NA,NA,NA,NA,NA,NA,NA,,,NA,NA,NA,NA,0,1,0,2,0,1,0,90,125901082,1259010821
12590112,AUS_12590112,30.1984914,-97.75215549,2,1,3,16,2,11,1,1,4,11,1,4,N,4,NA,NA,4,97,97,,,0,1,0,0,0,1,0,N,N,N,N,N,N,N,3/3/2012,5:39 PM,227,22,N,Y,NA,NA,19,,,1,2203,,SORRET TREE,CT,N,N,30,N,N,,N,19,,,NA,5304,,PEPPERTREE,PKWY,NA,,,,,,11,1,98,NA,2,1,1,5:39 PM,DISPATCHED,5:47 PM,3/3/2012,Y,74,NA,NA,367,8,5,4,1,64,54,1,5,1,21,21,227,22,30.1984914,-97.75215549,,,,NA,SORRET TREE CT,2240,NA,NA,NA,NA,NA,,,,N/A,NA,NA,NA,NA,Y,N,N,2,9,Y,SAT,NA,NA,NA,NA,NA,NA,NA,NA,NA,NA,NA,NA,NA,NA,NA,NA,NA,NA,NA,NA,NA,NA,NA,NA,NA,NA,NA,NA,NA,NA,NA,NA,NA,NA,NA,NA,NA,NA,NA,NA,NA,NA,NA,NA,NA,NA,NA,NA,NA,,,NA,NA,NA,NA,0,1,0,1,0,1,0,90,125901122,1259011221
12590151,AUS_12590151,30.26218,-97.71591,2,1,3,16,2,38,1,1,4,11,1,4,N,4,NA,NA,4,97,97,,,0,1,0,0,0,1,0,N,N,N,N,N,N,N,2/29/2012,7:48 PM,227,22,N,N,NA,NA,19,,,1,,,WEBBERVILLE,,N,N,25,N,N,,Y,19,,,NA,,,SAN SABA,,NA,,,,,,11,4,2,NA,2,1,1,7:48 PM,CALL FOR SERVICE,7:50 PM,2/29/2012,Y,74,NA,34,48,8,5,1,3,64,54,1,5,1,21,21,227,22,30.26218,-97.71591,,,,NA,WEBBERVILLE RD,2299,NA,NA,NA,NA,NA,,,,SAN SABA ST,NA,NA,NA,NA,Y,N,N,2,9,Y,WED,NA,NA,NA,NA,NA,NA,NA,NA,NA,NA,NA,NA,NA,NA,NA,NA,NA,NA,NA,NA,NA,NA,NA,NA,NA,NA,NA,NA,NA,NA,NA,NA,NA,NA,NA,NA,NA,NA,NA,NA,NA,NA,NA,NA,NA,NA,NA,NA,NA,,,NA,NA,NA,NA,0,1,0,2,0,1,0,90,125901512,1259015121
12598628,AUS_12598628,30.27203585,-97.75905421,2,1,3,16,2,29,2,2,4,11,1,2,N,4,NA,NA,4,97,97,,,0,1,0,0,0,1,0,N,N,N,N,N,N,N,3/9/2012,4:00 AM,227,22,N,N,NA,NA,19,,,7,1200,W,5TH,ST,N,N,30,N,N,,N,19,,,NA,,,ORCHARD,ST,NA,,,,,,2,4,0,NA,1,2,16,2:51 PM,CALL FOR SERVICE,2:55 PM,3/9/2012,Y,74,NA,41,252,8,5,4,1,64,54,1,5,2,21,21,227,22,30.27203585,-97.75905421,,,,NA,W 5TH ST,1218,NA,NA,NA,NA,NA,,,,N/A,NA,NA,NA,NA,Y,N,N,2,9,Y,FRI,NA,NA,NA,NA,NA,NA,NA,NA,NA,NA,NA,NA,NA,NA,NA,NA,NA,NA,NA,NA,NA,NA,NA,NA,NA,NA,NA,NA,NA,NA,NA,NA,NA,NA,NA,NA,NA,NA,NA,NA,NA,NA,NA,NA,NA,NA,NA,NA,NA,,,NA,NA,NA,NA,0,1,0,1,0,1,0,90,125986282,1259862821