CrashID,CrashID1,Latitude,Longitude,Unit_Nbr,Prsn_Nbr,Prsn_Type_ID,Prsn_Occpnt_Pos_ID,Prsn_Injry_Sev_ID,Prsn_Age,Prsn_Ethnicity_ID,Prsn_Gndr_ID,Prsn_Ejct_ID,Prsn_Rest_ID,Prsn_Airbag_ID,Prsn_Helmet_ID,Prsn_Sol_Fl,Prsn_Alc_Spec_Type_ID,Prsn_Alc_Rslt_ID,Prsn_Bac_Test_Rslt,Prsn_Drg_Spec_Type_ID,Prsn_Drg_Rslt_ID,Drvr_Drg_Cat_1_ID,Prsn_Death_Date,Prsn_Death_Time,Incap_Injry_Cnt.x,Nonincap_Injry_Cnt.x,Poss_Injry_Cnt.x,Non_Injry_Cnt.x,Unkn_Injry_Cnt.x,Tot_Injry_Cnt.x,Death_Cnt.x,Crash_Fatal_Fl,Cmv_Involv_Fl,Schl_Bus_Fl,Rr_Relat_Fl,Medical_Advisory_Fl,Amend_Supp_Fl,Active_School_Zone_Fl,Crash_Date,Crash_Time,Rpt_CRIS_Cnty_ID,Rpt_City_ID,Rpt_Outside_City_Limit_Fl,Thousand_Damage_Fl,Rpt_Latitude,Rpt_Longitude,Rpt_Rdwy_Sys_ID,Rpt_Hwy_Num,Rpt_Hwy_Sfx,Rpt_Road_Part_ID,Rpt_Block_Num,Rpt_Street_Pfx,Rpt_Street_Name,Rpt_Street_Sfx,Private_Dr_Fl,Toll_Road_Fl,Crash_Speed_Limit,Road_Constr_Zone_Fl,Road_Constr_Zone_Wrkr_Fl,Rpt_Street_Desc,At_Intrsct_Fl,Rpt_Sec_Rdwy_Sys_ID,Rpt_Sec_Hwy_Num,Rpt_Sec_Hwy_Sfx,Rpt_Sec_Road_Part_ID,Rpt_Sec_Block_Num,Rpt_Sec_Street_Pfx,Rpt_Sec_Street_Name,Rpt_Sec_Street_Sfx,Rpt_Ref_Mark_Offset_Amt,Rpt_Ref_Mark_Dist_Uom,Rpt_Ref_Mark_Dir,Rpt_Ref_Mark_Nbr,Rpt_Sec_Street_Desc,Rpt_CrossingNumber,Wthr_Cond_ID,Light_Cond_ID,Entr_Road_ID,Road_Type_ID,Road_Algn_ID,Surf_Cond_ID,Traffic_Cntl_ID,Investigat_Notify_Time,Investigat_Notify_Meth,Investigat_Arrv_Time,Report_Date,Investigat_Comp_Fl,Investigat_Agency_ID,Investigat_Area_ID,Investigat_District_ID,Investigat_Region_ID,Bridge_Detail_ID,Harm_Evnt_ID,Intrsct_Relat_ID,FHE_Collsn_ID,Obj_Struck_ID,Othr_Factr_ID,Road_Part_Adj_ID,Road_Cls_ID,Road_Relat_ID,Phys_Featr_1_ID,Phys_Featr_2_ID,Cnty_ID,City_ID,Latitude,Longitude,Hwy_Sys,Hwy_Nbr,Hwy_Sfx,Dfo,Street_Name,Street_Nbr,Control,Section,Milepoint,Ref_Mark_Nbr,Ref_Mark_Displ,Hwy_Sys_2,Hwy_Nbr_2,Hwy_Sfx_2,Street_Name_2,Street_Nbr_2,Control_2,Section_2,Milepoint_2,Txdot_Rptable_Fl,Onsys_Fl,Rural_Fl,Crash_Sev_ID,Pop_Group_ID,Located_Fl,Day_of_Week,Hwy_Dsgn_Lane_ID,Hwy_Dsgn_Hrt_ID,Hp_Shldr_Left,Hp_Shldr_Right,Hp_Median_Width,Base_Type_ID,Nbr_Of_Lane,Row_Width_Usual,Roadbed_Width,Surf_Width,Surf_Type_ID,Curb_Type_Left_ID,Curb_Type_Right_ID,Shldr_Type_Left_ID,Shldr_Width_Left,Shldr_Use_Left_ID,Shldr_Type_Right_ID,Shldr_Width_Right,Shldr_Use_Right_ID,Median_Type_ID,Median_Width,Rural_Urban_Type_ID,Func_Sys_ID,Adt_Curnt_Amt,Adt_Curnt_Year,Adt_Adj_Curnt_Amt,Pct_Single_Trk_Adt,Pct_Combo_Trk_Adt,Trk_Aadt_Pct,Curve_Type_ID,Curve_Lngth,Cd_Degr,Delta_Left_Right_ID,Dd_Degr,Feature_Crossed,Structure_Number,I_R_Min_Vert_Clear,Approach_Width,Bridge_Median_ID,Bridge_Loading_Type_ID,Bridge_Loading_In_1000_Lbs,Bridge_Srvc_Type_On_ID,Bridge_Srvc_Type_Under_ID,Culvert_Type_ID,Roadway_Width,Deck_Width,Bridge_Dir_Of_Traffic_ID,Bridge_Rte_Struct_Func_ID,Bridge_IR_Struct_Func_ID,CrossingNumber,RRCo,Poscrossing_ID,WDCode_ID,Standstop,Yield,Incap_Injry_Cnt.y,Nonincap_Injry_Cnt.y,Poss_Injry_Cnt.y,Non_Injry_Cnt.y,Unkn_Injry_Cnt.y,Tot_Injry_Cnt.y,Death_Cnt.y,MPO_ID,Unit_ID,Unit_Prsn_ID
12598646,AUS_12598646,30.28132,-97.75839,2,1,3,16,2,25,1,2,4,11,1,2,N,4,NA,NA,4,97,97,,,0,1,0,0,0,1,0,N,N,N,N,N,N,N,3/8/2012,8:46 AM,227,22,N,Y,NA,NA,19,,,1,1400,W,LYNN,ST,N,N,30,N,N,,Y,19,,,NA,1600,W,14TH,ST,NA,,,,,,12,1,0,NA,1,1,8,8:46 AM,DISPATCH,8:50 AM,3/8/2012,Y,74,NA,NA,174,8,5,1,3,64,54,1,5,1,21,21,227,22,30.28132,-97.75839,,,,NA,W LYNN ST,NA,NA,NA,NA,NA,NA,,,,W 14TH ST,NA,NA,NA,NA,Y,N,N,2,9,Y,THU,NA,NA,NA,NA,NA,NA,NA,NA,NA,NA,NA,NA,NA,NA,NA,NA,NA,NA,NA,NA,NA,NA,NA,NA,NA,NA,NA,NA,NA,NA,NA,NA,NA,NA,NA,NA,NA,NA,NA,NA,NA,NA,NA,NA,NA,NA,NA,NA,NA,,,NA,NA,NA,NA,0,1,0,2,0,1,0,90,125986462,1259864621
12601217,AUS_12601217,30.17647,-97.83191,2,1,3,16,1,8,1,1,4,11,1,4,N,4,NA,NA,4,97,97,,,1,0,0,0,0,1,0,N,N,N,N,N,N,N,2/3/2012,4:49 PM,227,22,N,N,NA,NA,19,,,1,2600,,PIPING ROCK,TRL,N,N,0,N,N,,Y,19,,,NA,2500,W,SLAUGHTER,LN,NA,,,,,,11,1,2,NA,1,1,8,4:51 PM,DISPATCH,5:02 PM,2/3/2012,Y,74,163,99,130,8,5,2,1,64,54,1,5,1,21,21,227,22,30.17647,-97.83191,,,,NA,PIPING ROCK TRL,2699,NA,NA,NA,NA,NA,,,,UNKNOWN,NA,NA,NA,NA,Y,N,N,1,9,Y,FRI,NA,NA,NA,NA,NA,NA,NA,NA,NA,NA,NA,NA,NA,NA,NA,NA,NA,NA,NA,NA,NA,NA,NA,NA,NA,NA,NA,NA,NA,NA,NA,NA,NA,NA,NA,NA,NA,NA,NA,NA,NA,NA,NA,NA,NA,NA,NA,NA,NA,,,NA,NA,NA,NA,1,0,0,1,0,1,0,90,126012172,1260121721
12603332,AUS_12603332,30.21522,-97.7688,2,1,3,16,3,30,1,2,4,11,1,4,N,4,NA,NA,4,97,97,,,0,0,1,0,0,1,0,N,N,N,N,N,N,N,2/21/2012,9:32 PM,227,22,N,N,NA,NA,19,,,1,,,SHERATON AVES CONGRESS,,N,N,40,N,N,,Y,19,,,NA,,S,CONGRESS,,NA,,,,,,11,4,2,NA,1,1,5,9:32 PM,DISPATCHED,9:35 PM,2/21/2012,Y,74,NA,105,112,8,5,2,3,64,54,1,5,1,21,21,227,22,30.21522,-97.7688,,,,NA,SHERATON AVE,100,NA,NA,NA,NA,NA,,,,S CONGRESS AVE,NA,NA,NA,NA,Y,N,N,3,9,Y,TUE,NA,NA,NA,NA,NA,NA,NA,NA,NA,NA,NA,NA,NA,NA,NA,NA,NA,NA,NA,NA,NA,NA,NA,NA,NA,NA,NA,NA,NA,NA,NA,NA,NA,NA,NA,NA,NA,NA,NA,NA,NA,NA,NA,NA,NA,NA,NA,NA,NA,,,NA,NA,NA,NA,0,0,1,2,0,1,0,90,126033322,1260333221
12606044,AUS_12606044,30.24693941,-97.77716524,2,1,3,16,2,39,1,1,4,11,1,5,N,4,NA,NA,4,97,97,,,0,1,0,0,0,1,0,N,N,N,N,N,N,N,3/17/2012,11:46 AM,227,22,N,Y,NA,NA,19,,,1,,S,LAMAR,BLVD,N,N,40,N,N,,Y,19,,,NA,,,BLUEBONNET,LN,NA,,,,,,12,1,4,3,2,1,16,11:46 AM,DISPATCHED,11:57 AM,3/17/2012,Y,74,NA,NA,NA,8,5,1,2,64,54,1,2,1,21,21,227,22,30.24693941,-97.77716524,SL,343,,1.805,SL0343,2421,113,9,6.74,566,-0.685,,,,BLUEBONNET LN,NA,NA,NA,NA,Y,Y,N,2,9,Y,SAT,2,0,0,0,0,2,4,80,60,48,4,1,1,1,0,0,1,0,0,0,0,4,14,39340,2012,39340,0.8,0.3,1.1,1,199,3,2,31,NA,NA,NA,NA,NA,NA,NA,NA,NA,NA,NA,NA,NA,NA,NA,,,NA,NA,NA,NA,0,1,0,1,0,1,0,90,126060442,1260604421
12611246,AUS_12611246,30.43748839,-97.83819585,2,1,3,16,2,26,1,1,4,11,1,2,N,4,NA,NA,4,97,97,,,0,1,0,0,0,1,0,N,N,N,N,N,N,N,2/19/2012,1:30 PM,227,1792,Y,N,NA,NA,4,620,,1,9800,N,NOT REPORTED,RD,N,N,60,N,N,,N,19,,,NA,,,BUCKNER,RD,NA,,,,,,11,1,98,3,1,1,20,1:31 PM,DISPATCH,1:50 PM,2/19/2012,Y,74,1,46,64,8,5,3,3,64,13,1,3,1,32,21,227,22,30.43748839,-97.83819585,RM,620,,15.354,RM0620,NA,683,2,15.44,540,-0.29,,,,N/A,NA,NA,NA,NA,Y,Y,N,2,9,Y,SUN,2,0,8,8,0,2,4,120,78,62,3,0,0,2,8,5,2,8,5,0,0,4,14,46000,2012,46000,1.5,0.2,1.7,NA,NA,NA,NA,NA,NA,NA,NA,NA,NA,NA,NA,NA,NA,NA,NA,NA,NA,NA,NA,,,NA,NA,NA,NA,0,1,0,3,0,1,0,90,126112462,1261124621
12611283,AUS_12611283,30.2646878,-97.74911697,2,1,3,16,2,33,1,1,4,11,1,2,N,4,NA,NA,4,97,97,,,0,1,0,0,0,1,0,N,N,N,N,N,N,N,2/15/2012,9:17 AM,227,22,N,N,NA,NA,19,,,1,100,,SAN ANTONIO,ST,N,N,30,N,N,,N,19,,,NA,,W,CESAR CHAVEZ,ST,NA,,,,,,12,1,2,NA,8,1,5,9:17 AM,DISPATCHED,9:22 AM,2/15/2012,Y,74,1,115,144,8,5,2,1,64,54,1,5,1,21,21,227,22,30.2646878,-97.74911697,,,,NA,SAN ANTONIO ST,102,NA,NA,NA,NA,NA,,,,W CESAR CHAVEZ ST,NA,NA,NA,NA,Y,N,N,2,9,Y,WED,NA,NA,NA,NA,NA,NA,NA,NA,NA,NA,NA,NA,NA,NA,NA,NA,NA,NA,NA,NA,NA,NA,NA,NA,NA,NA,NA,NA,NA,NA,NA,NA,NA,NA,NA,NA,NA,NA,NA,NA,NA,NA,NA,NA,NA,NA,NA,NA,NA,,,NA,NA,NA,NA,0,1,0,1,0,1,0,90,126112832,1261128321
12611304,AUS_12611304,30.44879611,-97.79049114,2,1,3,16,1,58,1,1,4,11,1,4,N,4,NA,NA,4,97,97,,,1,0,0,0,0,1,0,N,N,N,N,N,N,N,2/8/2012,8:33 PM,246,22,N,Y,NA,NA,19,,,1,9400,,ANDERSON MILL,RD,N,N,40,N,N,,N,2,183,,NA,,,SVRD NB,HWY,NA,,,,,,11,4,0,2,1,1,20,8:33 PM,DISPATCH,8:42 PM,2/28/2012,Y,74,1,46,64,8,5,4,1,64,54,1,2,1,21,21,246,22,30.44879611,-97.79049114,US,183,,308.494,US0183,NA,151,5,28.229,502,0.235,,,,N/A,NA,NA,NA,NA,Y,Y,N,1,9,Y,WED,5,0,10,10,32,2,8,220,136,96,5,0,0,2,20,5,2,20,5,3,12,4,12,114950,2012,114950,1.9,0.5,2.4,1,167,1,2,8,NA,NA,NA,NA,NA,NA,NA,NA,NA,NA,NA,NA,NA,NA,NA,,,NA,NA,NA,NA,1,0,0,1,0,1,0,90,126113042,1261130421
12611340,AUS_12611340,30.28979,-97.74141,1,1,3,16,2,NA,1,1,4,11,1,4,N,4,NA,NA,4,97,97,,,0,1,0,0,0,1,0,N,N,N,N,N,N,N,2/7/2012,3:42 PM,227,22,N,N,NA,NA,19,,,1,,W,DEAN KEETON,ST,N,N,0,N,N,,Y,19,,,NA,,,GUADALUPE,ST,NA,,,,,,11,1,2,NA,1,1,20,3:42 PM,DISPATCHED,3:50 PM,2/7/2012,Y,74,NA,120,14,8,5,1,1,64,54,1,5,1,21,21,227,22,30.28979,-97.74141,,,,NA,W DEAN KEETON ST,398,NA,NA,NA,NA,NA,,,,GUADALUPE ST,NA,NA,NA,NA,Y,N,N,2,9,Y,TUE,NA,NA,NA,NA,NA,NA,NA,NA,NA,NA,NA,NA,NA,NA,NA,NA,NA,NA,NA,NA,NA,NA,NA,NA,NA,NA,NA,NA,NA,NA,NA,NA,NA,NA,NA,NA,NA,NA,NA,NA,NA,NA,NA,NA,NA,NA,NA,NA,NA,,,NA,NA,NA,NA,0,1,0,1,0,1,0,90,126113401,1261134011
12611382,AUS_12611382,30.38063,-97.71595,1,1,3,16,3,26,3,1,4,11,1,4,N,4,NA,NA,4,97,97,,,0,0,1,0,0,1,0,N,N,N,N,N,N,N,2/22/2012,2:17 AM,227,22,N,N,NA,NA,19,,,1,10100,,METRIC,BLVD,N,N,0,N,N,,Y,19,,,NA,2100,,RUTLAND,DR,NA,,,,,,2,4,4,NA,1,2,5,2:17 AM,DISPATCH,2:17 AM,2/22/2012,Y,74,NA,114,143,8,5,1,5,64,54,1,5,1,21,21,227,22,30.38063,-97.71595,,,,NA,METRIC BLVD,10099,NA,NA,NA,NA,NA,,,,RUTLAND DR,NA,NA,NA,NA,Y,N,N,3,9,Y,WED,NA,NA,NA,NA,NA,NA,NA,NA,NA,NA,NA,NA,NA,NA,NA,NA,NA,NA,NA,NA,NA,NA,NA,NA,NA,NA,NA,NA,NA,NA,NA,NA,NA,NA,NA,NA,NA,NA,NA,NA,NA,NA,NA,NA,NA,NA,NA,NA,NA,,,NA,NA,NA,NA,0,0,1,0,1,1,0,90,126113821,1261138211
12612062,AUS_12612062,30.28998227,-97.74443839,1,1,3,16,2,25,4,2,4,11,1,4,N,4,NA,NA,4,97,97,,,0,1,0,0,0,1,0,N,N,N,N,N,N,N,1/20/2012,11:58 PM,227,22,N,N,NA,NA,19,,,1,,,RIO GRANDE,,N,N,0,N,N,,Y,19,,,NA,,,GRAHM,PL,NA,,,,,,11,4,2,NA,1,1,8,11:59 PM,DISPATCH,12:02 AM,1/20/2012,Y,74,17,120,14,8,5,2,3,64,54,1,5,1,21,21,227,22,30.28998227,-97.74443839,,,,NA,RIO GRANDE ST,2512,NA,NA,NA,NA,NA,,,,UNKNOWN,NA,NA,NA,NA,Y,N,N,2,9,Y,FRI,NA,NA,NA,NA,NA,NA,NA,NA,NA,NA,NA,NA,NA,NA,NA,NA,NA,NA,NA,NA,NA,NA,NA,NA,NA,NA,NA,NA,NA,NA,NA,NA,NA,NA,NA,NA,NA,NA,NA,NA,NA,NA,NA,NA,NA,NA,NA,NA,NA,,,NA,NA,NA,NA,0,1,0,1,0,1,0,90,126120621,1261206211
12612380,AUS_12612380,30.2736167,-97.75174799,1,1,3,16,5,52,1,1,4,11,1,4,N,4,NA,NA,4,97,97,,,0,0,0,1,0,0,0,N,N,N,N,N,N,N,1/13/2012,3:51 PM,227,22,N,Y,NA,NA,19,,,1,800,W,9TH,ST,N,N,30,N,N,,Y,19,,,1,800,,HENDERSON,ST,NA,,,,,,11,1,2,NA,1,1,8,3:53 PM,COMMUNICATIONS,3:58 PM,1/13/2012,Y,74,NA,NA,126,8,5,1,3,64,54,1,5,1,21,21,227,22,30.2736167,-97.75174799,,,,NA,W 9TH ST,901,NA,NA,NA,NA,NA,,,,UNKNOWN,NA,NA,NA,NA,Y,N,N,5,9,Y,FRI,NA,NA,NA,NA,NA,NA,NA,NA,NA,NA,NA,NA,NA,NA,NA,NA,NA,NA,NA,NA,NA,NA,NA,NA,NA,NA,NA,NA,NA,NA,NA,NA,NA,NA,NA,NA,NA,NA,NA,NA,NA,NA,NA,NA,NA,NA,NA,NA,NA,,,NA,NA,NA,NA,0,0,0,2,0,0,0,90,126123801,1261238011
12616529,AUS_12616529,30.26405,-97.72948,1,1,3,16,2,63,2,1,4,11,1,4,N,4,NA,NA,4,97,97,,,0,1,0,0,0,1,0,N,N,N,N,N,N,N,3/2/2012,10:00 PM,227,22,N,N,NA,NA,19,,,1,,,ATTYAC 6TH,ST,N,N,30,N,N,,Y,19,,,NA,1300,E,6TH,ST,NA,,,,,,11,2,4,NA,1,1,1,10:00 PM,DISPATCHED,10:02 PM,3/2/2012,Y,74,NA,NA,359,8,5,2,1,64,54,1,5,1,21,21,227,22,30.26405,-97.72948,,,,NA,ATTAYAC ST,601,NA,NA,NA,NA,NA,,,,UNKNOWN,NA,NA,NA,NA,Y,N,N,2,9,Y,FRI,NA,NA,NA,NA,NA,NA,NA,NA,NA,NA,NA,NA,NA,NA,NA,NA,NA,NA,NA,NA,NA,NA,NA,NA,NA,NA,NA,NA,NA,NA,NA,NA,NA,NA,NA,NA,NA,NA,NA,NA,NA,NA,NA,NA,NA,NA,NA,NA,NA,,,NA,NA,NA,NA,0,1,0,0,1,1,0,90,126165291,1261652911
12616630,AUS_12616630,30.27293,-97.71378,2,1,3,16,2,NA,1,2,4,11,1,1,N,4,NA,NA,6,97,97,,,0,1,0,0,0,1,0,N,N,N,N,N,N,N,1/4/2012,8:08 AM,227,22,N,Y,NA,NA,19,,,1,1100,N,PLEASANT VALLEY,,N,N,30,N,N,,Y,19,,,NA,2500,,NEW YORK,,NA,,,,,,0,1,2,NA,6,1,16,8:08 AM,DISPATCHED,8:10 AM,1/4/2012,Y,74,NA,41,16,8,5,1,3,64,54,1,5,1,21,21,227,22,30.27293,-97.71378,,,,NA,N PLEASANT VALLEY RD,1171,NA,NA,NA,NA,NA,,,,NEW YORK DR,NA,NA,NA,NA,Y,N,N,2,9,Y,WED,NA,NA,NA,NA,NA,NA,NA,NA,NA,NA,NA,NA,NA,NA,NA,NA,NA,NA,NA,NA,NA,NA,NA,NA,NA,NA,NA,NA,NA,NA,NA,NA,NA,NA,NA,NA,NA,NA,NA,NA,NA,NA,NA,NA,NA,NA,NA,NA,NA,,,NA,NA,NA,NA,0,1,0,1,0,1,0,90,126166302,1261663021
12616682,AUS_12616682,30.35171694,-97.74901678,2,1,3,16,3,39,1,1,4,11,1,3,N,4,NA,NA,4,97,97,,,0,0,1,0,0,1,0,N,N,N,N,N,N,N,1/9/2012,3:40 PM,227,22,N,N,NA,NA,19,,,1,7000,N,MOPAC SVRD SB,EXPY,N,N,0,N,N,,N,19,,,NA,3400,,FAR WEST,BLVD,NA,,,,,,2,1,2,2,2,2,1,3:40 PM,DISPATCH,3:43 PM,1/9/2012,Y,74,1,120,14,8,5,3,1,64,14,1,2,1,32,21,227,22,30.35171694,-97.74901678,SL,1,,9.713,SL0001,NA,3136,1,9.863,434,-0.057,,,,N/A,NA,NA,NA,NA,Y,Y,N,3,9,Y,MON,5,0,6,10,48,2,6,350,104,72,4,1,0,2,12,5,2,20,5,2,36,4,12,135760,2012,135760,1.5,0.3,1.8,1,144,3,1,22,NA,NA,NA,NA,NA,NA,NA,NA,NA,NA,NA,NA,NA,NA,NA,,,NA,NA,NA,NA,0,0,1,1,0,1,0,90,126166822,1261668221
12616727,AUS_12616727,30.269,-97.7069,1,1,3,16,2,15,3,1,4,11,1,4,N,4,NA,NA,4,97,97,,,0,1,0,0,0,1,0,N,N,N,N,N,N,N,1/2/2012,2:57 PM,227,22,N,N,NA,NA,19,,,1,3300,,WEBBERVILLE,,N,N,35,N,N,,Y,19,,,NA,700,,THOMPSON,ST,NA,,,,,,11,1,3,NA,3,1,8,2:57 PM,DISPATCHED,3:00 PM,1/2/2012,Y,74,NA,53,78,8,5,1,1,64,54,1,5,1,21,21,227,22,30.269,-97.7069,,,,NA,WEBBERVILLE RD,3403,NA,NA,NA,NA,NA,,,,THOMPSON ST,NA,NA,NA,NA,Y,N,N,2,9,Y,MON,NA,NA,NA,NA,NA,NA,NA,NA,NA,NA,NA,NA,NA,NA,NA,NA,NA,NA,NA,NA,NA,NA,NA,NA,NA,NA,NA,NA,NA,NA,NA,NA,NA,NA,NA,NA,NA,NA,NA,NA,NA,NA,NA,NA,NA,NA,NA,NA,NA,,,NA,NA,NA,NA,0,1,0,1,0,1,0,90,126167271,1261672711
12620087,AUS_12620087,30.28847473,-97.69978054,2,1,3,16,3,23,1,1,4,11,1,2,N,6,NA,NA,4,97,97,,,0,0,1,0,0,1,0,N,N,N,N,N,N,N,1/18/2012,11:00 AM,227,22,N,N,NA,NA,19,,,1,,,MANOR,RD,N,N,35,N,N,,N,19,,,NA,,,GREENWOOD,,NA,,,,,,11,1,4,NA,1,1,5,11:00 AM,DISPATCH,11:06 AM,4/18/2012,Y,74,NA,NA,119,8,5,1,2,64,54,1,5,1,21,21,227,22,30.28847473,-97.69978054,,,,NA,MANOR RD,3532,NA,NA,NA,NA,NA,,,,GREENWOOD AVE,NA,NA,NA,NA,Y,N,N,3,9,Y,WED,NA,NA,NA,NA,NA,NA,NA,NA,NA,NA,NA,NA,NA,NA,NA,NA,NA,NA,NA,NA,NA,NA,NA,NA,NA,NA,NA,NA,NA,NA,NA,NA,NA,NA,NA,NA,NA,NA,NA,NA,NA,NA,NA,NA,NA,NA,NA,NA,NA,,,NA,NA,NA,NA,0,0,1,0,1,1,0,90,126200872,1262008721
12620100,AUS_12620100,30.22464,-97.87488,2,1,3,16,2,10,1,2,4,11,1,2,N,4,NA,NA,4,97,97,,,0,1,0,0,0,1,0,N,N,N,N,N,N,N,1/1/2012,3:11 PM,227,22,N,N,NA,NA,19,,,1,6600,,DEBCOE,DR,N,N,30,N,N,,Y,19,,,NA,7600,,SHADOW RIDGE RUN,,NA,,,,,,11,1,2,NA,5,1,1,3:12 PM,DISPATCH,3:22 PM,1/1/2012,Y,74,NA,18,44,8,5,1,1,64,54,1,5,1,21,21,227,22,30.22464,-97.87488,,,,NA,DEBCOE DR,6600,NA,NA,NA,NA,NA,,,,SHADOWRIDGE RUN,NA,NA,NA,NA,Y,N,N,2,9,Y,SUN,NA,NA,NA,NA,NA,NA,NA,NA,NA,NA,NA,NA,NA,NA,NA,NA,NA,NA,NA,NA,NA,NA,NA,NA,NA,NA,NA,NA,NA,NA,NA,NA,NA,NA,NA,NA,NA,NA,NA,NA,NA,NA,NA,NA,NA,NA,NA,NA,NA,,,NA,NA,NA,NA,0,1,0,1,0,1,0,90,126201002,1262010021
12631219,AUS_12631219,30.26438097,-97.74802804,2,1,3,16,5,25,1,1,4,11,NA,4,N,4,NA,NA,4,97,97,,,0,0,0,1,0,0,0,N,N,N,N,N,N,N,1/12/2012,2:19 PM,227,22,N,N,NA,NA,19,,,1,,W,CESAR CHAVEZ,ST,N,N,35,N,N,,Y,19,,,NA,,,GUADALUPE,ST,NA,,,,,,12,1,4,3,1,1,5,2:19 PM,DISPATCH,2:19 PM,1/12/2012,Y,74,NA,18,312,8,5,2,1,64,54,1,2,1,21,21,227,22,30.26438097,-97.74802804,SL,343,,4.319,SL0343,400,113,12,5.553,568,0.001,,,,GUADALUPE ST,NA,NA,NA,NA,N,Y,N,5,9,Y,THU,2,0,0,7,0,2,4,74,51,44,4,0,0,1,0,0,2,7,5,0,0,4,14,35000,2012,35000,0.8,0.3,1.1,NA,NA,NA,NA,NA,NA,NA,NA,NA,NA,NA,NA,NA,NA,NA,NA,NA,NA,NA,NA,,,NA,NA,NA,NA,0,0,0,2,0,0,0,90,126312192,1263121921
12631227,AUS_12631227,30.23360917,-97.74126511,2,1,3,16,2,57,1,1,4,11,1,4,N,4,NA,NA,4,97,97,,,0,1,0,0,0,1,0,N,N,N,N,N,N,N,3/2/2012,1:15 PM,227,22,N,Y,NA,NA,1,35,,2,2300,S,SERVICE ROAD SB,,N,N,0,N,N,,Y,19,,,NA,1300,E,OLTORF,ST,NA,,,,,,11,1,4,2,1,1,5,1:15 PM,DISPATCHED,1:20 PM,3/2/2012,Y,74,17,105,112,8,5,2,1,64,54,2,1,1,21,21,227,22,30.23360917,-97.74126511,IH,35,,231.524,IH0035,NA,15,13,15.403,232,0.353,,,,E OLTORF ST,NA,NA,NA,NA,Y,Y,N,2,9,Y,FRI,5,0,2,10,7,2,6,300,96,72,4,0,0,2,4,5,2,20,5,2,3,4,11,157520,2012,157520,2.7,7.3,10,NA,NA,NA,NA,NA,NA,NA,NA,NA,NA,NA,NA,NA,NA,NA,NA,NA,NA,NA,NA,,,NA,NA,NA,NA,0,1,0,1,0,1,0,90,126312272,1263122721
12631448,AUS_12631448,30.29097016,-97.74283629,1,1,3,16,2,24,1,1,4,11,1,4,N,4,NA,NA,4,97,97,,,0,1,0,0,0,1,0,N,N,N,N,N,N,N,3/23/2012,2:35 PM,227,22,N,Y,NA,NA,19,,,1,2600,,NUECES,ST,N,N,30,N,N,,N,19,,,NA,500,W,26TH,ST,NA,,,,,,11,1,0,NA,1,1,1,2:35 PM,DISPATCH,2:47 PM,3/23/2012,Y,74,NA,NA,187,8,5,3,3,64,14,1,5,1,32,21,227,22,30.29097016,-97.74283629,,,,NA,NUECES ST,2629,NA,NA,NA,NA,NA,,,,N/A,NA,NA,NA,NA,Y,N,N,2,9,Y,FRI,NA,NA,NA,NA,NA,NA,NA,NA,NA,NA,NA,NA,NA,NA,NA,NA,NA,NA,NA,NA,NA,NA,NA,NA,NA,NA,NA,NA,NA,NA,NA,NA,NA,NA,NA,NA,NA,NA,NA,NA,NA,NA,NA,NA,NA,NA,NA,NA,NA,,,NA,NA,NA,NA,0,1,0,1,0,1,0,90,126314481,1263144811
12631512,AUS_12631512,30.26184652,-97.73887705,2,1,3,16,2,27,1,1,4,11,1,2,N,4,NA,NA,4,97,97,,,0,1,0,0,0,1,0,N,N,N,N,N,N,N,3/22/2012,6:19 PM,227,22,N,Y,NA,NA,19,,,1,500,E,CESAR CHAVEZ,ST,N,N,35,N,N,,Y,19,,,NA,,,RED RIVER,ST,NA,,,,,,11,1,4,3,1,1,5,6:19 PM,DISPATCHED,6:20 PM,3/22/2012,Y,74,12,115,144,8,5,1,3,64,54,1,2,1,21,21,227,22,30.26184652,-97.73887705,SL,343,,4.892,SL0343,598,113,12,6.147,568,0.574,,,,RED RIVER ST,NA,NA,NA,NA,Y,Y,N,2,9,Y,THU,2,0,10,10,0,9,4,80,68,48,6,0,0,2,10,5,2,10,5,0,0,4,14,28000,2012,28000,0.9,0.3,1.2,NA,NA,NA,NA,NA,NA,NA,NA,NA,NA,NA,NA,NA,NA,NA,NA,NA,NA,NA,NA,,,NA,NA,NA,NA,0,1,0,1,0,1,0,90,126315122,1263151221