CrashID,CrashID1,Latitude,Longitude,Unit_Nbr,Prsn_Nbr,Prsn_Type_ID,Prsn_Occpnt_Pos_ID,Prsn_Injry_Sev_ID,Prsn_Age,Prsn_Ethnicity_ID,Prsn_Gndr_ID,Prsn_Ejct_ID,Prsn_Rest_ID,Prsn_Airbag_ID,Prsn_Helmet_ID,Prsn_Sol_Fl,Prsn_Alc_Spec_Type_ID,Prsn_Alc_Rslt_ID,Prsn_Bac_Test_Rslt,Prsn_Drg_Spec_Type_ID,Prsn_Drg_Rslt_ID,Drvr_Drg_Cat_1_ID,Prsn_Death_Date,Prsn_Death_Time,Incap_Injry_Cnt.x,Nonincap_Injry_Cnt.x,Poss_Injry_Cnt.x,Non_Injry_Cnt.x,Unkn_Injry_Cnt.x,Tot_Injry_Cnt.x,Death_Cnt.x,Crash_Fatal_Fl,Cmv_Involv_Fl,Schl_Bus_Fl,Rr_Relat_Fl,Medical_Advisory_Fl,Amend_Supp_Fl,Active_School_Zone_Fl,Crash_Date,Crash_Time,Rpt_CRIS_Cnty_ID,Rpt_City_ID,Rpt_Outside_City_Limit_Fl,Thousand_Damage_Fl,Rpt_Latitude,Rpt_Longitude,Rpt_Rdwy_Sys_ID,Rpt_Hwy_Num,Rpt_Hwy_Sfx,Rpt_Road_Part_ID,Rpt_Block_Num,Rpt_Street_Pfx,Rpt_Street_Name,Rpt_Street_Sfx,Private_Dr_Fl,Toll_Road_Fl,Crash_Speed_Limit,Road_Constr_Zone_Fl,Road_Constr_Zone_Wrkr_Fl,Rpt_Street_Desc,At_Intrsct_Fl,Rpt_Sec_Rdwy_Sys_ID,Rpt_Sec_Hwy_Num,Rpt_Sec_Hwy_Sfx,Rpt_Sec_Road_Part_ID,Rpt_Sec_Block_Num,Rpt_Sec_Street_Pfx,Rpt_Sec_Street_Name,Rpt_Sec_Street_Sfx,Rpt_Ref_Mark_Offset_Amt,Rpt_Ref_Mark_Dist_Uom,Rpt_Ref_Mark_Dir,Rpt_Ref_Mark_Nbr,Rpt_Sec_Street_Desc,Rpt_CrossingNumber,Wthr_Cond_ID,Light_Cond_ID,Entr_Road_ID,Road_Type_ID,Road_Algn_ID,Surf_Cond_ID,Traffic_Cntl_ID,Investigat_Notify_Time,Investigat_Notify_Meth,Investigat_Arrv_Time,Report_Date,Investigat_Comp_Fl,Investigat_Agency_ID,Investigat_Area_ID,Investigat_District_ID,Investigat_Region_ID,Bridge_Detail_ID,Harm_Evnt_ID,Intrsct_Relat_ID,FHE_Collsn_ID,Obj_Struck_ID,Othr_Factr_ID,Road_Part_Adj_ID,Road_Cls_ID,Road_Relat_ID,Phys_Featr_1_ID,Phys_Featr_2_ID,Cnty_ID,City_ID,Latitude,Longitude,Hwy_Sys,Hwy_Nbr,Hwy_Sfx,Dfo,Street_Name,Street_Nbr,Control,Section,Milepoint,Ref_Mark_Nbr,Ref_Mark_Displ,Hwy_Sys_2,Hwy_Nbr_2,Hwy_Sfx_2,Street_Name_2,Street_Nbr_2,Control_2,Section_2,Milepoint_2,Txdot_Rptable_Fl,Onsys_Fl,Rural_Fl,Crash_Sev_ID,Pop_Group_ID,Located_Fl,Day_of_Week,Hwy_Dsgn_Lane_ID,Hwy_Dsgn_Hrt_ID,Hp_Shldr_Left,Hp_Shldr_Right,Hp_Median_Width,Base_Type_ID,Nbr_Of_Lane,Row_Width_Usual,Roadbed_Width,Surf_Width,Surf_Type_ID,Curb_Type_Left_ID,Curb_Type_Right_ID,Shldr_Type_Left_ID,Shldr_Width_Left,Shldr_Use_Left_ID,Shldr_Type_Right_ID,Shldr_Width_Right,Shldr_Use_Right_ID,Median_Type_ID,Median_Width,Rural_Urban_Type_ID,Func_Sys_ID,Adt_Curnt_Amt,Adt_Curnt_Year,Adt_Adj_Curnt_Amt,Pct_Single_Trk_Adt,Pct_Combo_Trk_Adt,Trk_Aadt_Pct,Curve_Type_ID,Curve_Lngth,Cd_Degr,Delta_Left_Right_ID,Dd_Degr,Feature_Crossed,Structure_Number,I_R_Min_Vert_Clear,Approach_Width,Bridge_Median_ID,Bridge_Loading_Type_ID,Bridge_Loading_In_1000_Lbs,Bridge_Srvc_Type_On_ID,Bridge_Srvc_Type_Under_ID,Culvert_Type_ID,Roadway_Width,Deck_Width,Bridge_Dir_Of_Traffic_ID,Bridge_Rte_Struct_Func_ID,Bridge_IR_Struct_Func_ID,CrossingNumber,RRCo,Poscrossing_ID,WDCode_ID,Standstop,Yield,Incap_Injry_Cnt.y,Nonincap_Injry_Cnt.y,Poss_Injry_Cnt.y,Non_Injry_Cnt.y,Unkn_Injry_Cnt.y,Tot_Injry_Cnt.y,Death_Cnt.y,MPO_ID,Unit_ID,Unit_Prsn_ID
12631628,AUS_12631628,30.24820627,-97.73539073,1,1,3,16,5,30,1,1,4,11,1,4,N,4,NA,NA,4,97,97,,,0,0,0,1,0,0,0,N,N,N,N,N,N,N,3/26/2012,2:19 PM,227,22,N,Y,NA,NA,19,,,2,1100,E,RIVERSIDE,DR,N,N,35,Y,N,,Y,1,35,,NA,,N,WF,,NA,,,,,,11,1,4,2,1,1,5,2:20 PM,DISPATCH,2:24 PM,3/26/2012,Y,74,NA,NA,35,8,5,2,1,64,49,1,1,1,21,21,227,22,30.24820627,-97.73539073,IH,35,,232.618,IH0035,NA,15,13,16.5,233,0.458,,,,E RIVERSIDE DR,NA,NA,NA,NA,Y,Y,N,5,9,Y,MON,5,0,2,10,7,2,6,300,96,72,4,0,0,2,4,5,2,20,5,2,3,4,11,144620,2012,144620,2.8,7.7,10.5,1,238,3,1,37,NA,NA,NA,NA,NA,NA,NA,NA,NA,NA,NA,NA,NA,NA,NA,,,NA,NA,NA,NA,0,0,0,2,0,0,0,90,126316281,1263162811
12637820,AUS_12637820,30.26144,-97.76002,2,1,3,16,2,29,1,2,4,11,1,4,N,4,NA,NA,4,97,97,,,0,1,0,0,0,1,0,N,N,N,N,N,N,N,3/30/2012,11:14 PM,227,22,N,N,NA,NA,19,,,1,1400,,BARTON SPRINGS,,N,N,35,N,N,,Y,19,,,NA,400,,JESSIE,ST,NA,,,,,,11,4,2,NA,1,1,8,11:14 PM,DISPATCHED,11:20 PM,3/31/2012,Y,74,NA,NA,72,8,5,1,2,64,54,1,5,1,21,21,227,22,30.26144,-97.76002,,,,NA,BARTON SPRINGS RD,NA,NA,NA,NA,NA,NA,,,,JESSIE ST,NA,NA,NA,NA,Y,N,N,2,9,Y,FRI,NA,NA,NA,NA,NA,NA,NA,NA,NA,NA,NA,NA,NA,NA,NA,NA,NA,NA,NA,NA,NA,NA,NA,NA,NA,NA,NA,NA,NA,NA,NA,NA,NA,NA,NA,NA,NA,NA,NA,NA,NA,NA,NA,NA,NA,NA,NA,NA,NA,,,NA,NA,NA,NA,0,1,0,1,0,1,0,90,126378202,1263782021
12637903,AUS_12637903,30.26405,-97.72948,1,1,3,16,2,26,1,1,4,11,1,4,N,4,NA,NA,4,97,97,,,0,1,0,0,0,1,0,N,N,N,N,N,N,N,3/31/2012,7:57 PM,227,22,N,N,NA,NA,19,,,1,,E,6TH,ST,N,N,30,N,N,,Y,19,,,NA,,,ATTAYAC,ST,NA,,,,,,11,1,4,NA,1,1,20,7:57 PM,DISPATCHED,8:05 PM,3/31/2012,Y,74,36,67,282,8,5,1,3,64,54,1,5,1,21,21,227,22,30.26405,-97.72948,,,,NA,E 6TH ST,1298,NA,NA,NA,NA,NA,,,,ATTAYAC ST,NA,NA,NA,NA,Y,N,N,2,9,Y,SAT,NA,NA,NA,NA,NA,NA,NA,NA,NA,NA,NA,NA,NA,NA,NA,NA,NA,NA,NA,NA,NA,NA,NA,NA,NA,NA,NA,NA,NA,NA,NA,NA,NA,NA,NA,NA,NA,NA,NA,NA,NA,NA,NA,NA,NA,NA,NA,NA,NA,,,NA,NA,NA,NA,0,1,0,2,0,1,0,90,126379031,1263790311
12637959,AUS_12637959,30.27356437,-97.69109184,2,1,3,16,2,53,2,2,4,11,1,5,N,4,NA,NA,4,97,97,,,0,1,0,0,0,1,0,N,N,N,N,N,N,N,4/3/2012,5:07 PM,227,22,N,N,NA,NA,19,,,1,3600,,OAKSPRINGS,RD,N,N,30,N,N,,N,19,,,NA,1100,,SPRINGDALE,RD,NA,,,,,,11,1,0,NA,1,1,1,5:07 PM,DISP.,5:07 PM,4/3/2012,Y,74,NA,NA,NA,8,5,3,3,64,13,1,5,1,32,21,227,22,30.27356437,-97.69109184,,,,NA,OAK SPRINGS DR,3824,NA,NA,NA,NA,NA,,,,N/A,NA,NA,NA,NA,Y,N,N,2,9,Y,TUE,NA,NA,NA,NA,NA,NA,NA,NA,NA,NA,NA,NA,NA,NA,NA,NA,NA,NA,NA,NA,NA,NA,NA,NA,NA,NA,NA,NA,NA,NA,NA,NA,NA,NA,NA,NA,NA,NA,NA,NA,NA,NA,NA,NA,NA,NA,NA,NA,NA,,,NA,NA,NA,NA,0,1,0,0,1,1,0,90,126379592,1263795921
12638000,AUS_12638000,30.23085648,-97.73337485,2,1,3,16,3,20,3,1,4,11,1,4,N,4,NA,NA,4,97,97,,,0,0,1,0,0,1,0,N,N,N,N,N,N,N,4/2/2012,4:47 PM,227,22,N,N,NA,NA,19,,,1,2030,E,OLTORF,ST,N,N,0,N,N,,N,19,,,NA,2200,,BURTON,DR,NA,,,,,,11,1,0,NA,1,1,20,4:47 PM,DISPATCH,4:53 PM,4/2/2012,Y,74,20,98,129,8,5,3,1,64,14,1,5,1,32,21,227,22,30.23085648,-97.73337485,,,,NA,E OLTORF ST,2030,NA,NA,NA,NA,NA,,,,N/A,NA,NA,NA,NA,Y,N,N,3,9,Y,MON,NA,NA,NA,NA,NA,NA,NA,NA,NA,NA,NA,NA,NA,NA,NA,NA,NA,NA,NA,NA,NA,NA,NA,NA,NA,NA,NA,NA,NA,NA,NA,NA,NA,NA,NA,NA,NA,NA,NA,NA,NA,NA,NA,NA,NA,NA,NA,NA,NA,,,NA,NA,NA,NA,0,0,1,1,0,1,0,90,126380002,1263800021
12640433,AUS_12640433,30.2324592,-97.87646368,2,1,3,16,3,32,3,1,4,11,1,4,N,4,NA,NA,4,97,97,,,0,0,1,0,0,1,0,N,N,N,N,N,N,N,3/4/2012,8:39 AM,227,22,N,N,NA,NA,19,,,1,7000,,OAK MEADOW,DR,N,N,30,N,N,,Y,2,290,,NA,7100,W,WB,HWY,NA,,,,,,11,1,4,3,1,1,8,8:41 AM,DISPATCH,8:52 AM,3/4/2012,Y,74,1,105,112,8,5,1,1,64,54,1,2,1,21,21,227,22,30.2324592,-97.87646368,US,290,,109.271,US0290,NA,113,8,6.124,570,0.127,,,,OAK MEADOW DR,NA,NA,NA,NA,Y,Y,N,3,9,Y,SUN,2,0,0,0,0,2,4,160,44,44,4,0,0,1,0,0,1,0,0,0,0,4,12,41000,2012,41000,1.7,0.8,2.5,NA,NA,NA,NA,NA,NA,NA,NA,NA,NA,NA,NA,NA,NA,NA,NA,NA,NA,NA,NA,,,NA,NA,NA,NA,0,0,1,1,0,1,0,90,126404332,1264043321
12643840,AUS_12643840,30.37322369,-97.7263934,2,1,3,16,2,38,1,1,4,11,1,2,N,4,NA,NA,4,97,97,,,0,1,0,0,0,1,0,N,N,N,N,N,N,N,2/9/2012,9:13 PM,227,22,N,N,NA,NA,2,183,,2,9032,N,NOT REPORTED,,N,N,50,N,N,,Y,19,,,NA,9000,,BURNET,,NA,,,,,,11,4,6,2,1,1,5,9:13 PM,WITNESS,9:13 PM,2/9/2012,Y,74,17,46,64,8,5,1,2,64,54,2,2,1,21,21,227,22,30.37322369,-97.7263934,US,183,,315.602,US0183,NA,151,6,5.343,512,-0.657,FM,1325,,FM1325,NA,NA,NA,NA,Y,Y,N,2,9,Y,THU,5,0,10,10,28,2,6,260,112,72,5,0,0,2,20,5,2,20,5,2,8,4,12,113940,2012,113940,1.9,0.5,2.4,NA,NA,NA,NA,NA,NA,NA,NA,NA,NA,NA,NA,NA,NA,NA,NA,NA,NA,NA,NA,,,NA,NA,NA,NA,0,1,0,1,0,1,0,90,126438402,1264384021
12643863,AUS_12643863,30.48835,-97.76955,2,1,3,16,2,16,5,1,4,11,1,5,N,4,NA,NA,4,97,97,,,0,1,0,0,0,1,0,N,N,N,N,N,N,N,3/4/2012,5:05 PM,246,22,N,N,NA,NA,19,,,1,9900,,NEENAH,AVE,N,N,0,N,N,,Y,19,,,NA,,,CALAVERAS,DR,NA,,,,,,11,1,4,NA,1,1,8,5:05 PM,DISPATCH,5:15 PM,3/4/2012,Y,74,1,46,64,8,5,1,1,64,54,1,5,1,21,21,246,22,30.48835,-97.76955,,,,NA,NEENAH AVE,NA,NA,NA,NA,NA,NA,,,,CALAVERAS DR,NA,NA,NA,NA,Y,N,N,2,9,Y,SUN,NA,NA,NA,NA,NA,NA,NA,NA,NA,NA,NA,NA,NA,NA,NA,NA,NA,NA,NA,NA,NA,NA,NA,NA,NA,NA,NA,NA,NA,NA,NA,NA,NA,NA,NA,NA,NA,NA,NA,NA,NA,NA,NA,NA,NA,NA,NA,NA,NA,,,NA,NA,NA,NA,0,1,0,2,0,1,0,90,126438632,1264386321
12648972,AUS_12648972,30.26210631,-97.73996622,2,1,3,16,2,31,1,1,4,11,1,4,N,4,NA,NA,4,97,97,,,0,1,0,0,0,1,0,N,N,N,N,N,N,N,3/16/2012,5:11 PM,227,22,N,N,NA,NA,19,,,1,500,,EAST CESAR CHAVEZ,,N,N,0,N,N,,Y,19,,,NA,100,N,RED RIVER,,NA,,,,,,11,1,0,NA,8,1,5,5:17 PM,DISP,5:17 PM,3/16/2012,Y,74,NA,NA,NA,8,5,1,3,64,54,1,5,1,21,21,227,22,30.26210631,-97.73996622,,,,NA,E CESAR CHAVEZ ST,500,NA,NA,NA,NA,NA,,,,UNKNOWN,NA,NA,NA,NA,Y,N,N,2,9,Y,FRI,NA,NA,NA,NA,NA,NA,NA,NA,NA,NA,NA,NA,NA,NA,NA,NA,NA,NA,NA,NA,NA,NA,NA,NA,NA,NA,NA,NA,NA,NA,NA,NA,NA,NA,NA,NA,NA,NA,NA,NA,NA,NA,NA,NA,NA,NA,NA,NA,NA,,,NA,NA,NA,NA,0,1,0,1,0,1,0,90,126489722,1264897221
12648986,AUS_12648986,30.29178515,-97.74984916,2,1,3,16,2,22,1,1,4,11,1,4,N,4,NA,NA,4,97,97,,,0,1,0,0,0,1,0,N,N,N,N,N,N,N,3/16/2012,1:17 PM,227,22,N,N,NA,NA,19,,,1,2600,,SHOAL CREEK,BLVD,N,N,0,N,N,,N,19,,,NA,,N,LAMAR,BLVD,NA,,,,,,11,1,0,NA,1,1,15,3:18 PM,DISPATCH,1:27 PM,3/16/2012,Y,74,NA,NA,174,8,5,2,1,64,54,1,5,1,21,21,227,22,30.29178515,-97.74984916,,,,NA,SHOAL CREEK BLVD,2606,NA,NA,NA,NA,NA,,,,UNKNOWN,NA,NA,NA,NA,Y,N,N,2,9,Y,FRI,NA,NA,NA,NA,NA,NA,NA,NA,NA,NA,NA,NA,NA,NA,NA,NA,NA,NA,NA,NA,NA,NA,NA,NA,NA,NA,NA,NA,NA,NA,NA,NA,NA,NA,NA,NA,NA,NA,NA,NA,NA,NA,NA,NA,NA,NA,NA,NA,NA,,,NA,NA,NA,NA,0,1,0,1,0,1,0,90,126489862,1264898621
12650742,AUS_12650742,30.24135,-97.75798001,2,1,3,16,2,53,1,1,4,11,1,1,N,4,NA,NA,4,97,97,,,0,1,0,0,0,1,0,N,N,N,N,N,N,N,4/6/2012,5:33 PM,227,22,N,N,NA,NA,19,,,1,500,W,OLTORF,ST,N,N,35,N,N,,N,NA,,,NA,,,NOT REPORTED,,327,F,E,SOUTH,,,11,1,0,NA,1,1,1,5:33 PM,DISPATCH,5:36 PM,4/6/2012,Y,74,59,93,112,8,5,3,3,64,13,1,5,1,32,21,227,22,30.24135,-97.75798001,,,,NA,W OLTORF ST,500,NA,NA,NA,NA,NA,,,,NOT REPORTED,NA,NA,NA,NA,Y,N,N,2,9,Y,FRI,NA,NA,NA,NA,NA,NA,NA,NA,NA,NA,NA,NA,NA,NA,NA,NA,NA,NA,NA,NA,NA,NA,NA,NA,NA,NA,NA,NA,NA,NA,NA,NA,NA,NA,NA,NA,NA,NA,NA,NA,NA,NA,NA,NA,NA,NA,NA,NA,NA,,,NA,NA,NA,NA,0,1,0,2,0,1,0,90,126507422,1265074221
12650760,AUS_12650760,30.3078967,-97.74140001,2,1,3,16,2,29,1,1,4,11,1,4,N,4,NA,NA,4,97,97,,,0,1,0,0,0,1,0,N,N,N,N,N,N,N,4/6/2012,12:35 PM,227,22,N,N,NA,NA,19,,,1,3900,N,LAMAR,BLVD,N,N,40,N,N,,Y,19,,,NA,1000,W,40TH,ST,NA,,,,,,11,1,4,NA,1,1,5,12:36 PM,DISPATCH,12:38 PM,4/6/2012,Y,74,NA,NA,125,8,5,1,3,64,54,1,2,1,21,21,227,22,30.3078967,-97.74140001,,,,NA,N LAMAR BLVD,4005,NA,NA,NA,NA,NA,,,,UNKNOWN,NA,NA,NA,NA,Y,N,N,2,9,Y,FRI,NA,NA,NA,NA,NA,NA,NA,NA,NA,NA,NA,NA,NA,NA,NA,NA,NA,NA,NA,NA,NA,NA,NA,NA,NA,NA,NA,NA,NA,NA,NA,NA,NA,NA,NA,NA,NA,NA,NA,NA,NA,NA,NA,NA,NA,NA,NA,NA,NA,,,NA,NA,NA,NA,0,1,0,1,0,1,0,90,126507602,1265076021
12650765,AUS_12650765,30.19368,-97.88591,1,1,3,16,2,64,1,1,4,11,1,2,N,4,NA,NA,4,97,97,,,0,1,0,0,0,1,0,N,N,N,N,N,N,N,4/5/2012,7:05 AM,227,22,N,N,NA,NA,19,,,1,10400,,ESCARPMENT,BLVD,N,N,30,N,N,,Y,19,,,NA,6100,,DEDHAM,LN,NA,,,,,,11,1,2,NA,2,1,8,7:06 AM,DISPATCH,7:09 AM,4/5/2012,Y,74,717,105,112,8,5,1,1,64,54,1,5,1,21,21,227,22,30.19368,-97.88591,,,,NA,ESCARPMENT BLVD,NA,NA,NA,NA,NA,NA,,,,DEDHAM LN,NA,NA,NA,NA,Y,N,N,2,9,Y,THU,NA,NA,NA,NA,NA,NA,NA,NA,NA,NA,NA,NA,NA,NA,NA,NA,NA,NA,NA,NA,NA,NA,NA,NA,NA,NA,NA,NA,NA,NA,NA,NA,NA,NA,NA,NA,NA,NA,NA,NA,NA,NA,NA,NA,NA,NA,NA,NA,NA,,,NA,NA,NA,NA,0,1,0,1,0,1,0,90,126507651,1265076511
12650812,AUS_12650812,30.35993977,-97.72983091,2,1,3,16,1,44,1,1,4,11,1,5,N,4,NA,NA,4,97,97,,,1,0,0,0,0,1,0,N,N,N,N,N,N,N,4/5/2012,2:16 AM,227,22,N,N,NA,NA,19,,,1,8100,,BURNET SB,RD,N,N,40,N,N,,N,19,,,NA,2300,,TEAKWOOD,DR,NA,,,,,,11,4,0,NA,1,1,20,2:16 AM,DISPATCH,2:45 AM,4/5/2012,Y,74,15,196,62,8,5,4,1,64,54,1,5,1,21,21,227,22,30.35993977,-97.72983091,,,,NA,BURNET RD,8099,NA,NA,NA,NA,NA,,,,N/A,NA,NA,NA,NA,Y,N,N,1,9,Y,THU,NA,NA,NA,NA,NA,NA,NA,NA,NA,NA,NA,NA,NA,NA,NA,NA,NA,NA,NA,NA,NA,NA,NA,NA,NA,NA,NA,NA,NA,NA,NA,NA,NA,NA,NA,NA,NA,NA,NA,NA,NA,NA,NA,NA,NA,NA,NA,NA,NA,,,NA,NA,NA,NA,1,0,0,2,0,1,0,90,126508122,1265081221
12650817,AUS_12650817,30.29872,-97.7298,3,1,3,16,5,26,2,1,4,11,1,4,N,4,NA,NA,4,97,97,,,0,0,0,1,0,0,0,N,N,N,N,N,N,N,4/5/2012,10:29 PM,227,22,N,Y,NA,NA,19,,,1,3800,,DUVAL,ST,N,N,35,N,N,,Y,19,,,NA,400,E,38TH,ST,NA,,,,,,11,4,4,NA,1,1,5,10:29 PM,DISPATCH,10:32 PM,4/5/2012,Y,74,NA,NA,125,8,2,1,34,64,54,1,5,1,21,21,227,22,30.29872,-97.7298,,,,NA,DUVAL ST,3799,NA,NA,NA,NA,NA,,,,E 38TH ST,NA,NA,NA,NA,Y,N,N,5,9,Y,THU,NA,NA,NA,NA,NA,NA,NA,NA,NA,NA,NA,NA,NA,NA,NA,NA,NA,NA,NA,NA,NA,NA,NA,NA,NA,NA,NA,NA,NA,NA,NA,NA,NA,NA,NA,NA,NA,NA,NA,NA,NA,NA,NA,NA,NA,NA,NA,NA,NA,,,NA,NA,NA,NA,0,0,0,3,0,0,0,90,126508173,1265081731
12650826,AUS_12650826,30.4187393,-97.84637039,2,1,3,16,2,41,1,1,4,11,1,2,N,4,NA,NA,4,97,97,,,0,1,0,0,0,1,0,N,N,N,N,N,N,N,4/4/2012,5:43 PM,227,22,N,N,NA,NA,4,620,,1,8021,N,NOT REPORTED,RD,N,N,60,N,N,,N,19,,,NA,11625,,ROCK HARBOUR,DR,NA,,,,,,11,1,0,3,1,1,1,5:43 PM,DISPATCH,5:57 PM,4/4/2012,Y,74,22,46,64,8,5,3,3,64,13,1,3,1,32,21,227,22,30.4187393,-97.84637039,RM,620,,13.963,RM0620,NA,683,2,14.105,538,0.387,,,,N/A,NA,NA,NA,NA,Y,Y,N,2,9,Y,WED,2,0,8,8,0,2,4,120,78,62,3,0,0,2,8,5,2,8,5,0,0,4,14,46000,2012,46000,1.5,0.2,1.7,NA,NA,NA,NA,NA,NA,NA,NA,NA,NA,NA,NA,NA,NA,NA,NA,NA,NA,NA,NA,,,NA,NA,NA,NA,0,1,0,6,0,1,0,90,126508262,1265082621
12650841,AUS_12650841,30.29546725,-97.73677134,2,1,3,16,2,23,1,2,4,11,1,1,N,4,NA,NA,4,97,97,,,0,1,0,0,0,1,0,N,N,N,N,N,N,N,4/10/2012,10:50 AM,227,22,N,N,NA,NA,19,,,1,3100,,SPEEDWAY,,N,N,30,N,N,,N,19,,,NA,100,W,31ST,,NA,,,,,,11,1,2,NA,5,1,1,10:56 AM,DISPATCH,10:59 AM,4/10/2012,Y,74,NA,NA,187,8,5,4,1,64,54,1,5,1,21,21,227,22,30.29546725,-97.73677134,,,,NA,SPEEDWAY,3104,NA,NA,NA,NA,NA,,,,N/A,NA,NA,NA,NA,Y,N,N,2,9,Y,TUE,NA,NA,NA,NA,NA,NA,NA,NA,NA,NA,NA,NA,NA,NA,NA,NA,NA,NA,NA,NA,NA,NA,NA,NA,NA,NA,NA,NA,NA,NA,NA,NA,NA,NA,NA,NA,NA,NA,NA,NA,NA,NA,NA,NA,NA,NA,NA,NA,NA,,,NA,NA,NA,NA,0,1,0,2,0,1,0,90,126508412,1265084121
12650972,AUS_12650972,30.24139,-97.72594,2,1,3,16,2,26,1,1,4,11,1,4,N,4,NA,NA,4,97,97,,,0,1,0,0,0,1,0,N,N,N,N,N,N,N,4/8/2012,6:23 PM,227,22,N,Y,NA,NA,19,,,1,2100,,ELMONS,DR,N,N,30,N,N,,Y,19,,,NA,1500,,BLOCK TINNIN FORD,RD,NA,,,,,,11,1,2,NA,4,1,9,6:23 PM,DISPATCH,6:25 PM,4/8/2012,Y,74,NA,98,129,8,5,1,3,64,54,1,5,1,21,21,227,22,30.24139,-97.72594,,,,NA,ELMONT DR,2100,NA,NA,NA,NA,NA,,,,UNKNOWN,NA,NA,NA,NA,Y,N,N,2,9,Y,SUN,NA,NA,NA,NA,NA,NA,NA,NA,NA,NA,NA,NA,NA,NA,NA,NA,NA,NA,NA,NA,NA,NA,NA,NA,NA,NA,NA,NA,NA,NA,NA,NA,NA,NA,NA,NA,NA,NA,NA,NA,NA,NA,NA,NA,NA,NA,NA,NA,NA,,,NA,NA,NA,NA,0,1,2,7,0,3,0,90,126509722,1265097221
12652198,AUS_12652198,30.23173107,-97.75895862,2,1,3,16,2,29,1,2,4,11,1,4,N,4,NA,NA,4,97,97,,,0,1,0,0,0,1,0,N,N,N,N,N,N,N,4/7/2012,9:30 PM,227,22,N,Y,NA,NA,19,,,1,3100,S,CONGRESS,AVE,N,N,45,N,N,,N,19,,,1,100,,HAVANA,ST,NA,,,,,,11,1,0,NA,1,1,1,9:31 PM,DISPATCH,9:32 PM,4/9/2012,Y,74,17,105,112,8,5,3,3,64,13,1,5,1,32,21,227,22,30.23173107,-97.75895862,,,,NA,S CONGRESS AVE,3107,NA,NA,NA,NA,NA,,,,N/A,NA,NA,NA,NA,Y,N,N,2,9,Y,SAT,NA,NA,NA,NA,NA,NA,NA,NA,NA,NA,NA,NA,NA,NA,NA,NA,NA,NA,NA,NA,NA,NA,NA,NA,NA,NA,NA,NA,NA,NA,NA,NA,NA,NA,NA,NA,NA,NA,NA,NA,NA,NA,NA,NA,NA,NA,NA,NA,NA,,,NA,NA,NA,NA,0,1,0,1,0,1,0,90,126521982,1265219821
12652211,AUS_12652211,30.25891,-97.74622,2,1,3,16,2,32,1,2,4,11,1,4,N,4,NA,NA,4,97,97,,,0,1,0,0,0,1,0,N,N,N,N,N,N,N,4/7/2012,1:39 PM,227,22,N,N,NA,NA,11,275,,1,200,S,CONGRESS,AVE,N,N,0,N,N,,Y,19,,,1,100,,BARTON SPRINGS,RD,NA,,,,,,11,1,4,NA,5,1,5,1:40 PM,DISPATCH,3:13 PM,4/7/2012,Y,74,NA,NA,195,8,5,1,1,64,54,1,2,1,21,21,227,22,30.25891,-97.74622,,,,NA,CONGRESS AVE S,301,NA,NA,NA,NA,NA,,,,UNKNOWN,NA,NA,NA,NA,Y,N,N,2,9,Y,SAT,NA,NA,NA,NA,NA,NA,NA,NA,NA,NA,NA,NA,NA,NA,NA,NA,NA,NA,NA,NA,NA,NA,NA,NA,NA,NA,NA,NA,NA,NA,NA,NA,NA,NA,NA,NA,NA,NA,NA,NA,NA,NA,NA,NA,NA,NA,NA,NA,NA,,,NA,NA,NA,NA,0,1,0,1,0,1,0,90,126522112,1265221121
12662340,AUS_12662340,30.26959912,-97.73841747,2,1,3,16,1,21,1,2,4,11,1,4,N,4,NA,NA,4,97,97,,,1,0,0,0,0,1,0,N,N,N,N,N,N,N,4/14/2012,2:50 AM,227,22,N,N,NA,NA,19,,,1,800,,TRINITY,ST,N,N,0,N,N,,N,19,,,NA,400,E,9TH,ST,NA,,,,,,11,4,0,NA,3,1,1,2:53 AM,DISPATCHED,2:56 AM,4/14/2012,Y,74,NA,NA,NA,8,5,4,1,64,54,1,5,1,21,21,227,22,30.26959912,-97.73841747,,,,NA,TRINITY ST,871,NA,NA,NA,NA,NA,,,,N/A,NA,NA,NA,NA,Y,N,N,1,9,Y,SAT,NA,NA,NA,NA,NA,NA,NA,NA,NA,NA,NA,NA,NA,NA,NA,NA,NA,NA,NA,NA,NA,NA,NA,NA,NA,NA,NA,NA,NA,NA,NA,NA,NA,NA,NA,NA,NA,NA,NA,NA,NA,NA,NA,NA,NA,NA,NA,NA,NA,,,NA,NA,NA,NA,1,0,0,1,0,1,0,90,126623402,1266234021
12662450,AUS_12662450,30.26787874,-97.7385076,2,1,3,16,2,23,1,2,4,11,1,2,N,4,NA,NA,4,97,97,,,0,1,0,0,0,1,0,N,N,N,N,N,N,N,4/17/2012,12:52 PM,227,22,N,N,NA,NA,19,,,1,400,E,7TH,ST,N,N,45,N,N,,N,19,,,NA,,,NECHES,ST,NA,,,,,,11,1,0,NA,1,1,11,12:52 PM,WITNESS,12:54 PM,4/17/2012,Y,74,12,115,144,8,5,4,1,64,54,1,5,1,21,21,227,22,30.26787874,-97.7385076,,,,NA,E 7TH ST,444,NA,NA,NA,NA,NA,,,,N/A,NA,NA,NA,NA,Y,N,N,2,9,Y,TUE,NA,NA,NA,NA,NA,NA,NA,NA,NA,NA,NA,NA,NA,NA,NA,NA,NA,NA,NA,NA,NA,NA,NA,NA,NA,NA,NA,NA,NA,NA,NA,NA,NA,NA,NA,NA,NA,NA,NA,NA,NA,NA,NA,NA,NA,NA,NA,NA,NA,,,NA,NA,NA,NA,0,1,0,1,1,1,0,90,126624502,1266245021