CrashID,CrashID1,Latitude,Longitude,Unit_Nbr,Prsn_Nbr,Prsn_Type_ID,Prsn_Occpnt_Pos_ID,Prsn_Injry_Sev_ID,Prsn_Age,Prsn_Ethnicity_ID,Prsn_Gndr_ID,Prsn_Ejct_ID,Prsn_Rest_ID,Prsn_Airbag_ID,Prsn_Helmet_ID,Prsn_Sol_Fl,Prsn_Alc_Spec_Type_ID,Prsn_Alc_Rslt_ID,Prsn_Bac_Test_Rslt,Prsn_Drg_Spec_Type_ID,Prsn_Drg_Rslt_ID,Drvr_Drg_Cat_1_ID,Prsn_Death_Date,Prsn_Death_Time,Incap_Injry_Cnt.x,Nonincap_Injry_Cnt.x,Poss_Injry_Cnt.x,Non_Injry_Cnt.x,Unkn_Injry_Cnt.x,Tot_Injry_Cnt.x,Death_Cnt.x,Crash_Fatal_Fl,Cmv_Involv_Fl,Schl_Bus_Fl,Rr_Relat_Fl,Medical_Advisory_Fl,Amend_Supp_Fl,Active_School_Zone_Fl,Crash_Date,Crash_Time,Rpt_CRIS_Cnty_ID,Rpt_City_ID,Rpt_Outside_City_Limit_Fl,Thousand_Damage_Fl,Rpt_Latitude,Rpt_Longitude,Rpt_Rdwy_Sys_ID,Rpt_Hwy_Num,Rpt_Hwy_Sfx,Rpt_Road_Part_ID,Rpt_Block_Num,Rpt_Street_Pfx,Rpt_Street_Name,Rpt_Street_Sfx,Private_Dr_Fl,Toll_Road_Fl,Crash_Speed_Limit,Road_Constr_Zone_Fl,Road_Constr_Zone_Wrkr_Fl,Rpt_Street_Desc,At_Intrsct_Fl,Rpt_Sec_Rdwy_Sys_ID,Rpt_Sec_Hwy_Num,Rpt_Sec_Hwy_Sfx,Rpt_Sec_Road_Part_ID,Rpt_Sec_Block_Num,Rpt_Sec_Street_Pfx,Rpt_Sec_Street_Name,Rpt_Sec_Street_Sfx,Rpt_Ref_Mark_Offset_Amt,Rpt_Ref_Mark_Dist_Uom,Rpt_Ref_Mark_Dir,Rpt_Ref_Mark_Nbr,Rpt_Sec_Street_Desc,Rpt_CrossingNumber,Wthr_Cond_ID,Light_Cond_ID,Entr_Road_ID,Road_Type_ID,Road_Algn_ID,Surf_Cond_ID,Traffic_Cntl_ID,Investigat_Notify_Time,Investigat_Notify_Meth,Investigat_Arrv_Time,Report_Date,Investigat_Comp_Fl,Investigat_Agency_ID,Investigat_Area_ID,Investigat_District_ID,Investigat_Region_ID,Bridge_Detail_ID,Harm_Evnt_ID,Intrsct_Relat_ID,FHE_Collsn_ID,Obj_Struck_ID,Othr_Factr_ID,Road_Part_Adj_ID,Road_Cls_ID,Road_Relat_ID,Phys_Featr_1_ID,Phys_Featr_2_ID,Cnty_ID,City_ID,Latitude,Longitude,Hwy_Sys,Hwy_Nbr,Hwy_Sfx,Dfo,Street_Name,Street_Nbr,Control,Section,Milepoint,Ref_Mark_Nbr,Ref_Mark_Displ,Hwy_Sys_2,Hwy_Nbr_2,Hwy_Sfx_2,Street_Name_2,Street_Nbr_2,Control_2,Section_2,Milepoint_2,Txdot_Rptable_Fl,Onsys_Fl,Rural_Fl,Crash_Sev_ID,Pop_Group_ID,Located_Fl,Day_of_Week,Hwy_Dsgn_Lane_ID,Hwy_Dsgn_Hrt_ID,Hp_Shldr_Left,Hp_Shldr_Right,Hp_Median_Width,Base_Type_ID,Nbr_Of_Lane,Row_Width_Usual,Roadbed_Width,Surf_Width,Surf_Type_ID,Curb_Type_Left_ID,Curb_Type_Right_ID,Shldr_Type_Left_ID,Shldr_Width_Left,Shldr_Use_Left_ID,Shldr_Type_Right_ID,Shldr_Width_Right,Shldr_Use_Right_ID,Median_Type_ID,Median_Width,Rural_Urban_Type_ID,Func_Sys_ID,Adt_Curnt_Amt,Adt_Curnt_Year,Adt_Adj_Curnt_Amt,Pct_Single_Trk_Adt,Pct_Combo_Trk_Adt,Trk_Aadt_Pct,Curve_Type_ID,Curve_Lngth,Cd_Degr,Delta_Left_Right_ID,Dd_Degr,Feature_Crossed,Structure_Number,I_R_Min_Vert_Clear,Approach_Width,Bridge_Median_ID,Bridge_Loading_Type_ID,Bridge_Loading_In_1000_Lbs,Bridge_Srvc_Type_On_ID,Bridge_Srvc_Type_Under_ID,Culvert_Type_ID,Roadway_Width,Deck_Width,Bridge_Dir_Of_Traffic_ID,Bridge_Rte_Struct_Func_ID,Bridge_IR_Struct_Func_ID,CrossingNumber,RRCo,Poscrossing_ID,WDCode_ID,Standstop,Yield,Incap_Injry_Cnt.y,Nonincap_Injry_Cnt.y,Poss_Injry_Cnt.y,Non_Injry_Cnt.y,Unkn_Injry_Cnt.y,Tot_Injry_Cnt.y,Death_Cnt.y,MPO_ID,Unit_ID,Unit_Prsn_ID
12837376,AUS_12837376,30.24419971,-97.73010797,2,1,3,16,2,22,1,1,4,11,1,5,N,4,NA,NA,4,97,97,,,0,1,0,0,0,1,0,N,N,N,N,N,N,N,5/11/2012,5:46 PM,227,22,N,N,NA,NA,19,,,7,1700,E,RIVERSIDE,DR,N,N,35,N,N,,N,19,,,NA,,S,LAKESHORE,DR,NA,,,,,,11,1,0,NA,1,1,1,5:46 PM,DISPATCH,5:49 PM,6/15/2012,Y,74,200,98,129,8,5,3,2,64,13,1,5,1,1,21,227,22,30.24419971,-97.73010797,,,,NA,E RIVERSIDE DR,NA,NA,NA,NA,NA,NA,,,,N/A,NA,NA,NA,NA,Y,N,N,2,9,Y,FRI,NA,NA,NA,NA,NA,NA,NA,NA,NA,NA,NA,NA,NA,NA,NA,NA,NA,NA,NA,NA,NA,NA,NA,NA,NA,NA,NA,NA,NA,NA,NA,NA,NA,NA,NA,NA,NA,NA,NA,NA,NA,NA,NA,NA,NA,NA,NA,NA,NA,,,NA,NA,NA,NA,0,1,0,1,0,1,0,90,128373762,1283737621
12837421,AUS_12837421,30.323435,-97.723865,2,1,3,16,2,43,1,1,4,11,1,4,N,4,NA,NA,4,97,97,,,0,1,0,0,0,1,0,N,N,N,N,N,N,N,7/13/2012,7:00 AM,227,22,N,N,NA,NA,19,,,1,5500,,GUADALUPE,ST,N,N,0,N,N,,N,19,,,NA,,,KOENIG,LN,NA,,,,,,11,5,0,NA,1,1,16,7:20 AM,DISPATCH,7:45 AM,7/13/2012,Y,74,NA,75,95,8,5,4,1,64,54,1,5,1,21,21,227,22,30.323435,-97.723865,,,,NA,GUADALUPE ST,5589,NA,NA,NA,NA,NA,,,,N/A,NA,NA,NA,NA,Y,N,N,2,9,Y,FRI,NA,NA,NA,NA,NA,NA,NA,NA,NA,NA,NA,NA,NA,NA,NA,NA,NA,NA,NA,NA,NA,NA,NA,NA,NA,NA,NA,NA,NA,NA,NA,NA,NA,NA,NA,NA,NA,NA,NA,NA,NA,NA,NA,NA,NA,NA,NA,NA,NA,,,NA,NA,NA,NA,0,1,0,0,1,1,0,90,128374212,1283742121
12841457,AUS_12841457,30.291,-97.73476,1,1,3,16,2,27,1,2,4,11,1,2,N,4,NA,NA,4,97,97,,,0,1,0,0,0,1,0,N,N,N,N,N,N,N,8/10/2012,4:51 PM,227,22,N,N,NA,NA,19,,,1,,,DUVAL,ST,N,N,35,N,N,,Y,19,,,NA,,,SAN JACINTO,BLVD,NA,,,,,,11,1,2,NA,1,1,5,4:51 PM,DISPATCH,5:00 PM,8/10/2012,Y,74,NA,120,14,8,5,2,2,64,54,1,5,1,21,21,227,22,30.291,-97.73476,,,,NA,DUVAL ST,NA,NA,NA,NA,NA,NA,,,,SAN JACINTO BLVD,NA,NA,NA,NA,Y,N,N,2,9,Y,FRI,NA,NA,NA,NA,NA,NA,NA,NA,NA,NA,NA,NA,NA,NA,NA,NA,NA,NA,NA,NA,NA,NA,NA,NA,NA,NA,NA,NA,NA,NA,NA,NA,NA,NA,NA,NA,NA,NA,NA,NA,NA,NA,NA,NA,NA,NA,NA,NA,NA,,,NA,NA,NA,NA,0,1,0,1,0,1,0,90,128414571,1284145711
12841493,AUS_12841493,30.28794,-97.74464,1,1,3,16,2,19,1,2,4,11,1,4,N,4,NA,NA,4,97,97,,,0,1,0,0,0,1,0,N,N,N,N,N,N,N,8/11/2012,5:02 PM,227,22,N,Y,NA,NA,19,,,1,,W,24TH,ST,N,N,35,N,N,,Y,19,,,NA,,,RIO GRANDE,ST,NA,,,,,,11,1,4,NA,1,1,5,5:05 PM,DISPATCHED,5:10 PM,8/11/2012,Y,74,NA,NA,174,8,5,1,1,64,54,1,5,1,21,21,227,22,30.28794,-97.74464,,,,NA,W 24TH ST,698,NA,NA,NA,NA,NA,,,,RIO GRANDE ST,NA,NA,NA,NA,Y,N,N,2,9,Y,SAT,NA,NA,NA,NA,NA,NA,NA,NA,NA,NA,NA,NA,NA,NA,NA,NA,NA,NA,NA,NA,NA,NA,NA,NA,NA,NA,NA,NA,NA,NA,NA,NA,NA,NA,NA,NA,NA,NA,NA,NA,NA,NA,NA,NA,NA,NA,NA,NA,NA,,,NA,NA,NA,NA,0,1,0,1,0,1,0,90,128414931,1284149311
12841565,AUS_12841565,30.30997,-97.74007,2,1,3,16,2,28,1,1,4,11,1,4,N,4,NA,NA,4,97,97,,,0,1,0,0,0,1,0,N,N,N,N,N,N,N,8/9/2012,9:32 AM,227,22,N,N,NA,NA,19,,,1,1000,W,42ND,ST,N,N,30,N,N,,Y,19,,,NA,4200,N,LAMAR W ALLEY,BLVD,NA,,,,,,11,1,4,NA,1,1,1,9:32 AM,FLAGGED DOWN,9:32 AM,8/9/2012,Y,74,NA,NA,125,8,5,1,1,64,54,1,5,1,21,21,227,22,30.30997,-97.74007,,,,NA,W 42ND ST,1000,NA,NA,NA,NA,NA,,,,UNKNOWN,NA,NA,NA,NA,Y,N,N,2,9,Y,THU,NA,NA,NA,NA,NA,NA,NA,NA,NA,NA,NA,NA,NA,NA,NA,NA,NA,NA,NA,NA,NA,NA,NA,NA,NA,NA,NA,NA,NA,NA,NA,NA,NA,NA,NA,NA,NA,NA,NA,NA,NA,NA,NA,NA,NA,NA,NA,NA,NA,,,NA,NA,NA,NA,0,1,0,1,0,1,0,90,128415652,1284156521
12841798,AUS_12841798,30.27356318,-97.69795695,1,1,3,16,2,25,1,1,4,11,1,4,N,4,NA,NA,4,97,97,,,0,1,0,0,0,1,0,N,N,N,N,N,N,N,8/7/2012,10:40 AM,227,22,N,Y,NA,NA,19,,,1,3200,,OAK SPRINGS,DR,N,N,30,N,N,,N,19,,,NA,,,AIRPORT,BLVD,NA,,,,,,11,1,0,NA,1,1,5,10:41 AM,DISPATCH,10:42 AM,8/7/2012,Y,74,135,61,16,8,5,2,1,64,54,1,5,1,21,21,227,22,30.27356318,-97.69795695,,,,NA,OAK SPRINGS DR,3292,NA,NA,NA,NA,NA,,,,AIRPORT BLVD,NA,NA,NA,NA,Y,N,N,2,9,Y,TUE,NA,NA,NA,NA,NA,NA,NA,NA,NA,NA,NA,NA,NA,NA,NA,NA,NA,NA,NA,NA,NA,NA,NA,NA,NA,NA,NA,NA,NA,NA,NA,NA,NA,NA,NA,NA,NA,NA,NA,NA,NA,NA,NA,NA,NA,NA,NA,NA,NA,,,NA,NA,NA,NA,0,1,0,1,0,1,0,90,128417981,1284179811
12842781,AUS_12842781,30.32139268,-97.68909028,2,1,3,16,2,26,1,1,4,11,1,1,N,4,NA,NA,4,97,97,,,0,1,0,0,0,1,0,N,N,N,N,N,N,N,7/7/2012,4:00 PM,227,22,N,N,NA,NA,19,,,2,6800,,BERKMAN,DR,N,N,45,N,N,,Y,2,290,,NA,6800,E,EB,,NA,,,,,,11,1,98,2,1,1,16,5:30 PM,DISPATCH,5:30 PM,7/7/2012,Y,74,NA,NA,NA,8,5,2,2,64,54,1,2,1,21,21,227,22,30.32139268,-97.68909028,US,290,,126.163,US0290,NA,114,1,3.337,588,-0.886,,,,BERKMAN DR,NA,NA,NA,NA,Y,Y,N,2,9,Y,SAT,4,0,6,10,36,2,5,190,92,60,4,0,0,2,12,5,2,20,5,3,24,4,12,33980,2012,33980,2.9,4,6.9,1,251,0,1,0,NA,NA,NA,NA,NA,NA,NA,NA,NA,NA,NA,NA,NA,NA,NA,,,NA,NA,NA,NA,0,1,0,0,1,1,0,90,128427812,1284278121
12842857,AUS_12842857,30.21363,-97.78048,2,1,3,16,2,36,1,1,4,11,1,5,N,4,NA,NA,4,97,97,,,0,1,0,0,0,1,0,N,N,N,N,N,N,N,7/27/2012,11:07 PM,227,22,N,Y,NA,NA,19,,,1,5100,,ABERDEEN,DR,N,N,35,N,N,,Y,19,,,NA,,,EMERALD WOOD,DR,NA,,,,,,11,4,2,NA,1,1,1,11:07 PM,DISPATCH,11:13 PM,7/28/2012,Y,74,NA,105,112,8,5,2,3,64,54,1,5,1,21,21,227,22,30.21363,-97.78048,,,,NA,ABERDEEN DR,5199,NA,NA,NA,NA,NA,,,,EMERALD WOOD DR,NA,NA,NA,NA,Y,N,N,2,9,Y,FRI,NA,NA,NA,NA,NA,NA,NA,NA,NA,NA,NA,NA,NA,NA,NA,NA,NA,NA,NA,NA,NA,NA,NA,NA,NA,NA,NA,NA,NA,NA,NA,NA,NA,NA,NA,NA,NA,NA,NA,NA,NA,NA,NA,NA,NA,NA,NA,NA,NA,,,NA,NA,NA,NA,0,1,0,0,1,1,0,90,128428572,1284285721
12850106,AUS_12850106,30.28062,-97.74199,2,1,3,16,2,15,1,1,4,11,1,4,N,4,NA,NA,4,97,97,,,0,1,0,0,0,1,0,N,N,N,N,N,N,N,8/13/2012,5:26 PM,227,22,N,N,NA,NA,19,,,7,1800,,GUADALUPE,ST,N,N,35,N,N,,N,19,,,NA,,W,MLK,BLVD,NA,,,,,,11,1,0,NA,1,1,1,5:26 PM,DISPATCH,5:30 PM,8/13/2012,Y,74,NA,120,14,8,5,3,2,64,13,1,5,1,1,21,227,22,30.28062,-97.74199,,,,NA,GUADALUPE ST,1800,NA,NA,NA,NA,NA,,,,N/A,NA,NA,NA,NA,Y,N,N,2,9,Y,MON,NA,NA,NA,NA,NA,NA,NA,NA,NA,NA,NA,NA,NA,NA,NA,NA,NA,NA,NA,NA,NA,NA,NA,NA,NA,NA,NA,NA,NA,NA,NA,NA,NA,NA,NA,NA,NA,NA,NA,NA,NA,NA,NA,NA,NA,NA,NA,NA,NA,,,NA,NA,NA,NA,0,1,0,1,0,1,0,90,128501062,1285010621
12850112,AUS_12850112,30.28312424,-97.70035514,2,1,3,16,2,27,3,1,4,11,1,4,N,4,NA,NA,4,97,97,,,0,1,0,0,0,1,0,N,N,N,N,N,N,N,8/12/2012,3:25 AM,227,22,N,N,NA,NA,19,,,1,3400,E,MLK,BLVD,N,N,45,N,N,,Y,19,,,NA,1900,,PERSHING,DR,NA,,,,,,11,4,2,3,1,1,1,3:25 AM,DISPATCH,3:28 AM,8/12/2012,Y,74,NA,131,16,8,5,1,2,64,54,1,3,1,21,21,227,22,30.28312424,-97.70035514,FM,969,,0.22,FM0969,1901,1186,1,11.834,448,0.189,SL,111,,SL0111,NA,NA,NA,NA,Y,Y,N,2,9,Y,SUN,2,0,0,0,0,2,4,100,57,44,4,2,0,1,0,0,1,0,0,0,0,4,14,15500,2012,15500,1.2,0.4,1.6,NA,NA,NA,NA,NA,NA,NA,NA,NA,NA,NA,NA,NA,NA,NA,NA,NA,NA,NA,NA,,,NA,NA,NA,NA,0,1,0,0,1,1,0,90,128501122,1285011221
12850153,AUS_12850153,30.30269,-97.74472,2,1,3,16,3,30,2,1,4,11,1,4,N,4,NA,NA,4,97,97,,,0,0,1,0,0,1,0,N,N,N,N,N,N,N,8/16/2012,8:31 AM,227,22,N,N,NA,NA,19,,,1,1000,W,34TH,ST,N,N,30,Y,Y,,N,19,,,NA,3300,N,LAMAR S OL,,NA,,,,,,11,1,0,NA,1,1,5,8:31 AM,DISPATCH,8:43 AM,8/16/2012,Y,74,216,10,14,8,5,2,1,64,49,1,1,1,21,21,227,22,30.30269,-97.74472,,,,NA,W 34TH ST,1000,NA,NA,NA,NA,NA,,,,UNKNOWN,NA,NA,NA,NA,Y,N,N,3,9,Y,THU,NA,NA,NA,NA,NA,NA,NA,NA,NA,NA,NA,NA,NA,NA,NA,NA,NA,NA,NA,NA,NA,NA,NA,NA,NA,NA,NA,NA,NA,NA,NA,NA,NA,NA,NA,NA,NA,NA,NA,NA,NA,NA,NA,NA,NA,NA,NA,NA,NA,,,NA,NA,NA,NA,0,0,1,1,0,1,0,90,128501532,1285015321
12850158,AUS_12850158,30.32999701,-97.63870634,1,1,3,16,1,38,1,1,4,11,1,4,N,4,NA,NA,4,97,97,,,1,0,0,0,0,1,0,N,N,N,N,N,N,N,8/15/2012,6:05 PM,227,22,N,N,NA,NA,2,290,,1,9300,E,EB,HWY,N,N,55,Y,N,,N,19,,,NA,,,SPRINGDALE,RD,NA,,,,,,11,1,0,2,1,1,20,6:05 PM,DISPATCHED,6:20 PM,8/15/2012,Y,74,1,34,48,8,5,4,1,64,49,1,2,1,21,21,227,22,30.32999701,-97.63870634,US,290,,129.255,US0290,NA,114,2,4.526,590,0.247,,,,N/A,NA,NA,NA,NA,Y,Y,N,1,9,Y,WED,3,0,6,10,68,2,4,200,80,48,4,0,0,2,12,5,2,20,5,3,56,4,14,38000,2012,38000,2.8,3.8,6.6,NA,NA,NA,NA,NA,NA,NA,NA,NA,NA,NA,NA,NA,NA,NA,NA,NA,NA,NA,NA,,,NA,NA,NA,NA,1,0,0,2,0,1,0,90,128501581,1285015811
12850278,AUS_12850278,30.36304707,-97.69702477,2,1,3,16,2,57,2,2,4,11,1,4,N,4,NA,NA,4,97,97,,,0,1,0,0,0,1,0,N,N,N,N,N,N,N,8/12/2012,9:45 PM,227,22,N,N,NA,NA,19,,,1,9300,N,LAMAR,BLVD,N,N,0,N,N,,Y,19,,,NA,830,W,RUNDBERG,LN,NA,,,,,,11,4,0,3,1,1,5,10:16 PM,DISPATCH,11:25 PM,8/12/2012,Y,74,NA,114,143,8,5,2,1,64,54,1,2,1,21,21,227,22,30.36304707,-97.69702477,SL,275,,4.554,SL0275,9399,15,11,5.634,434,0.623,,,,W RUNDBERG LN,NA,NA,NA,NA,Y,Y,N,2,9,Y,SUN,2,0,0,0,0,2,4,125,48,48,4,1,1,1,0,0,1,0,0,0,0,4,14,33000,2012,33000,0.9,0.3,1.2,NA,NA,NA,NA,NA,NA,NA,NA,NA,NA,NA,NA,NA,NA,NA,NA,NA,NA,NA,NA,,,NA,NA,NA,NA,0,1,0,0,1,1,0,90,128502782,1285027821
12850382,AUS_12850382,30.32562842,-97.72654222,1,1,3,16,2,23,1,1,4,11,1,3,N,4,NA,NA,4,97,97,,,0,1,0,0,0,1,0,N,N,N,N,N,N,N,8/15/2012,10:30 PM,227,22,N,N,NA,NA,19,,,1,5636,N,LAMAR,BLVD,N,N,40,N,N,,N,19,,,NA,,W,KOENIG,LN,NA,,,,,,11,4,0,NA,1,1,20,12:29 AM,DISPATCHED,12:32 AM,8/16/2012,N,74,NA,84,95,8,5,4,1,64,25,1,1,1,21,21,227,22,30.32562842,-97.72654222,,,,NA,N LAMAR BLVD,NA,NA,NA,NA,NA,NA,,,,N/A,NA,NA,NA,NA,Y,N,N,2,9,Y,WED,NA,NA,NA,NA,NA,NA,NA,NA,NA,NA,NA,NA,NA,NA,NA,NA,NA,NA,NA,NA,NA,NA,NA,NA,NA,NA,NA,NA,NA,NA,NA,NA,NA,NA,NA,NA,NA,NA,NA,NA,NA,NA,NA,NA,NA,NA,NA,NA,NA,,,NA,NA,NA,NA,0,1,0,0,1,1,0,90,128503821,1285038211
12850433,AUS_12850433,30.34836214,-97.73567425,2,1,3,16,2,24,1,1,4,11,1,4,N,4,NA,NA,4,97,97,,,0,1,0,0,0,1,0,N,N,N,N,N,N,N,8/17/2012,12:01 AM,227,22,N,N,NA,NA,19,,,1,7200,,BURNET,RD,N,N,0,N,N,,N,19,,,NA,2400,,GREEN LAWN,PKWY,NA,,,,,,11,6,0,NA,1,1,20,12:01 AM,DISPATCH,12:05 AM,8/17/2012,Y,74,NA,84,95,8,5,4,1,64,54,1,5,1,21,21,227,22,30.34836214,-97.73567425,,,,NA,BURNET RD,7224,NA,NA,NA,NA,NA,,,,N/A,NA,NA,NA,NA,Y,N,N,2,9,Y,FRI,NA,NA,NA,NA,NA,NA,NA,NA,NA,NA,NA,NA,NA,NA,NA,NA,NA,NA,NA,NA,NA,NA,NA,NA,NA,NA,NA,NA,NA,NA,NA,NA,NA,NA,NA,NA,NA,NA,NA,NA,NA,NA,NA,NA,NA,NA,NA,NA,NA,,,NA,NA,NA,NA,0,1,0,1,0,1,0,90,128504332,1285043321
12852419,AUS_12852419,30.30484,-97.71591,2,1,3,16,2,39,1,1,4,11,1,4,N,4,NA,NA,4,97,97,,,0,1,0,0,0,1,0,N,N,N,N,N,N,N,7/31/2012,7:51 PM,227,22,N,N,NA,NA,19,,,1,,E,46TH,ST,N,N,45,N,N,,Y,19,,,NA,,,AIRPORT,BLVD,NA,,,,,,11,1,4,NA,8,1,8,7:51 PM,DISPATCH,7:53 PM,7/31/2012,Y,74,NA,NA,125,8,5,1,3,64,54,1,5,1,21,21,227,22,30.30484,-97.71591,,,,NA,E 46TH ST,NA,NA,NA,NA,NA,NA,,,,AIRPORT BLVD,NA,NA,NA,NA,Y,N,N,2,9,Y,TUE,NA,NA,NA,NA,NA,NA,NA,NA,NA,NA,NA,NA,NA,NA,NA,NA,NA,NA,NA,NA,NA,NA,NA,NA,NA,NA,NA,NA,NA,NA,NA,NA,NA,NA,NA,NA,NA,NA,NA,NA,NA,NA,NA,NA,NA,NA,NA,NA,NA,,,NA,NA,NA,NA,0,1,0,2,0,1,0,90,128524192,1285241921
12855387,AUS_12855387,30.19268,-97.77757,1,1,3,16,3,15,2,1,4,11,1,4,N,4,NA,NA,4,97,97,,,0,0,1,0,0,1,0,N,N,N,N,N,N,N,6/5/2012,6:54 PM,227,22,N,N,NA,NA,19,,,1,6600,,CIRCLE S,RD,N,N,35,N,N,LOCAL RD,Y,19,,,1,200,E,WILLIAM CANNON,DR,NA,,,,LOCAL RD,,11,1,0,NA,1,1,1,6:54 PM,DISPATCH,6:56 PM,6/5/2012,Y,74,NA,NA,290,8,5,1,1,64,54,1,5,1,21,21,227,22,30.19268,-97.77757,,,,NA,CIRCLE S RD,6601,NA,NA,NA,NA,NA,,,,E WILLIAM CANNON DR,NA,NA,NA,NA,Y,N,N,3,9,Y,TUE,NA,NA,NA,NA,NA,NA,NA,NA,NA,NA,NA,NA,NA,NA,NA,NA,NA,NA,NA,NA,NA,NA,NA,NA,NA,NA,NA,NA,NA,NA,NA,NA,NA,NA,NA,NA,NA,NA,NA,NA,NA,NA,NA,NA,NA,NA,NA,NA,NA,,,NA,NA,NA,NA,0,0,1,1,0,1,0,90,128553871,1285538711
12865579,AUS_12865579,30.36626849,-97.69518574,2,1,3,16,3,48,1,1,4,11,1,4,N,4,NA,NA,4,97,97,,,0,0,1,0,0,1,0,N,N,N,N,N,N,N,8/18/2012,11:51 AM,227,22,N,N,NA,NA,19,,,1,9600,N,LAMAR,BLVD,N,N,45,N,N,,N,19,,,1,,W,LONGSPUR,BLVD,NA,,,,,,12,1,0,3,1,1,1,11:51 AM,DISPATCH,11:55 AM,8/18/2012,Y,74,NA,114,143,8,5,3,2,64,13,1,2,1,1,21,227,22,30.36626849,-97.69518574,SL,275,,4.306,SL0275,9675,15,11,5.386,434,0.375,,,,N/A,NA,NA,NA,NA,Y,Y,N,3,9,Y,SAT,2,0,0,0,0,2,4,125,48,48,4,1,1,1,0,0,1,0,0,0,0,4,14,33000,2012,33000,0.9,0.3,1.2,NA,NA,NA,NA,NA,NA,NA,NA,NA,NA,NA,NA,NA,NA,NA,NA,NA,NA,NA,NA,,,NA,NA,NA,NA,0,0,1,2,0,1,0,90,128655792,1286557921
12866401,AUS_12866401,30.300425,-97.713095,2,1,3,16,2,22,2,1,4,11,1,5,N,4,NA,NA,4,97,97,,,0,1,0,0,0,1,0,N,N,N,N,N,N,N,8/27/2012,12:50 AM,227,22,N,Y,NA,NA,19,,,1,4400,,AIRPORT,BLVD,N,N,40,N,N,,N,19,,,NA,,E,45TH,ST,NA,,,,,,11,0,0,NA,1,1,20,1:07 AM,DISPATCHED,1:10 AM,8/27/2012,Y,74,11,10,14,8,5,4,1,64,54,1,5,1,21,21,227,22,30.300425,-97.713095,,,,NA,AIRPORT BLVD,4400,NA,NA,NA,NA,NA,,,,N/A,NA,NA,NA,NA,Y,N,N,2,9,Y,MON,NA,NA,NA,NA,NA,NA,NA,NA,NA,NA,NA,NA,NA,NA,NA,NA,NA,NA,NA,NA,NA,NA,NA,NA,NA,NA,NA,NA,NA,NA,NA,NA,NA,NA,NA,NA,NA,NA,NA,NA,NA,NA,NA,NA,NA,NA,NA,NA,NA,,,NA,NA,NA,NA,0,1,0,0,3,1,0,90,128664012,1286640121
12866486,AUS_12866486,30.24344755,-97.7519628,2,1,3,16,1,27,1,1,4,11,1,2,N,4,NA,NA,4,97,97,,,1,0,0,0,0,1,0,N,N,N,N,N,N,N,8/22/2012,9:05 PM,227,22,N,Y,NA,NA,19,,,1,2000,S,CONGRESS,AVE,N,N,35,N,N,,N,19,,,NA,100,W,JOHANNA,ST,NA,,,,,,11,4,0,NA,1,1,1,9:05 PM,CAD,9:06 PM,8/22/2012,Y,74,NA,NA,72,8,5,3,3,64,13,1,5,1,32,21,227,22,30.24344755,-97.7519628,,,,NA,S CONGRESS AVE,2102,NA,NA,NA,NA,NA,,,,N/A,NA,NA,NA,NA,Y,N,N,1,9,Y,WED,NA,NA,NA,NA,NA,NA,NA,NA,NA,NA,NA,NA,NA,NA,NA,NA,NA,NA,NA,NA,NA,NA,NA,NA,NA,NA,NA,NA,NA,NA,NA,NA,NA,NA,NA,NA,NA,NA,NA,NA,NA,NA,NA,NA,NA,NA,NA,NA,NA,,,NA,NA,NA,NA,1,0,0,2,0,1,0,90,128664862,1286648621
12866534,AUS_12866534,30.38955116,-97.74504089,1,1,3,16,1,30,1,1,4,11,1,2,N,4,NA,NA,4,97,97,,,1,0,0,0,0,1,0,N,N,N,N,N,N,N,8/18/2012,12:58 PM,227,22,N,Y,NA,NA,19,,,1,,N,CAPITAL OF TEXAS,HWY,N,N,0,N,N,,Y,19,,,NA,,,RESEARCH,BLVD,NA,,,,,,2,1,4,2,1,2,6,12:58 PM,DISPATCHED,1:06 PM,8/18/2012,Y,74,NA,NA,66,8,5,1,1,64,54,1,2,1,21,21,227,22,30.38955116,-97.74504089,US,183,,313.963,US0183,NA,151,6,3.656,510,-0.351,SL,360,,SL0360,NA,113,13,11.051,Y,Y,N,1,9,Y,SAT,4,0,10,10,56,2,6,260,128,72,5,0,0,2,20,5,2,20,5,2,36,4,12,137780,2012,137780,1.8,0.5,2.3,NA,NA,NA,NA,NA,NA,NA,NA,NA,NA,NA,NA,NA,NA,NA,NA,NA,NA,NA,NA,,,NA,NA,NA,NA,1,0,0,1,0,1,0,90,128665341,1286653411