CrashID,CrashID1,Latitude,Longitude,Unit_Nbr,Prsn_Nbr,Prsn_Type_ID,Prsn_Occpnt_Pos_ID,Prsn_Injry_Sev_ID,Prsn_Age,Prsn_Ethnicity_ID,Prsn_Gndr_ID,Prsn_Ejct_ID,Prsn_Rest_ID,Prsn_Airbag_ID,Prsn_Helmet_ID,Prsn_Sol_Fl,Prsn_Alc_Spec_Type_ID,Prsn_Alc_Rslt_ID,Prsn_Bac_Test_Rslt,Prsn_Drg_Spec_Type_ID,Prsn_Drg_Rslt_ID,Drvr_Drg_Cat_1_ID,Prsn_Death_Date,Prsn_Death_Time,Incap_Injry_Cnt.x,Nonincap_Injry_Cnt.x,Poss_Injry_Cnt.x,Non_Injry_Cnt.x,Unkn_Injry_Cnt.x,Tot_Injry_Cnt.x,Death_Cnt.x,Crash_Fatal_Fl,Cmv_Involv_Fl,Schl_Bus_Fl,Rr_Relat_Fl,Medical_Advisory_Fl,Amend_Supp_Fl,Active_School_Zone_Fl,Crash_Date,Crash_Time,Rpt_CRIS_Cnty_ID,Rpt_City_ID,Rpt_Outside_City_Limit_Fl,Thousand_Damage_Fl,Rpt_Latitude,Rpt_Longitude,Rpt_Rdwy_Sys_ID,Rpt_Hwy_Num,Rpt_Hwy_Sfx,Rpt_Road_Part_ID,Rpt_Block_Num,Rpt_Street_Pfx,Rpt_Street_Name,Rpt_Street_Sfx,Private_Dr_Fl,Toll_Road_Fl,Crash_Speed_Limit,Road_Constr_Zone_Fl,Road_Constr_Zone_Wrkr_Fl,Rpt_Street_Desc,At_Intrsct_Fl,Rpt_Sec_Rdwy_Sys_ID,Rpt_Sec_Hwy_Num,Rpt_Sec_Hwy_Sfx,Rpt_Sec_Road_Part_ID,Rpt_Sec_Block_Num,Rpt_Sec_Street_Pfx,Rpt_Sec_Street_Name,Rpt_Sec_Street_Sfx,Rpt_Ref_Mark_Offset_Amt,Rpt_Ref_Mark_Dist_Uom,Rpt_Ref_Mark_Dir,Rpt_Ref_Mark_Nbr,Rpt_Sec_Street_Desc,Rpt_CrossingNumber,Wthr_Cond_ID,Light_Cond_ID,Entr_Road_ID,Road_Type_ID,Road_Algn_ID,Surf_Cond_ID,Traffic_Cntl_ID,Investigat_Notify_Time,Investigat_Notify_Meth,Investigat_Arrv_Time,Report_Date,Investigat_Comp_Fl,Investigat_Agency_ID,Investigat_Area_ID,Investigat_District_ID,Investigat_Region_ID,Bridge_Detail_ID,Harm_Evnt_ID,Intrsct_Relat_ID,FHE_Collsn_ID,Obj_Struck_ID,Othr_Factr_ID,Road_Part_Adj_ID,Road_Cls_ID,Road_Relat_ID,Phys_Featr_1_ID,Phys_Featr_2_ID,Cnty_ID,City_ID,Latitude,Longitude,Hwy_Sys,Hwy_Nbr,Hwy_Sfx,Dfo,Street_Name,Street_Nbr,Control,Section,Milepoint,Ref_Mark_Nbr,Ref_Mark_Displ,Hwy_Sys_2,Hwy_Nbr_2,Hwy_Sfx_2,Street_Name_2,Street_Nbr_2,Control_2,Section_2,Milepoint_2,Txdot_Rptable_Fl,Onsys_Fl,Rural_Fl,Crash_Sev_ID,Pop_Group_ID,Located_Fl,Day_of_Week,Hwy_Dsgn_Lane_ID,Hwy_Dsgn_Hrt_ID,Hp_Shldr_Left,Hp_Shldr_Right,Hp_Median_Width,Base_Type_ID,Nbr_Of_Lane,Row_Width_Usual,Roadbed_Width,Surf_Width,Surf_Type_ID,Curb_Type_Left_ID,Curb_Type_Right_ID,Shldr_Type_Left_ID,Shldr_Width_Left,Shldr_Use_Left_ID,Shldr_Type_Right_ID,Shldr_Width_Right,Shldr_Use_Right_ID,Median_Type_ID,Median_Width,Rural_Urban_Type_ID,Func_Sys_ID,Adt_Curnt_Amt,Adt_Curnt_Year,Adt_Adj_Curnt_Amt,Pct_Single_Trk_Adt,Pct_Combo_Trk_Adt,Trk_Aadt_Pct,Curve_Type_ID,Curve_Lngth,Cd_Degr,Delta_Left_Right_ID,Dd_Degr,Feature_Crossed,Structure_Number,I_R_Min_Vert_Clear,Approach_Width,Bridge_Median_ID,Bridge_Loading_Type_ID,Bridge_Loading_In_1000_Lbs,Bridge_Srvc_Type_On_ID,Bridge_Srvc_Type_Under_ID,Culvert_Type_ID,Roadway_Width,Deck_Width,Bridge_Dir_Of_Traffic_ID,Bridge_Rte_Struct_Func_ID,Bridge_IR_Struct_Func_ID,CrossingNumber,RRCo,Poscrossing_ID,WDCode_ID,Standstop,Yield,Incap_Injry_Cnt.y,Nonincap_Injry_Cnt.y,Poss_Injry_Cnt.y,Non_Injry_Cnt.y,Unkn_Injry_Cnt.y,Tot_Injry_Cnt.y,Death_Cnt.y,MPO_ID,Unit_ID,Unit_Prsn_ID
12872226,AUS_12872226,30.27022793,-97.73584038,2,1,3,16,1,29,1,1,4,11,1,5,N,4,NA,NA,4,97,97,,,1,0,0,0,0,1,0,N,N,N,N,N,N,N,8/28/2012,5:22 PM,227,22,N,N,NA,NA,19,,,1,500,E,10TH,ST,N,N,35,N,N,,N,19,,,NA,900,,RED RIVER,ST,NA,,,,,,11,1,4,NA,2,1,5,5:24 PM,DISPATCH,5:26 PM,8/28/2012,Y,74,36,67,282,8,5,1,3,64,54,1,5,1,21,21,227,22,30.27022793,-97.73584038,,,,NA,E 10TH ST,592,NA,NA,NA,NA,NA,,,,RED RIVER ST,NA,NA,NA,NA,Y,N,N,1,9,Y,TUE,NA,NA,NA,NA,NA,NA,NA,NA,NA,NA,NA,NA,NA,NA,NA,NA,NA,NA,NA,NA,NA,NA,NA,NA,NA,NA,NA,NA,NA,NA,NA,NA,NA,NA,NA,NA,NA,NA,NA,NA,NA,NA,NA,NA,NA,NA,NA,NA,NA,,,NA,NA,NA,NA,1,0,0,1,0,1,0,90,128722262,1287222621
12872255,AUS_12872255,30.26237811,-97.72463243,2,1,3,16,2,26,1,1,4,11,1,2,N,4,NA,NA,4,97,97,,,0,1,0,0,0,1,0,N,N,N,N,N,N,N,8/22/2012,11:53 PM,227,22,N,N,NA,NA,19,,,1,1600,E,6TH,ST,N,N,30,N,N,,N,19,,,NA,,,CHALMERS,AVE,NA,,,,,,11,3,0,NA,1,1,1,11:53 PM,OFFICER ADVISED,11:53 PM,8/22/2012,Y,74,90,539,282,8,5,4,1,64,54,1,5,1,21,21,227,22,30.26237811,-97.72463243,,,,NA,E 6TH ST,1691,NA,NA,NA,NA,NA,,,,N/A,NA,NA,NA,NA,Y,N,N,2,9,Y,WED,NA,NA,NA,NA,NA,NA,NA,NA,NA,NA,NA,NA,NA,NA,NA,NA,NA,NA,NA,NA,NA,NA,NA,NA,NA,NA,NA,NA,NA,NA,NA,NA,NA,NA,NA,NA,NA,NA,NA,NA,NA,NA,NA,NA,NA,NA,NA,NA,NA,,,NA,NA,NA,NA,0,1,0,1,0,1,0,90,128722552,1287225521
12872407,AUS_12872407,30.33788585,-97.71889461,2,1,3,16,1,31,2,2,4,11,1,4,N,4,NA,NA,4,97,97,,,1,0,0,0,0,1,0,N,N,N,N,N,N,N,8/28/2012,8:28 AM,227,22,N,N,NA,NA,19,,,7,7121,N,LAMAR,BLVD,N,N,5,N,N,,N,19,,,NA,,,AIRPORT,BLVD,NA,,,,,,11,1,0,NA,1,1,1,8:28 AM,DISPATCH,8:30 AM,8/28/2012,Y,74,NA,140,95,8,5,4,3,64,54,1,1,1,11,21,227,22,30.33788585,-97.71889461,,,,NA,N LAMAR BLVD,NA,NA,NA,NA,NA,NA,,,,N/A,NA,NA,NA,NA,Y,N,N,1,9,Y,TUE,NA,NA,NA,NA,NA,NA,NA,NA,NA,NA,NA,NA,NA,NA,NA,NA,NA,NA,NA,NA,NA,NA,NA,NA,NA,NA,NA,NA,NA,NA,NA,NA,NA,NA,NA,NA,NA,NA,NA,NA,NA,NA,NA,NA,NA,NA,NA,NA,NA,,,NA,NA,NA,NA,1,0,0,1,0,1,0,90,128724072,1287240721
12872415,AUS_12872415,30.23221062,-97.73670851,2,1,3,16,2,59,2,1,4,11,1,4,N,4,NA,NA,4,97,97,,,0,1,0,0,0,1,0,N,N,N,N,N,N,N,8/24/2012,5:56 PM,227,22,N,N,NA,NA,19,,,1,1817,E,OLTORF,ST,N,N,35,N,N,,N,19,,,NA,,,PARKER,LN,NA,,,,,,11,1,0,NA,1,1,1,5:56 PM,DISPATCH,6:00 PM,8/24/2012,Y,74,NA,98,129,8,5,3,3,64,13,1,5,1,32,21,227,22,30.23221062,-97.73670851,,,,NA,E OLTORF ST,NA,NA,NA,NA,NA,NA,,,,N/A,NA,NA,NA,NA,Y,N,N,2,9,Y,FRI,NA,NA,NA,NA,NA,NA,NA,NA,NA,NA,NA,NA,NA,NA,NA,NA,NA,NA,NA,NA,NA,NA,NA,NA,NA,NA,NA,NA,NA,NA,NA,NA,NA,NA,NA,NA,NA,NA,NA,NA,NA,NA,NA,NA,NA,NA,NA,NA,NA,,,NA,NA,NA,NA,0,1,0,1,0,1,0,90,128724152,1287241521
12880676,AUS_12880676,30.36698,-97.70062,2,1,3,16,2,30,3,1,4,11,1,4,N,4,NA,NA,4,97,97,,,0,1,0,0,0,1,0,N,N,N,N,N,N,N,8/6/2012,8:30 AM,227,22,N,N,NA,NA,19,,,1,,,RUTLAND,DR,N,N,35,N,N,,Y,19,,,NA,,,MEARNS MEADOW,BLVD,NA,,,,,,11,1,4,NA,1,1,5,8:30 AM,DISPATCHED,8:33 AM,8/6/2012,Y,74,NA,NA,NA,8,5,1,1,64,54,1,5,1,21,21,227,22,30.36698,-97.70062,,,,NA,RUTLAND DR,1006,NA,NA,NA,NA,NA,,,,MEARNS MEADOW BLVD,NA,NA,NA,NA,Y,N,N,2,9,Y,MON,NA,NA,NA,NA,NA,NA,NA,NA,NA,NA,NA,NA,NA,NA,NA,NA,NA,NA,NA,NA,NA,NA,NA,NA,NA,NA,NA,NA,NA,NA,NA,NA,NA,NA,NA,NA,NA,NA,NA,NA,NA,NA,NA,NA,NA,NA,NA,NA,NA,,,NA,NA,NA,NA,0,1,0,1,0,1,0,90,128806762,1288067621
12880756,AUS_12880756,30.30949526,-97.71035288,1,1,3,16,2,51,1,2,4,11,1,4,N,4,NA,NA,4,97,97,,,0,1,0,0,0,1,0,N,N,N,N,N,N,N,8/9/2012,5:39 PM,227,22,N,N,NA,NA,1,35,,2,5100,N,SB SVC,RD,N,N,50,N,N,,Y,19,,,NA,,E,51ST,ST,NA,,,,,,11,1,0,2,1,1,5,5:39 PM,DISPATCHED,5:46 PM,8/9/2012,Y,74,216,10,14,8,5,1,3,64,54,2,1,1,21,21,227,22,30.30949526,-97.71035288,IH,35,,237.208,IH0035,NA,15,13,21.103,238,0.067,US,290,,US0290,NA,NA,NA,NA,Y,Y,N,2,9,Y,THU,5,0,4,10,32,2,8,300,124,96,4,0,0,2,8,5,2,20,5,2,24,4,11,184540,2012,184540,2.5,6.8,9.3,NA,NA,NA,NA,NA,NA,NA,NA,NA,NA,NA,NA,NA,NA,NA,NA,NA,NA,NA,NA,,,NA,NA,NA,NA,0,1,0,0,1,1,0,90,128807561,1288075611
12881881,AUS_12881881,30.20704,-97.83499,2,1,3,16,2,21,1,1,4,11,1,4,N,4,NA,NA,4,97,97,,,0,1,0,0,0,1,0,N,N,N,N,N,N,N,9/5/2012,6:44 PM,227,22,N,N,NA,NA,19,,,1,,,HARPERS FERRY,LN,N,N,30,N,N,,Y,19,,,NA,,,BRODIE,LN,NA,,,,,,11,1,4,NA,1,1,5,6:44 PM,DISPATCHED,6:53 PM,9/5/2012,Y,74,37,99,130,8,5,1,3,64,3,1,5,1,21,21,227,22,30.20704,-97.83499,,,,NA,HARPERS FERRY LN,3500,NA,NA,NA,NA,NA,,,,BRODIE LN,NA,NA,NA,NA,Y,N,N,2,9,Y,WED,NA,NA,NA,NA,NA,NA,NA,NA,NA,NA,NA,NA,NA,NA,NA,NA,NA,NA,NA,NA,NA,NA,NA,NA,NA,NA,NA,NA,NA,NA,NA,NA,NA,NA,NA,NA,NA,NA,NA,NA,NA,NA,NA,NA,NA,NA,NA,NA,NA,,,NA,NA,NA,NA,0,1,0,1,0,1,0,90,128818812,1288188121
12881919,AUS_12881919,30.27356987,-97.69791044,1,1,3,16,2,24,1,1,4,11,1,1,N,4,NA,NA,4,97,97,,,0,1,0,0,0,1,0,N,N,N,N,N,Y,N,8/3/2012,7:57 AM,227,22,N,N,NA,NA,19,,,1,,,AIRPORT,BLVD,N,N,45,N,N,,Y,19,,,NA,,,OAK SPRINGS,DR,NA,,,,,,11,1,4,3,3,1,20,7:57 AM,DISPATCHED,7:56 AM,8/3/2012,Y,74,NA,NA,96,8,5,1,2,64,54,1,2,1,21,21,227,22,30.27356987,-97.69791044,SL,111,,0.719,SL0111,1151,151,6,12.397,438,0.395,,,,OAK SPRINGS DR,NA,NA,NA,NA,Y,Y,N,2,9,Y,FRI,2,0,1,2,0,2,4,160,51,48,4,0,0,2,1,5,2,2,5,0,0,4,14,24000,2012,24000,0.9,0.4,1.3,NA,NA,NA,NA,NA,NA,NA,NA,NA,NA,NA,NA,NA,NA,NA,NA,NA,NA,NA,NA,,,NA,NA,NA,NA,0,1,0,1,0,1,0,90,128819191,1288191911
12882122,AUS_12882122,30.42904,-97.75114,2,1,3,16,2,NA,1,1,4,11,1,1,N,4,NA,NA,4,97,97,,,0,1,0,0,0,1,0,N,N,N,N,N,N,N,8/30/2012,6:42 PM,227,22,N,N,NA,NA,19,,,2,12000,,RESEARCH SVRD NB,BLVD,N,N,0,N,N,,Y,19,,,NA,,,RIATA TRACE,PKWY,NA,,,,,,11,1,98,NA,1,1,20,5:47 PM,DISPATCHED,5:54 PM,9/4/2012,Y,74,NA,NA,214,8,5,1,1,64,54,2,5,1,21,21,227,22,30.42904,-97.75114,,,,NA,RESEARCH PARK LOOP,NA,NA,NA,NA,NA,NA,,,,RIATA TRACE PKY,NA,NA,NA,NA,Y,N,N,2,9,Y,THU,NA,NA,NA,NA,NA,NA,NA,NA,NA,NA,NA,NA,NA,NA,NA,NA,NA,NA,NA,NA,NA,NA,NA,NA,NA,NA,NA,NA,NA,NA,NA,NA,NA,NA,NA,NA,NA,NA,NA,NA,NA,NA,NA,NA,NA,NA,NA,NA,NA,,,NA,NA,NA,NA,0,1,0,1,0,1,0,90,128821222,1288212221
12887500,AUS_12887500,30.33403247,-97.73812971,2,1,3,16,2,41,1,1,4,11,1,4,N,4,NA,NA,4,97,97,,,0,1,0,0,0,1,0,N,N,N,N,N,N,N,8/5/2012,12:10 PM,227,22,N,Y,NA,NA,19,,,1,2000,W,KOENIG,LN,N,N,35,N,N,,N,19,,,NA,,,LAIRD,DR,NA,,,,,,11,1,0,3,1,1,20,12:11 PM,DISPATCH,12:13 PM,8/5/2012,Y,74,NA,NA,289,8,5,4,1,64,54,1,3,1,21,21,227,22,30.33403247,-97.73812971,RM,2222,,9.832,RM2222,1983,2100,1,9.945,536,-0.091,,,,N/A,NA,NA,NA,NA,Y,Y,N,2,9,Y,SUN,2,0,0,0,0,2,4,70,44,44,4,2,2,1,0,0,1,0,0,0,0,4,14,28000,2012,28000,0.9,0.3,1.2,NA,NA,NA,NA,NA,NA,NA,NA,NA,NA,NA,NA,NA,NA,NA,NA,NA,NA,NA,NA,,,NA,NA,NA,NA,0,1,1,0,0,2,0,90,128875002,1288750021
12887507,AUS_12887507,30.21424896,-97.79502621,1,1,3,16,5,53,2,1,4,11,1,4,N,4,NA,NA,4,97,97,,,0,0,0,1,0,0,0,N,N,N,N,N,N,N,8/17/2012,7:46 PM,227,22,N,N,NA,NA,19,,,1,5500,,KINGS,HWY,N,N,0,N,N,,Y,19,,,NA,1800,W,STASSNEY,LN,NA,,,,,,11,1,2,NA,1,1,8,7:47 PM,DISPATCH,7:50 PM,8/17/2012,Y,74,NA,NA,153,8,5,2,2,64,54,1,2,1,21,21,227,22,30.21424896,-97.79502621,,,,NA,KINGS HWY,5596,NA,NA,NA,NA,NA,,,,UNKNOWN,NA,NA,NA,NA,N,N,N,5,9,Y,FRI,NA,NA,NA,NA,NA,NA,NA,NA,NA,NA,NA,NA,NA,NA,NA,NA,NA,NA,NA,NA,NA,NA,NA,NA,NA,NA,NA,NA,NA,NA,NA,NA,NA,NA,NA,NA,NA,NA,NA,NA,NA,NA,NA,NA,NA,NA,NA,NA,NA,,,NA,NA,NA,NA,0,0,0,1,1,0,0,90,128875071,1288750711
12892289,AUS_12892289,30.2324389,-97.80095082,1,1,3,16,3,41,1,1,4,11,1,4,N,4,NA,NA,4,97,97,,,0,0,1,0,0,1,0,N,N,N,N,N,N,N,9/9/2012,1:00 PM,227,22,N,Y,NA,NA,19,,,2,4500,S,LAMAR SVC NB,BLVD,N,N,45,N,N,,N,19,,,NA,,,WESTGATE,BLVD,NA,,,,,,11,1,0,2,1,1,1,1:01 PM,DISPATCHED,1:04 PM,9/9/2012,Y,74,NA,NA,72,8,5,3,1,64,14,2,2,1,32,21,227,22,30.2324389,-97.80095082,US,290,,113.906,US0290,NA,113,13,0.058,574,0.877,,,,N/A,NA,NA,NA,NA,Y,Y,N,3,9,Y,SUN,5,0,10,10,30,9,7,380,124,84,5,0,0,2,20,5,2,20,5,2,10,4,12,151680,2012,151680,1.9,2.5,4.4,1,227,3,1,35,NA,NA,NA,NA,NA,NA,NA,NA,NA,NA,NA,NA,NA,NA,NA,,,NA,NA,NA,NA,0,0,1,1,0,1,0,90,128922891,1289228911
12892321,AUS_12892321,30.27378,-97.76338,2,1,3,16,2,21,1,1,4,11,1,5,N,4,NA,NA,4,97,97,,,0,1,0,0,0,1,0,N,N,N,N,N,N,N,9/8/2012,6:28 PM,227,22,N,N,NA,NA,19,,,1,,W,5TH,ST,N,N,0,N,N,,Y,19,,,NA,,W,LYNN,ST,NA,,,,,,11,1,2,NA,1,1,1,6:37 PM,DISPATCH,6:45 PM,9/8/2012,Y,74,12,120,14,8,5,3,1,64,14,1,5,1,1,21,227,22,30.27378,-97.76338,,,,NA,W 5TH ST,1600,NA,NA,NA,NA,NA,,,,N/A,NA,NA,NA,NA,Y,N,N,2,9,Y,SAT,NA,NA,NA,NA,NA,NA,NA,NA,NA,NA,NA,NA,NA,NA,NA,NA,NA,NA,NA,NA,NA,NA,NA,NA,NA,NA,NA,NA,NA,NA,NA,NA,NA,NA,NA,NA,NA,NA,NA,NA,NA,NA,NA,NA,NA,NA,NA,NA,NA,,,NA,NA,NA,NA,0,1,0,1,0,1,0,90,128923212,1289232121
12892377,AUS_12892377,30.43728482,-97.73588291,2,1,3,16,2,26,1,2,4,11,1,1,N,4,NA,NA,4,97,97,,,0,1,0,0,0,1,0,N,N,N,N,N,N,N,9/8/2012,9:51 AM,227,22,N,N,NA,NA,19,,,1,,,LEGENDARY,DR,N,N,60,N,N,,Y,19,,,NA,,W,PARMER,LN,NA,,,,,,11,1,4,2,1,1,8,9:52 AM,DISPATCHED,9:58 AM,9/8/2012,Y,74,NA,46,64,8,5,1,1,64,54,1,3,1,21,21,227,22,30.43728482,-97.73588291,FM,734,,7.609,FM0734,5522,3417,2,7.008,422,-0.766,,,,LEGENDARY DR,NA,NA,NA,NA,Y,Y,N,2,9,Y,SAT,3,0,10,10,40,2,4,200,94,48,4,0,0,2,14,5,2,20,5,3,26,4,14,28000,2012,28000,1.8,1.6,3.4,NA,NA,NA,NA,NA,NA,NA,NA,NA,NA,NA,NA,NA,NA,NA,NA,NA,NA,NA,NA,,,NA,NA,NA,NA,0,1,0,2,0,1,0,90,128923772,1289237721
12892492,AUS_12892492,30.30887032,-97.74077475,2,1,3,16,3,55,2,1,4,11,1,4,N,4,NA,NA,4,97,97,,,0,0,1,0,0,1,0,N,N,N,N,N,N,N,9/12/2012,10:18 PM,227,22,N,N,NA,NA,19,,,1,4106,N,LAMAR,BLVD,N,N,40,N,N,,N,19,,,NA,,W,38TH,ST,NA,,,,,,11,4,0,NA,1,1,20,10:18 PM,DISPATCH,10:23 PM,9/12/2012,Y,74,NA,120,14,8,5,4,1,64,9,1,2,1,21,21,227,22,30.30887032,-97.74077475,,,,NA,N LAMAR BLVD,4093,NA,NA,NA,NA,NA,,,,N/A,NA,NA,NA,NA,Y,N,N,3,9,Y,WED,NA,NA,NA,NA,NA,NA,NA,NA,NA,NA,NA,NA,NA,NA,NA,NA,NA,NA,NA,NA,NA,NA,NA,NA,NA,NA,NA,NA,NA,NA,NA,NA,NA,NA,NA,NA,NA,NA,NA,NA,NA,NA,NA,NA,NA,NA,NA,NA,NA,,,NA,NA,NA,NA,0,0,1,1,0,1,0,90,128924922,1289249221
12903447,AUS_12903447,30.16027805,-97.74482412,2,1,3,16,1,50,2,1,4,11,1,4,N,4,NA,NA,4,97,97,,,1,0,0,0,0,1,0,N,N,N,N,N,N,N,9/14/2012,8:08 AM,227,22,N,N,NA,NA,19,,,1,7900,,SALT SPRINGS,,N,N,35,N,N,,Y,19,,,NA,,,RINGSBY,ST,NA,,,,,,2,1,2,NA,1,2,8,8:08 AM,DISPATCHED,8:20 AM,9/14/2012,Y,74,NA,169,130,8,5,1,1,64,54,1,5,1,21,21,227,22,30.16027805,-97.74482412,,,,NA,SALT SPRINGS DR,8010,NA,NA,NA,NA,NA,,,,UNKNOWN,NA,NA,NA,NA,Y,N,N,1,9,Y,FRI,NA,NA,NA,NA,NA,NA,NA,NA,NA,NA,NA,NA,NA,NA,NA,NA,NA,NA,NA,NA,NA,NA,NA,NA,NA,NA,NA,NA,NA,NA,NA,NA,NA,NA,NA,NA,NA,NA,NA,NA,NA,NA,NA,NA,NA,NA,NA,NA,NA,,,NA,NA,NA,NA,1,0,0,1,0,1,0,90,129034472,1290344721
12903489,AUS_12903489,30.32470009,-97.72712765,2,1,3,16,2,78,1,1,4,11,2,5,N,4,NA,NA,4,97,97,,,0,1,0,0,0,1,0,N,N,N,N,N,N,N,9/14/2012,1:54 PM,227,22,N,N,NA,NA,19,,,1,5602,N,LAMAR,BLVD,N,N,0,N,N,,N,19,,,NA,,,KOENIG,LN,NA,,,,,,12,1,0,NA,1,2,1,1:54 PM,DISPATCHED,1:54 PM,9/14/2012,Y,74,1,131,38,8,5,3,3,64,14,1,2,1,1,21,227,22,30.32470009,-97.72712765,,,,NA,N LAMAR BLVD,5615,NA,NA,NA,NA,NA,,,,N/A,NA,NA,NA,NA,Y,N,N,2,9,Y,FRI,NA,NA,NA,NA,NA,NA,NA,NA,NA,NA,NA,NA,NA,NA,NA,NA,NA,NA,NA,NA,NA,NA,NA,NA,NA,NA,NA,NA,NA,NA,NA,NA,NA,NA,NA,NA,NA,NA,NA,NA,NA,NA,NA,NA,NA,NA,NA,NA,NA,,,NA,NA,NA,NA,0,1,0,1,0,1,0,90,129034892,1290348921
12903634,AUS_12903634,30.2639031,-97.73535145,1,1,3,16,2,29,1,1,4,11,1,4,N,4,NA,NA,4,97,97,,,0,1,0,0,0,1,0,N,N,N,Y,N,N,N,9/17/2012,10:30 PM,227,22,N,Y,NA,NA,1,35,,2,,N,SB SVC RD,,N,N,30,N,N,,Y,19,,,NA,,E,4TH,ST,NA,,,,,,11,3,0,2,1,1,15,10:31 PM,DISPATCH,10:32 PM,9/18/2012,Y,74,NA,115,144,8,5,1,1,64,54,2,1,1,17,21,227,22,30.2639031,-97.73535145,IH,35,,233.722,IH0035,NA,15,13,17.588,235,-0.454,,,,E 4TH ST,NA,NA,NA,NA,Y,Y,N,2,9,Y,MON,5,0,2,5,7,2,6,300,86,72,4,0,0,2,4,5,2,10,5,2,3,4,11,169360,2012,169360,2.6,7.1,9.7,NA,NA,NA,NA,NA,NA,NA,NA,NA,NA,NA,NA,NA,NA,NA,NA,NA,NA,NA,NA,,,NA,NA,NA,NA,0,1,0,1,0,1,0,90,129036341,1290363411
12910597,AUS_12910597,30.24801236,-97.7504309,1,1,3,16,2,23,1,1,4,11,1,4,N,4,NA,NA,4,97,97,,,0,1,0,0,0,1,0,N,N,N,N,N,N,N,8/25/2012,6:24 PM,227,22,N,N,NA,NA,19,,,1,100,W,MONROE,ST,N,N,0,N,N,,N,19,,,NA,,,SOUTH CONGRESS,AVE,NA,,,,,,11,1,0,NA,8,1,1,6:24 PM,DISPATCH,6:45 PM,8/25/2012,Y,74,NA,105,112,8,5,4,1,64,54,1,5,1,21,21,227,22,30.24801236,-97.7504309,,,,NA,W MONROE ST,113,NA,NA,NA,NA,NA,,,,N/A,NA,NA,NA,NA,Y,N,N,2,9,Y,SAT,NA,NA,NA,NA,NA,NA,NA,NA,NA,NA,NA,NA,NA,NA,NA,NA,NA,NA,NA,NA,NA,NA,NA,NA,NA,NA,NA,NA,NA,NA,NA,NA,NA,NA,NA,NA,NA,NA,NA,NA,NA,NA,NA,NA,NA,NA,NA,NA,NA,,,NA,NA,NA,NA,0,1,0,1,0,1,0,90,129105971,1291059711
12910598,AUS_12910598,30.2813579,-97.741673,2,1,3,16,2,25,5,1,4,11,1,4,N,4,NA,NA,4,97,97,,,0,1,0,0,0,1,0,N,N,N,N,N,N,N,8/23/2012,3:10 PM,227,22,N,N,NA,NA,19,,,1,2000,,GUADALUPE,ST,N,N,0,N,N,,N,19,,,NA,,,MARTIN LUTHER KING,ST,NA,,,,,,11,1,0,NA,8,1,1,3:10 PM,DISPATCH,3:15 PM,8/23/2012,Y,74,17,120,14,8,5,3,3,64,13,1,5,1,32,21,227,22,30.2813579,-97.741673,,,,NA,GUADALUPE ST,1845,NA,NA,NA,NA,NA,,,,N/A,NA,NA,NA,NA,Y,N,N,2,9,Y,THU,NA,NA,NA,NA,NA,NA,NA,NA,NA,NA,NA,NA,NA,NA,NA,NA,NA,NA,NA,NA,NA,NA,NA,NA,NA,NA,NA,NA,NA,NA,NA,NA,NA,NA,NA,NA,NA,NA,NA,NA,NA,NA,NA,NA,NA,NA,NA,NA,NA,,,NA,NA,NA,NA,0,1,0,2,0,1,0,90,129105982,1291059821
12913791,AUS_12913791,30.23357,-97.72379,2,1,3,16,2,NA,1,1,4,11,1,4,N,4,NA,NA,4,97,97,,,0,1,0,0,0,1,0,N,N,N,N,N,N,N,9/20/2012,9:11 PM,227,22,N,N,NA,NA,19,,,1,2000,S,PLEASANT VALLEY,RD,N,N,35,N,N,,Y,19,,,NA,4300,E,RIVERSIDE,DR,NA,,,,,,11,4,4,NA,2,1,5,9:11 PM,DISPATCHED,9:12 PM,9/20/2012,Y,74,NA,NA,222,8,5,1,3,64,54,1,5,1,21,21,227,22,30.23357,-97.72379,,,,NA,S PLEASANT VALLEY RD,NA,NA,NA,NA,NA,NA,,,,E RIVERSIDE DR,NA,NA,NA,NA,Y,N,N,2,9,Y,THU,NA,NA,NA,NA,NA,NA,NA,NA,NA,NA,NA,NA,NA,NA,NA,NA,NA,NA,NA,NA,NA,NA,NA,NA,NA,NA,NA,NA,NA,NA,NA,NA,NA,NA,NA,NA,NA,NA,NA,NA,NA,NA,NA,NA,NA,NA,NA,NA,NA,,,NA,NA,NA,NA,0,1,0,1,0,1,0,90,129137912,1291379121