CrashID,CrashID1,Latitude,Longitude,Unit_Nbr,Prsn_Nbr,Prsn_Type_ID,Prsn_Occpnt_Pos_ID,Prsn_Injry_Sev_ID,Prsn_Age,Prsn_Ethnicity_ID,Prsn_Gndr_ID,Prsn_Ejct_ID,Prsn_Rest_ID,Prsn_Airbag_ID,Prsn_Helmet_ID,Prsn_Sol_Fl,Prsn_Alc_Spec_Type_ID,Prsn_Alc_Rslt_ID,Prsn_Bac_Test_Rslt,Prsn_Drg_Spec_Type_ID,Prsn_Drg_Rslt_ID,Drvr_Drg_Cat_1_ID,Prsn_Death_Date,Prsn_Death_Time,Incap_Injry_Cnt.x,Nonincap_Injry_Cnt.x,Poss_Injry_Cnt.x,Non_Injry_Cnt.x,Unkn_Injry_Cnt.x,Tot_Injry_Cnt.x,Death_Cnt.x,Crash_Fatal_Fl,Cmv_Involv_Fl,Schl_Bus_Fl,Rr_Relat_Fl,Medical_Advisory_Fl,Amend_Supp_Fl,Active_School_Zone_Fl,Crash_Date,Crash_Time,Rpt_CRIS_Cnty_ID,Rpt_City_ID,Rpt_Outside_City_Limit_Fl,Thousand_Damage_Fl,Rpt_Latitude,Rpt_Longitude,Rpt_Rdwy_Sys_ID,Rpt_Hwy_Num,Rpt_Hwy_Sfx,Rpt_Road_Part_ID,Rpt_Block_Num,Rpt_Street_Pfx,Rpt_Street_Name,Rpt_Street_Sfx,Private_Dr_Fl,Toll_Road_Fl,Crash_Speed_Limit,Road_Constr_Zone_Fl,Road_Constr_Zone_Wrkr_Fl,Rpt_Street_Desc,At_Intrsct_Fl,Rpt_Sec_Rdwy_Sys_ID,Rpt_Sec_Hwy_Num,Rpt_Sec_Hwy_Sfx,Rpt_Sec_Road_Part_ID,Rpt_Sec_Block_Num,Rpt_Sec_Street_Pfx,Rpt_Sec_Street_Name,Rpt_Sec_Street_Sfx,Rpt_Ref_Mark_Offset_Amt,Rpt_Ref_Mark_Dist_Uom,Rpt_Ref_Mark_Dir,Rpt_Ref_Mark_Nbr,Rpt_Sec_Street_Desc,Rpt_CrossingNumber,Wthr_Cond_ID,Light_Cond_ID,Entr_Road_ID,Road_Type_ID,Road_Algn_ID,Surf_Cond_ID,Traffic_Cntl_ID,Investigat_Notify_Time,Investigat_Notify_Meth,Investigat_Arrv_Time,Report_Date,Investigat_Comp_Fl,Investigat_Agency_ID,Investigat_Area_ID,Investigat_District_ID,Investigat_Region_ID,Bridge_Detail_ID,Harm_Evnt_ID,Intrsct_Relat_ID,FHE_Collsn_ID,Obj_Struck_ID,Othr_Factr_ID,Road_Part_Adj_ID,Road_Cls_ID,Road_Relat_ID,Phys_Featr_1_ID,Phys_Featr_2_ID,Cnty_ID,City_ID,Latitude,Longitude,Hwy_Sys,Hwy_Nbr,Hwy_Sfx,Dfo,Street_Name,Street_Nbr,Control,Section,Milepoint,Ref_Mark_Nbr,Ref_Mark_Displ,Hwy_Sys_2,Hwy_Nbr_2,Hwy_Sfx_2,Street_Name_2,Street_Nbr_2,Control_2,Section_2,Milepoint_2,Txdot_Rptable_Fl,Onsys_Fl,Rural_Fl,Crash_Sev_ID,Pop_Group_ID,Located_Fl,Day_of_Week,Hwy_Dsgn_Lane_ID,Hwy_Dsgn_Hrt_ID,Hp_Shldr_Left,Hp_Shldr_Right,Hp_Median_Width,Base_Type_ID,Nbr_Of_Lane,Row_Width_Usual,Roadbed_Width,Surf_Width,Surf_Type_ID,Curb_Type_Left_ID,Curb_Type_Right_ID,Shldr_Type_Left_ID,Shldr_Width_Left,Shldr_Use_Left_ID,Shldr_Type_Right_ID,Shldr_Width_Right,Shldr_Use_Right_ID,Median_Type_ID,Median_Width,Rural_Urban_Type_ID,Func_Sys_ID,Adt_Curnt_Amt,Adt_Curnt_Year,Adt_Adj_Curnt_Amt,Pct_Single_Trk_Adt,Pct_Combo_Trk_Adt,Trk_Aadt_Pct,Curve_Type_ID,Curve_Lngth,Cd_Degr,Delta_Left_Right_ID,Dd_Degr,Feature_Crossed,Structure_Number,I_R_Min_Vert_Clear,Approach_Width,Bridge_Median_ID,Bridge_Loading_Type_ID,Bridge_Loading_In_1000_Lbs,Bridge_Srvc_Type_On_ID,Bridge_Srvc_Type_Under_ID,Culvert_Type_ID,Roadway_Width,Deck_Width,Bridge_Dir_Of_Traffic_ID,Bridge_Rte_Struct_Func_ID,Bridge_IR_Struct_Func_ID,CrossingNumber,RRCo,Poscrossing_ID,WDCode_ID,Standstop,Yield,Incap_Injry_Cnt.y,Nonincap_Injry_Cnt.y,Poss_Injry_Cnt.y,Non_Injry_Cnt.y,Unkn_Injry_Cnt.y,Tot_Injry_Cnt.y,Death_Cnt.y,MPO_ID,Unit_ID,Unit_Prsn_ID
12913798,AUS_12913798,30.32592761,-97.72633641,2,1,3,16,2,55,1,1,4,11,1,5,N,4,NA,NA,4,97,97,,,0,1,0,0,0,1,0,N,N,N,N,N,N,N,9/20/2012,5:46 PM,227,22,N,N,NA,NA,19,,,1,,,LAMAR,BLVD,N,N,40,N,N,,Y,19,,,NA,,W,KOENIG,LN,NA,,,,,,11,1,4,3,1,1,5,5:04 PM,911,5:10 PM,9/20/2012,Y,74,NA,75,95,8,5,2,3,64,54,1,3,1,21,21,227,22,30.32592761,-97.72633641,RM,2222,,10.772,RM2222,NA,2100,1,10.891,536,0.849,SL,1,,SL0001,NA,NA,NA,NA,Y,Y,N,2,9,Y,THU,2,0,0,0,0,2,4,70,44,44,4,2,2,1,0,0,1,0,0,0,0,4,14,28000,2012,28000,0.9,0.3,1.2,1,120,0,NA,0,NA,NA,NA,NA,NA,NA,NA,NA,NA,NA,NA,NA,NA,NA,NA,,,NA,NA,NA,NA,0,1,0,1,0,1,0,90,129137982,1291379821
12913806,AUS_12913806,30.39728542,-97.7499585,2,1,3,16,2,29,3,1,4,11,1,4,N,4,NA,NA,4,97,97,,,0,1,0,0,0,1,0,N,N,N,N,N,N,N,9/19/2012,2:32 PM,227,22,N,Y,NA,NA,19,,,1,10300,,JOLLYVILLE,RD,N,N,35,N,N,,N,19,,,NA,,W,BRAKER,LN,NA,,,,,,11,1,98,NA,1,1,16,7:37 PM,DISPATCH,7:40 PM,9/19/2012,N,74,22,46,64,8,5,3,2,64,13,1,5,1,1,21,227,22,30.39728542,-97.7499585,,,,NA,JOLLYVILLE RD,10232,NA,NA,NA,NA,NA,,,,N/A,NA,NA,NA,NA,Y,N,N,2,9,Y,WED,NA,NA,NA,NA,NA,NA,NA,NA,NA,NA,NA,NA,NA,NA,NA,NA,NA,NA,NA,NA,NA,NA,NA,NA,NA,NA,NA,NA,NA,NA,NA,NA,NA,NA,NA,NA,NA,NA,NA,NA,NA,NA,NA,NA,NA,NA,NA,NA,NA,,,NA,NA,NA,NA,0,1,0,0,1,1,0,90,129138062,1291380621
12913808,AUS_12913808,30.42337,-97.68125,2,1,3,16,2,25,1,1,4,11,1,4,N,4,NA,NA,4,97,97,,,0,1,0,0,0,1,0,N,N,N,N,N,N,N,9/19/2012,6:00 PM,227,22,N,N,NA,NA,19,,,1,12300,,LAMPLIGHT VILLAGE,,N,N,45,N,N,,Y,19,,,NA,,,METRIC,BLVD,NA,,,,,,11,1,3,NA,1,1,5,6:00 PM,DISPATCH,6:03 PM,9/19/2012,Y,74,12,46,64,8,5,1,2,64,54,1,5,1,21,21,227,22,30.42337,-97.68125,,,,NA,LYNNVILLE TRL,NA,NA,NA,NA,NA,NA,,,,METRIC BLVD,NA,NA,NA,NA,Y,N,N,2,9,Y,WED,NA,NA,NA,NA,NA,NA,NA,NA,NA,NA,NA,NA,NA,NA,NA,NA,NA,NA,NA,NA,NA,NA,NA,NA,NA,NA,NA,NA,NA,NA,NA,NA,NA,NA,NA,NA,NA,NA,NA,NA,NA,NA,NA,NA,NA,NA,NA,NA,NA,,,NA,NA,NA,NA,0,1,0,1,0,1,0,90,129138082,1291380821
12921576,AUS_12921576,30.27197991,-97.75513775,2,1,3,16,2,27,1,1,4,11,1,4,N,4,NA,NA,4,97,97,,,0,1,0,0,0,1,0,N,N,N,N,N,N,N,6/16/2012,2:21 AM,227,22,N,Y,30.27198,-97.75482,19,,,1,1000,W,6TH,ST,N,N,30,N,N,,N,19,,,NA,,,BAYLOR,ST,NA,,,,,,11,4,0,NA,1,1,20,2:21 AM,DISPATCH,2:25 AM,6/16/2012,Y,74,252,10,14,8,5,4,1,64,54,1,5,1,21,21,227,22,30.27197991,-97.75513775,,,,NA,W 6TH ST,1102,NA,NA,NA,NA,NA,,,,N/A,NA,NA,NA,NA,Y,N,N,2,9,Y,SAT,NA,NA,NA,NA,NA,NA,NA,NA,NA,NA,NA,NA,NA,NA,NA,NA,NA,NA,NA,NA,NA,NA,NA,NA,NA,NA,NA,NA,NA,NA,NA,NA,NA,NA,NA,NA,NA,NA,NA,NA,NA,NA,NA,NA,NA,NA,NA,NA,NA,,,NA,NA,NA,NA,0,4,0,0,1,4,0,90,129215762,1292157621
12925886,AUS_12925886,30.43299267,-97.7738523,1,1,3,16,3,53,1,2,4,11,1,5,N,4,NA,NA,4,97,97,,,0,0,1,0,0,1,0,N,N,N,N,N,N,N,10/2/2012,9:53 AM,246,22,N,Y,NA,NA,19,,,7,8600,,SPICEWOOD SPRINGS,RD,N,N,40,N,N,,N,19,,,NA,8000,,PARLIAMENT,PL,NA,,,,,,11,1,0,NA,1,1,11,9:53 AM,DISPATCHED,9:59 AM,10/2/2012,Y,74,1,46,64,8,5,3,1,64,14,1,5,1,1,21,246,22,30.43299267,-97.7738523,,,,NA,SPICEWOOD SPRINGS RD,NA,NA,NA,NA,NA,NA,,,,N/A,NA,NA,NA,NA,Y,N,N,3,9,Y,TUE,NA,NA,NA,NA,NA,NA,NA,NA,NA,NA,NA,NA,NA,NA,NA,NA,NA,NA,NA,NA,NA,NA,NA,NA,NA,NA,NA,NA,NA,NA,NA,NA,NA,NA,NA,NA,NA,NA,NA,NA,NA,NA,NA,NA,NA,NA,NA,NA,NA,,,NA,NA,NA,NA,0,0,1,1,0,1,0,90,129258861,1292588611
12925954,AUS_12925954,30.26903,-97.74983,2,1,3,16,2,39,1,1,4,11,1,4,N,4,NA,NA,4,97,97,,,0,1,0,0,0,1,0,N,N,N,N,N,N,N,10/3/2012,4:49 PM,227,22,N,N,NA,NA,19,,,1,,,RIO GRANDE,ST,N,N,30,Y,N,,Y,19,,,NA,,W,5TH,ST,NA,,,,,,11,1,4,NA,1,1,8,4:49 PM,DISPATCH,5:00 PM,10/3/2012,Y,74,NA,115,144,8,5,1,1,64,49,1,5,1,21,21,227,22,30.26903,-97.74983,,,,NA,RIO GRANDE ST,499,NA,NA,NA,NA,NA,,,,W 5TH ST,NA,NA,NA,NA,Y,N,N,2,9,Y,WED,NA,NA,NA,NA,NA,NA,NA,NA,NA,NA,NA,NA,NA,NA,NA,NA,NA,NA,NA,NA,NA,NA,NA,NA,NA,NA,NA,NA,NA,NA,NA,NA,NA,NA,NA,NA,NA,NA,NA,NA,NA,NA,NA,NA,NA,NA,NA,NA,NA,,,NA,NA,NA,NA,0,1,0,1,0,1,0,90,129259542,1292595421
12926083,AUS_12926083,30.26523,-97.74004,1,1,3,16,3,22,4,2,4,11,1,2,N,4,NA,NA,4,97,97,,,0,0,1,0,0,1,0,N,N,N,N,N,N,N,9/21/2012,6:44 PM,227,22,N,N,NA,NA,19,,,1,,,TRINITY,ST,N,N,30,N,N,,Y,19,,,NA,,E,4TH,ST,NA,,,,,,11,1,4,NA,1,1,8,6:44 PM,DISPATCH,6:43 PM,9/21/2012,Y,74,NA,NA,NA,8,5,1,1,64,54,1,5,1,21,21,227,22,30.26523,-97.74004,,,,NA,TRINITY ST,399,NA,NA,NA,NA,NA,,,,E 4TH ST,NA,NA,NA,NA,Y,N,N,3,9,Y,FRI,NA,NA,NA,NA,NA,NA,NA,NA,NA,NA,NA,NA,NA,NA,NA,NA,NA,NA,NA,NA,NA,NA,NA,NA,NA,NA,NA,NA,NA,NA,NA,NA,NA,NA,NA,NA,NA,NA,NA,NA,NA,NA,NA,NA,NA,NA,NA,NA,NA,,,NA,NA,NA,NA,0,0,1,1,0,1,0,90,129260831,1292608311
12926124,AUS_12926124,30.29581001,-97.7233,2,1,3,16,2,17,1,1,4,11,1,2,N,4,NA,NA,4,97,97,,,0,1,0,0,0,1,0,N,N,N,N,N,N,N,9/28/2012,5:17 PM,227,22,N,N,NA,NA,19,,,1,3800,,RED RIVER,ST,N,N,30,N,N,,N,19,,,NA,800,E,38 12,ST,NA,,,,,,12,1,4,NA,1,1,1,5:17 PM,DISPATCH,5:27 PM,9/28/2012,Y,74,NA,NA,125,8,5,4,1,64,7,1,5,1,21,21,227,22,30.29581001,-97.7233,,,,NA,RED RIVER ST,3800,NA,NA,NA,NA,NA,,,,N/A,NA,NA,NA,NA,Y,N,N,2,9,Y,FRI,NA,NA,NA,NA,NA,NA,NA,NA,NA,NA,NA,NA,NA,NA,NA,NA,NA,NA,NA,NA,NA,NA,NA,NA,NA,NA,NA,NA,NA,NA,NA,NA,NA,NA,NA,NA,NA,NA,NA,NA,NA,NA,NA,NA,NA,NA,NA,NA,NA,,,NA,NA,NA,NA,0,1,0,1,0,1,0,90,129261242,1292612421
12934879,AUS_12934879,30.27635,-97.70363,2,1,3,16,2,33,3,1,4,11,1,4,N,4,NA,NA,4,97,97,,,0,1,0,0,0,1,0,N,N,N,N,N,N,N,8/4/2012,6:06 PM,227,22,N,Y,NA,NA,19,,,1,3000,E,12TH,ST,N,N,35,N,N,,Y,19,,,NA,1100,,OAK GROVE,AVE,NA,,,,,,11,1,2,NA,1,1,8,6:07 PM,DISPATCH,6:11 PM,8/4/2012,Y,74,NA,NA,96,8,5,1,1,64,54,1,5,1,21,21,227,22,30.27635,-97.70363,,,,NA,E 12TH ST,3001,NA,NA,NA,NA,NA,,,,OAK GROVE AVE,NA,NA,NA,NA,Y,N,N,2,9,Y,SAT,NA,NA,NA,NA,NA,NA,NA,NA,NA,NA,NA,NA,NA,NA,NA,NA,NA,NA,NA,NA,NA,NA,NA,NA,NA,NA,NA,NA,NA,NA,NA,NA,NA,NA,NA,NA,NA,NA,NA,NA,NA,NA,NA,NA,NA,NA,NA,NA,NA,,,NA,NA,NA,NA,0,1,0,0,3,1,0,90,129348792,1293487921
12938837,AUS_12938837,30.269,-97.74247,2,1,3,16,2,20,1,1,4,11,1,4,N,4,NA,NA,4,97,97,,,0,1,0,0,0,1,0,N,N,N,N,N,N,N,10/11/2012,7:50 PM,227,22,N,N,NA,NA,19,,,1,,,CONGRESS,AVE,N,N,25,N,N,,Y,19,,,NA,,E,7TH,ST,NA,,,,,,11,4,0,NA,1,1,5,7:56 PM,DISPATCH,7:58 PM,10/11/2012,Y,74,22,131,411,8,5,1,3,64,54,1,5,1,21,21,227,22,30.269,-97.74247,,,,NA,CONGRESS AVE,701,NA,NA,NA,NA,NA,,,,W 7TH ST,NA,NA,NA,NA,Y,N,N,2,9,Y,THU,NA,NA,NA,NA,NA,NA,NA,NA,NA,NA,NA,NA,NA,NA,NA,NA,NA,NA,NA,NA,NA,NA,NA,NA,NA,NA,NA,NA,NA,NA,NA,NA,NA,NA,NA,NA,NA,NA,NA,NA,NA,NA,NA,NA,NA,NA,NA,NA,NA,,,NA,NA,NA,NA,0,1,0,1,0,1,0,90,129388372,1293883721
12938870,AUS_12938870,30.24719478,-97.75597768,2,1,3,16,1,37,2,2,4,11,1,4,N,4,NA,NA,4,97,97,,,1,0,0,0,0,1,0,N,N,N,N,N,N,N,10/14/2012,9:31 PM,227,22,N,N,NA,NA,19,,,1,1816,S,1ST,ST,N,N,35,N,N,,N,19,,,NA,600,W,MARY,ST,NA,,,,,,11,4,0,NA,1,1,1,9:31 PM,DISPATCHED,9:32 PM,10/14/2012,Y,74,NA,105,112,8,5,4,1,64,54,1,5,1,21,21,227,22,30.24719478,-97.75597768,,,,NA,S 1ST ST,1830,NA,NA,NA,NA,NA,,,,N/A,NA,NA,NA,NA,Y,N,N,1,9,Y,SUN,NA,NA,NA,NA,NA,NA,NA,NA,NA,NA,NA,NA,NA,NA,NA,NA,NA,NA,NA,NA,NA,NA,NA,NA,NA,NA,NA,NA,NA,NA,NA,NA,NA,NA,NA,NA,NA,NA,NA,NA,NA,NA,NA,NA,NA,NA,NA,NA,NA,,,NA,NA,NA,NA,1,0,0,1,0,1,0,90,129388702,1293887021
12938917,AUS_12938917,30.21655804,-97.84514825,1,1,3,16,2,27,1,1,4,11,1,4,N,4,NA,NA,4,97,97,,,0,1,0,0,0,1,0,N,N,N,N,N,N,N,10/6/2012,3:30 PM,227,22,N,Y,NA,NA,19,,,1,,,BRODIE,LN,N,N,40,N,N,,Y,19,,,NA,,,CONVIET HILL,RD,NA,,,,,,11,1,0,2,1,1,5,4:07 PM,DISPATCHER,4:16 PM,10/6/2012,Y,74,NA,NA,195,8,5,1,1,64,54,1,2,1,21,21,227,22,30.21655804,-97.84514825,SL,1,,21.484,SL0001,4576,3136,1,21.74,446,0.066,US,290,,US0290,NA,NA,NA,NA,Y,Y,N,2,9,Y,SAT,5,0,10,10,56,2,6,300,112,72,4,0,0,2,20,5,2,20,5,3,36,4,12,63260,2012,63260,2,0.4,2.4,NA,NA,NA,NA,NA,NA,NA,NA,NA,NA,NA,NA,NA,NA,NA,NA,NA,NA,NA,NA,,,NA,NA,NA,NA,0,1,0,1,0,1,0,90,129389171,1293891711
12939006,AUS_12939006,30.37673292,-97.77969863,2,1,3,16,1,25,1,2,4,11,2,2,N,4,NA,NA,4,97,97,,,1,0,0,0,0,1,0,N,N,N,N,N,N,N,10/6/2012,11:10 AM,227,22,N,N,NA,NA,19,,,1,7700,N,CAPITAL OF TX SB,HWY,N,N,55,N,N,,N,19,,,NA,7200,,LAKEWOOD,DR,NA,,,,,,12,1,0,2,1,1,20,11:10 AM,DISPATCHED,11:20 AM,10/6/2012,Y,74,22,46,64,8,5,3,2,64,13,1,2,1,32,21,227,22,30.37673292,-97.77969863,SL,360,,2.394,SL0360,NA,113,13,13.555,434,0.489,,,,N/A,NA,NA,NA,NA,Y,Y,N,1,9,Y,SAT,3,0,4,10,56,2,4,291,76,48,4,0,0,2,8,5,2,20,5,3,48,4,14,45000,2012,45000,2.9,0.4,3.3,NA,NA,NA,NA,NA,NA,NA,NA,NA,NA,NA,NA,NA,NA,NA,NA,NA,NA,NA,NA,,,NA,NA,NA,NA,1,0,0,1,0,1,0,90,129390062,1293900621
12939023,AUS_12939023,30.23231,-97.7204,2,1,3,16,2,35,2,1,4,11,1,4,N,4,NA,NA,4,97,97,,,0,1,0,0,0,1,0,N,N,N,N,N,N,N,10/8/2012,1:25 PM,227,22,N,Y,NA,NA,19,,,1,1900,,WICKERSHOM,LN,N,N,30,N,N,,Y,19,,,NA,4500,E,RIVERSIDE,DR,NA,,,,,,11,1,4,NA,1,1,15,1:25 PM,DISPATCHED,1:28 PM,10/8/2012,Y,74,12,98,129,8,5,2,2,64,54,1,5,1,21,21,227,22,30.23231,-97.7204,,,,NA,WICKERSHAM LN,2001,NA,NA,NA,NA,NA,,,,E RIVERSIDE DR,NA,NA,NA,NA,Y,N,N,2,9,Y,MON,NA,NA,NA,NA,NA,NA,NA,NA,NA,NA,NA,NA,NA,NA,NA,NA,NA,NA,NA,NA,NA,NA,NA,NA,NA,NA,NA,NA,NA,NA,NA,NA,NA,NA,NA,NA,NA,NA,NA,NA,NA,NA,NA,NA,NA,NA,NA,NA,NA,,,NA,NA,NA,NA,0,1,0,1,0,1,0,90,129390232,1293902321
12939038,AUS_12939038,30.29310573,-97.73601096,2,1,3,16,2,26,1,1,4,11,1,4,N,4,NA,NA,4,97,97,,,0,1,0,0,0,1,0,N,N,N,N,N,N,N,10/9/2012,3:36 PM,227,22,N,N,NA,NA,19,,,1,2900,,SAN JACINTO,BLVD,N,N,30,N,N,,N,19,,,NA,,E,30TH,ST,NA,,,,,,11,1,0,NA,5,1,1,3:36 PM,DISPATCH,3:50 PM,10/9/2012,Y,74,NA,120,14,8,5,4,1,64,54,1,5,1,21,21,227,22,30.29310573,-97.73601096,,,,NA,SAN JACINTO BLVD,NA,NA,NA,NA,NA,NA,,,,N/A,NA,NA,NA,NA,Y,N,N,2,9,Y,TUE,NA,NA,NA,NA,NA,NA,NA,NA,NA,NA,NA,NA,NA,NA,NA,NA,NA,NA,NA,NA,NA,NA,NA,NA,NA,NA,NA,NA,NA,NA,NA,NA,NA,NA,NA,NA,NA,NA,NA,NA,NA,NA,NA,NA,NA,NA,NA,NA,NA,,,NA,NA,NA,NA,0,1,0,1,0,1,0,90,129390382,1293903821
12939079,AUS_12939079,30.41136114,-97.68669127,2,1,3,16,2,30,1,1,4,11,1,4,N,4,NA,NA,4,97,97,,,0,1,0,0,0,1,0,N,N,N,N,N,N,N,10/5/2012,9:54 AM,227,22,N,Y,NA,NA,19,,,1,1600,W,PARMER,LN,N,N,50,N,N,,Y,19,,,NA,12500,,SCOFIELD FARMS,DR,NA,,,,,,11,1,4,2,1,1,16,9:54 AM,DISPATCH,9:54 AM,12/5/2012,Y,74,1,114,143,8,5,1,2,64,54,1,3,1,21,21,227,22,30.41136114,-97.68669127,FM,734,,11.048,FM0734,1601,3417,2,11.5,426,-0.47,,,,SCOFIELD FARMS DR,NA,NA,NA,NA,Y,Y,N,2,9,Y,FRI,3,0,4,10,44,2,6,300,100,72,4,0,0,2,8,5,2,20,5,3,36,4,14,37000,2012,37000,1.7,1.5,3.2,NA,NA,NA,NA,NA,NA,NA,NA,NA,NA,NA,NA,NA,NA,NA,NA,NA,NA,NA,NA,,,NA,NA,NA,NA,0,1,0,1,0,1,0,90,129390792,1293907921
12950004,AUS_12950004,30.35972272,-97.73826443,2,1,3,16,3,59,1,1,4,11,1,4,N,4,NA,NA,4,97,97,,,0,0,1,0,0,1,0,N,N,N,N,N,N,N,10/15/2012,7:27 AM,227,22,N,N,NA,NA,19,,,1,,,ROCKWOOD,LN,N,N,35,N,N,,N,19,,,NA,,W,ANDERSON,LN,NA,,,,,,11,1,0,NA,1,1,5,7:28 AM,DISPATCH,7:39 AM,10/15/2012,Y,74,17,46,64,8,5,2,1,64,54,1,5,1,21,21,227,22,30.35972272,-97.73826443,,,,NA,ROCKWOOD LN,7899,NA,NA,NA,NA,NA,,,,W ANDERSON LN,NA,NA,NA,NA,Y,N,N,3,9,Y,MON,NA,NA,NA,NA,NA,NA,NA,NA,NA,NA,NA,NA,NA,NA,NA,NA,NA,NA,NA,NA,NA,NA,NA,NA,NA,NA,NA,NA,NA,NA,NA,NA,NA,NA,NA,NA,NA,NA,NA,NA,NA,NA,NA,NA,NA,NA,NA,NA,NA,,,NA,NA,NA,NA,0,0,1,1,0,1,0,90,129500042,1295000421
12950130,AUS_12950130,30.28779,-97.74264,2,1,3,16,3,31,4,2,4,11,1,2,N,4,NA,NA,4,97,97,,,0,0,1,0,0,1,0,N,N,N,N,N,N,N,10/12/2012,10:08 AM,227,22,N,N,NA,NA,19,,,1,500,W,24TH,ST,N,N,30,N,N,,Y,19,,,NA,2300,,SAN ANTONIO,ST,NA,,,,,,12,1,3,NA,1,1,5,10:08 AM,DISPATCH,10:15 AM,10/12/2012,Y,74,NA,NA,187,8,5,2,3,64,3,1,5,1,21,21,227,22,30.28779,-97.74264,,,,NA,W 24TH ST,504,NA,NA,NA,NA,NA,,,,SAN ANTONIO ST,NA,NA,NA,NA,Y,N,N,3,9,Y,FRI,NA,NA,NA,NA,NA,NA,NA,NA,NA,NA,NA,NA,NA,NA,NA,NA,NA,NA,NA,NA,NA,NA,NA,NA,NA,NA,NA,NA,NA,NA,NA,NA,NA,NA,NA,NA,NA,NA,NA,NA,NA,NA,NA,NA,NA,NA,NA,NA,NA,,,NA,NA,NA,NA,0,0,1,1,0,1,0,90,129501302,1295013021
12950181,AUS_12950181,30.2969,-97.73094,2,1,3,16,2,42,1,1,4,11,1,4,N,4,NA,NA,4,97,97,,,0,1,0,0,0,1,0,N,N,N,N,N,Y,N,8/27/2012,4:20 PM,227,22,N,N,NA,NA,19,,,1,,,DUVAL,ST,N,N,35,N,N,,Y,19,,,NA,,,CAROLYN,AVE,NA,,,,,,11,1,2,NA,1,1,8,4:20 PM,DISPATCH,4:30 PM,8/27/2012,Y,74,NA,120,14,8,5,1,3,64,54,1,5,1,21,21,227,22,30.2969,-97.73094,,,,NA,DUVAL ST,3501,NA,NA,NA,NA,NA,,,,CAROLYN AVE,NA,NA,NA,NA,Y,N,N,2,9,Y,MON,NA,NA,NA,NA,NA,NA,NA,NA,NA,NA,NA,NA,NA,NA,NA,NA,NA,NA,NA,NA,NA,NA,NA,NA,NA,NA,NA,NA,NA,NA,NA,NA,NA,NA,NA,NA,NA,NA,NA,NA,NA,NA,NA,NA,NA,NA,NA,NA,NA,,,NA,NA,NA,NA,0,1,0,1,0,1,0,90,129501812,1295018121
12950795,AUS_12950795,30.28021201,-97.742143,3,1,3,16,1,27,1,1,4,11,1,4,N,4,NA,NA,4,97,97,,,1,0,0,0,0,1,0,N,N,N,N,N,N,N,10/12/2012,4:31 AM,227,22,N,Y,NA,NA,19,,,1,1700,,GUADALUPE,ST,N,N,30,N,N,,N,19,,,1,300,W,17TH,ST,NA,,,,,,11,4,0,NA,2,1,20,4:31 AM,DISPATCHED,4:32 AM,10/12/2012,Y,74,129,10,14,8,4,4,1,64,54,1,5,1,21,21,227,22,30.28021201,-97.742143,,,,NA,GUADALUPE ST,1723,NA,NA,NA,NA,NA,,,,N/A,NA,NA,NA,NA,Y,N,N,1,9,Y,FRI,NA,NA,NA,NA,NA,NA,NA,NA,NA,NA,NA,NA,NA,NA,NA,NA,NA,NA,NA,NA,NA,NA,NA,NA,NA,NA,NA,NA,NA,NA,NA,NA,NA,NA,NA,NA,NA,NA,NA,NA,NA,NA,NA,NA,NA,NA,NA,NA,NA,,,NA,NA,NA,NA,1,0,0,1,0,1,0,90,129507953,1295079531
12965248,AUS_12965248,30.24448,-97.7577,2,1,3,16,2,24,1,1,4,11,1,4,N,4,NA,NA,4,97,97,,,0,1,0,0,0,1,0,N,N,N,N,N,N,N,10/25/2012,10:29 PM,227,22,N,N,NA,NA,19,,,1,2100,S,1ST,ST,N,N,0,N,N,,Y,19,,,1,900,W,LIVE OAK,ST,NA,,,,,,11,4,2,NA,1,1,8,10:29 PM,DISPATCHED,10:33 PM,10/25/2012,Y,74,NA,105,112,8,5,1,3,64,54,1,5,1,21,21,227,22,30.24448,-97.7577,,,,NA,S 1ST ST,2199,NA,NA,NA,NA,NA,,,,W LIVE OAK ST,NA,NA,NA,NA,Y,N,N,2,9,Y,THU,NA,NA,NA,NA,NA,NA,NA,NA,NA,NA,NA,NA,NA,NA,NA,NA,NA,NA,NA,NA,NA,NA,NA,NA,NA,NA,NA,NA,NA,NA,NA,NA,NA,NA,NA,NA,NA,NA,NA,NA,NA,NA,NA,NA,NA,NA,NA,NA,NA,,,NA,NA,NA,NA,0,1,0,0,1,1,0,90,129652482,1296524821
12965757,AUS_12965757,30.21221,-97.74826,2,1,3,16,2,19,2,2,4,11,1,4,N,4,NA,NA,4,97,97,,,0,1,0,0,0,1,0,N,N,N,N,N,N,N,9/21/2012,12:17 PM,227,22,N,N,NA,NA,19,,,1,4200,,FREIDRICH,LN,N,N,35,N,N,,N,19,,,NA,1900,E,ST ELMO,RD,NA,,,,,,11,1,0,NA,1,1,8,12:18 PM,DISPATCHED,12:21 PM,9/21/2012,Y,74,1,131,9,8,5,3,1,64,14,1,5,1,32,21,227,22,30.21221,-97.74826,,,,NA,FREIDRICH LN,4200,NA,NA,NA,NA,NA,,,,N/A,NA,NA,NA,NA,Y,N,N,2,9,Y,FRI,NA,NA,NA,NA,NA,NA,NA,NA,NA,NA,NA,NA,NA,NA,NA,NA,NA,NA,NA,NA,NA,NA,NA,NA,NA,NA,NA,NA,NA,NA,NA,NA,NA,NA,NA,NA,NA,NA,NA,NA,NA,NA,NA,NA,NA,NA,NA,NA,NA,,,NA,NA,NA,NA,0,1,0,1,0,1,0,90,129657572,1296575721