CrashID,CrashID1,Latitude,Longitude,Unit_Nbr,Prsn_Nbr,Prsn_Type_ID,Prsn_Occpnt_Pos_ID,Prsn_Injry_Sev_ID,Prsn_Age,Prsn_Ethnicity_ID,Prsn_Gndr_ID,Prsn_Ejct_ID,Prsn_Rest_ID,Prsn_Airbag_ID,Prsn_Helmet_ID,Prsn_Sol_Fl,Prsn_Alc_Spec_Type_ID,Prsn_Alc_Rslt_ID,Prsn_Bac_Test_Rslt,Prsn_Drg_Spec_Type_ID,Prsn_Drg_Rslt_ID,Drvr_Drg_Cat_1_ID,Prsn_Death_Date,Prsn_Death_Time,Incap_Injry_Cnt.x,Nonincap_Injry_Cnt.x,Poss_Injry_Cnt.x,Non_Injry_Cnt.x,Unkn_Injry_Cnt.x,Tot_Injry_Cnt.x,Death_Cnt.x,Crash_Fatal_Fl,Cmv_Involv_Fl,Schl_Bus_Fl,Rr_Relat_Fl,Medical_Advisory_Fl,Amend_Supp_Fl,Active_School_Zone_Fl,Crash_Date,Crash_Time,Rpt_CRIS_Cnty_ID,Rpt_City_ID,Rpt_Outside_City_Limit_Fl,Thousand_Damage_Fl,Rpt_Latitude,Rpt_Longitude,Rpt_Rdwy_Sys_ID,Rpt_Hwy_Num,Rpt_Hwy_Sfx,Rpt_Road_Part_ID,Rpt_Block_Num,Rpt_Street_Pfx,Rpt_Street_Name,Rpt_Street_Sfx,Private_Dr_Fl,Toll_Road_Fl,Crash_Speed_Limit,Road_Constr_Zone_Fl,Road_Constr_Zone_Wrkr_Fl,Rpt_Street_Desc,At_Intrsct_Fl,Rpt_Sec_Rdwy_Sys_ID,Rpt_Sec_Hwy_Num,Rpt_Sec_Hwy_Sfx,Rpt_Sec_Road_Part_ID,Rpt_Sec_Block_Num,Rpt_Sec_Street_Pfx,Rpt_Sec_Street_Name,Rpt_Sec_Street_Sfx,Rpt_Ref_Mark_Offset_Amt,Rpt_Ref_Mark_Dist_Uom,Rpt_Ref_Mark_Dir,Rpt_Ref_Mark_Nbr,Rpt_Sec_Street_Desc,Rpt_CrossingNumber,Wthr_Cond_ID,Light_Cond_ID,Entr_Road_ID,Road_Type_ID,Road_Algn_ID,Surf_Cond_ID,Traffic_Cntl_ID,Investigat_Notify_Time,Investigat_Notify_Meth,Investigat_Arrv_Time,Report_Date,Investigat_Comp_Fl,Investigat_Agency_ID,Investigat_Area_ID,Investigat_District_ID,Investigat_Region_ID,Bridge_Detail_ID,Harm_Evnt_ID,Intrsct_Relat_ID,FHE_Collsn_ID,Obj_Struck_ID,Othr_Factr_ID,Road_Part_Adj_ID,Road_Cls_ID,Road_Relat_ID,Phys_Featr_1_ID,Phys_Featr_2_ID,Cnty_ID,City_ID,Latitude,Longitude,Hwy_Sys,Hwy_Nbr,Hwy_Sfx,Dfo,Street_Name,Street_Nbr,Control,Section,Milepoint,Ref_Mark_Nbr,Ref_Mark_Displ,Hwy_Sys_2,Hwy_Nbr_2,Hwy_Sfx_2,Street_Name_2,Street_Nbr_2,Control_2,Section_2,Milepoint_2,Txdot_Rptable_Fl,Onsys_Fl,Rural_Fl,Crash_Sev_ID,Pop_Group_ID,Located_Fl,Day_of_Week,Hwy_Dsgn_Lane_ID,Hwy_Dsgn_Hrt_ID,Hp_Shldr_Left,Hp_Shldr_Right,Hp_Median_Width,Base_Type_ID,Nbr_Of_Lane,Row_Width_Usual,Roadbed_Width,Surf_Width,Surf_Type_ID,Curb_Type_Left_ID,Curb_Type_Right_ID,Shldr_Type_Left_ID,Shldr_Width_Left,Shldr_Use_Left_ID,Shldr_Type_Right_ID,Shldr_Width_Right,Shldr_Use_Right_ID,Median_Type_ID,Median_Width,Rural_Urban_Type_ID,Func_Sys_ID,Adt_Curnt_Amt,Adt_Curnt_Year,Adt_Adj_Curnt_Amt,Pct_Single_Trk_Adt,Pct_Combo_Trk_Adt,Trk_Aadt_Pct,Curve_Type_ID,Curve_Lngth,Cd_Degr,Delta_Left_Right_ID,Dd_Degr,Feature_Crossed,Structure_Number,I_R_Min_Vert_Clear,Approach_Width,Bridge_Median_ID,Bridge_Loading_Type_ID,Bridge_Loading_In_1000_Lbs,Bridge_Srvc_Type_On_ID,Bridge_Srvc_Type_Under_ID,Culvert_Type_ID,Roadway_Width,Deck_Width,Bridge_Dir_Of_Traffic_ID,Bridge_Rte_Struct_Func_ID,Bridge_IR_Struct_Func_ID,CrossingNumber,RRCo,Poscrossing_ID,WDCode_ID,Standstop,Yield,Incap_Injry_Cnt.y,Nonincap_Injry_Cnt.y,Poss_Injry_Cnt.y,Non_Injry_Cnt.y,Unkn_Injry_Cnt.y,Tot_Injry_Cnt.y,Death_Cnt.y,MPO_ID,Unit_ID,Unit_Prsn_ID
12965856,AUS_12965856,30.27606,-97.74844,2,1,3,16,3,23,2,1,4,11,1,4,N,4,NA,NA,4,97,97,,,0,0,1,0,0,1,0,N,N,N,N,N,N,N,10/23/2012,2:05 PM,227,22,N,N,NA,NA,19,,,7,1200,,WEST,AVE,N,N,30,N,N,,N,19,,,NA,1200,,RIO GRANDE,,NA,,,,,,11,1,0,NA,1,1,5,2:05 PM,DISPATCH,2:10 PM,10/23/2012,Y,74,129,10,14,8,5,1,3,64,54,1,5,1,21,21,227,22,30.27606,-97.74844,,,,NA,WEST AVE,1200,NA,NA,NA,NA,NA,,,,UNKNOWN,NA,NA,NA,NA,Y,N,N,3,9,Y,TUE,NA,NA,NA,NA,NA,NA,NA,NA,NA,NA,NA,NA,NA,NA,NA,NA,NA,NA,NA,NA,NA,NA,NA,NA,NA,NA,NA,NA,NA,NA,NA,NA,NA,NA,NA,NA,NA,NA,NA,NA,NA,NA,NA,NA,NA,NA,NA,NA,NA,,,NA,NA,NA,NA,0,0,1,0,1,1,0,90,129658562,1296585621
12965948,AUS_12965948,30.30696396,-97.72460294,2,1,3,16,2,21,1,1,4,11,1,4,N,4,NA,NA,4,97,97,,,0,1,0,0,0,1,0,N,N,N,N,N,N,N,10/23/2012,7:03 PM,227,22,N,N,NA,NA,19,,,1,4400,,DUVAL,ST,N,N,35,N,N,,N,19,,,NA,,W,45TH,ST,NA,,,,,,11,5,0,NA,1,1,1,7:03 PM,DISPATCH,7:06 PM,10/23/2012,Y,74,NA,120,14,8,5,2,1,64,38,1,5,1,21,21,227,22,30.30696396,-97.72460294,,,,NA,DUVAL ST,4427,NA,NA,NA,NA,NA,,,,E 45TH ST,NA,NA,NA,NA,Y,N,N,2,9,Y,TUE,NA,NA,NA,NA,NA,NA,NA,NA,NA,NA,NA,NA,NA,NA,NA,NA,NA,NA,NA,NA,NA,NA,NA,NA,NA,NA,NA,NA,NA,NA,NA,NA,NA,NA,NA,NA,NA,NA,NA,NA,NA,NA,NA,NA,NA,NA,NA,NA,NA,,,NA,NA,NA,NA,0,1,0,1,0,1,0,90,129659482,1296594821
12965949,AUS_12965949,30.29528008,-97.7368862,2,1,3,16,2,NA,1,2,4,11,1,2,N,4,NA,NA,4,97,97,,,0,1,0,0,0,1,0,N,N,N,N,N,N,N,10/23/2012,11:04 AM,227,22,N,Y,NA,NA,19,,,1,3100,,SPEEDWAY,,N,N,0,N,N,,N,19,,,NA,101,E,31ST,ST,NA,,,,,,11,1,2,NA,4,1,1,11:04 AM,DISPATCHED,11:07 AM,10/23/2012,Y,74,NA,53,21,8,5,4,1,64,54,1,5,1,21,21,227,22,30.29528008,-97.7368862,,,,NA,UNIVERSITY AVE,NA,NA,NA,NA,NA,NA,,,,N/A,NA,NA,NA,NA,Y,N,N,2,9,Y,TUE,NA,NA,NA,NA,NA,NA,NA,NA,NA,NA,NA,NA,NA,NA,NA,NA,NA,NA,NA,NA,NA,NA,NA,NA,NA,NA,NA,NA,NA,NA,NA,NA,NA,NA,NA,NA,NA,NA,NA,NA,NA,NA,NA,NA,NA,NA,NA,NA,NA,,,NA,NA,NA,NA,0,1,0,1,0,1,0,90,129659492,1296594921
12965964,AUS_12965964,30.4152535,-97.84813584,2,1,3,16,3,54,1,1,4,11,1,4,N,4,NA,NA,4,97,97,,,0,0,1,0,0,1,0,N,N,N,N,N,N,N,10/20/2012,1:45 PM,227,22,N,Y,NA,NA,4,620,,1,8021,N,NOT REPORTED,RD,N,N,55,N,N,,N,4,620,,NA,8000,N,NOT REPORTED,RD,NA,,,,,,11,1,0,3,1,1,16,1:45 PM,DISPATCHED,1:55 PM,10/20/2012,Y,74,22,46,64,8,5,3,1,64,14,1,3,1,32,21,227,22,30.4152535,-97.84813584,RM,620,,13.701,RM0620,NA,683,2,13.852,538,0.125,,,,N/A,NA,NA,NA,NA,Y,Y,N,3,9,Y,SAT,2,0,8,8,0,2,4,120,78,62,3,0,0,2,8,5,2,8,5,0,0,4,14,46000,2012,46000,1.5,0.2,1.7,NA,NA,NA,NA,NA,NA,NA,NA,NA,NA,NA,NA,NA,NA,NA,NA,NA,NA,NA,NA,,,NA,NA,NA,NA,0,0,1,1,0,1,0,90,129659642,1296596421
12973997,AUS_12973997,30.26441,-97.7305,2,1,3,16,1,41,1,1,4,11,1,4,N,4,NA,NA,4,97,97,,,1,0,0,0,0,1,0,N,N,N,N,N,N,N,9/11/2012,9:24 AM,227,22,N,N,NA,NA,19,,,1,,E,6TH,ST,N,N,35,N,N,,Y,19,,,NA,,,WALLER,ST,NA,,,,,,11,1,98,NA,1,1,8,9:24 AM,WITNESS,9:27 AM,9/11/2012,Y,74,17,115,144,8,5,1,1,64,54,1,5,1,21,21,227,22,30.26441,-97.7305,,,,NA,E 6TH ST,1198,NA,NA,NA,NA,NA,,,,WALLER ST,NA,NA,NA,NA,Y,N,N,1,9,Y,TUE,NA,NA,NA,NA,NA,NA,NA,NA,NA,NA,NA,NA,NA,NA,NA,NA,NA,NA,NA,NA,NA,NA,NA,NA,NA,NA,NA,NA,NA,NA,NA,NA,NA,NA,NA,NA,NA,NA,NA,NA,NA,NA,NA,NA,NA,NA,NA,NA,NA,,,NA,NA,NA,NA,1,0,0,3,0,1,0,90,129739972,1297399721
12974019,AUS_12974019,30.29196,-97.7412,2,1,3,16,2,25,1,2,4,11,1,5,N,4,NA,NA,4,97,97,,,0,1,0,0,0,1,0,N,N,N,N,N,Y,N,9/2/2012,8:38 PM,227,22,N,N,NA,NA,19,,,1,2700,,GUADALUPE,ST,N,N,30,N,N,,Y,19,,,NA,300,W,27TH,ST,NA,,,,,,11,4,4,NA,1,1,5,8:38 PM,ROLLED UP ON,8:38 PM,10/31/2012,Y,74,NA,NA,187,8,5,1,2,64,54,1,5,1,21,21,227,22,30.29196,-97.7412,,,,NA,GUADALUPE ST,2701,NA,NA,NA,NA,NA,,,,W 27TH ST,NA,NA,NA,NA,Y,N,N,2,9,Y,SUN,NA,NA,NA,NA,NA,NA,NA,NA,NA,NA,NA,NA,NA,NA,NA,NA,NA,NA,NA,NA,NA,NA,NA,NA,NA,NA,NA,NA,NA,NA,NA,NA,NA,NA,NA,NA,NA,NA,NA,NA,NA,NA,NA,NA,NA,NA,NA,NA,NA,,,NA,NA,NA,NA,0,1,0,4,0,1,0,90,129740192,1297401921
12974025,AUS_12974025,30.28652,-97.74276,2,1,3,16,3,21,4,1,4,11,1,2,N,4,NA,NA,4,97,97,,,0,0,1,0,0,1,0,N,N,N,N,N,Y,N,9/22/2012,12:43 PM,227,22,N,N,NA,NA,19,,,1,,,SAN ANTONIO,ST,N,N,30,N,N,,Y,19,,,NA,,W,23RD,ST,NA,,,,,,11,1,0,NA,1,1,8,12:43 PM,DISPATCH,12:50 PM,9/22/2012,Y,74,129,10,14,8,5,1,1,64,54,1,5,1,21,21,227,22,30.28652,-97.74276,,,,NA,SAN ANTONIO ST,2299,NA,NA,NA,NA,NA,,,,W 23RD ST,NA,NA,NA,NA,Y,N,N,3,9,Y,SAT,NA,NA,NA,NA,NA,NA,NA,NA,NA,NA,NA,NA,NA,NA,NA,NA,NA,NA,NA,NA,NA,NA,NA,NA,NA,NA,NA,NA,NA,NA,NA,NA,NA,NA,NA,NA,NA,NA,NA,NA,NA,NA,NA,NA,NA,NA,NA,NA,NA,,,NA,NA,NA,NA,0,0,1,1,0,1,0,90,129740252,1297402521
12974137,AUS_12974137,30.29173,-97.73425,2,1,3,16,3,41,1,2,4,11,1,5,N,4,NA,NA,4,97,97,,,0,0,1,0,0,1,0,N,N,N,N,N,N,N,10/6/2012,4:51 PM,227,22,N,Y,NA,NA,19,,,1,,,DUVAL,ST,N,N,35,N,N,,Y,19,,,NA,,E,30TH,ST,NA,,,,,,11,1,0,NA,8,1,8,4:51 PM,DISPATCH,4:53 PM,10/6/2012,Y,74,22,219,292,8,5,1,1,64,54,1,5,1,21,21,227,22,30.29173,-97.73425,,,,NA,DUVAL ST,2907,NA,NA,NA,NA,NA,,,,E 30TH ST,NA,NA,NA,NA,Y,N,N,3,9,Y,SAT,NA,NA,NA,NA,NA,NA,NA,NA,NA,NA,NA,NA,NA,NA,NA,NA,NA,NA,NA,NA,NA,NA,NA,NA,NA,NA,NA,NA,NA,NA,NA,NA,NA,NA,NA,NA,NA,NA,NA,NA,NA,NA,NA,NA,NA,NA,NA,NA,NA,,,NA,NA,NA,NA,0,0,1,4,0,1,0,90,129741372,1297413721
12974215,AUS_12974215,30.26304,-97.72652,2,1,3,16,5,26,1,1,4,11,1,5,N,4,NA,NA,4,97,97,,,0,0,0,1,0,0,0,N,N,N,N,N,N,N,9/7/2012,12:46 AM,227,22,N,N,NA,NA,19,,,1,1600,E,6TH,ST,N,N,30,N,N,,Y,19,,,NA,500,,COMAL,ST,NA,,,,,,11,3,98,NA,7,1,5,12:47 AM,911,12:50 AM,9/7/2012,Y,74,NA,NA,359,8,5,1,3,64,3,1,5,1,21,21,227,22,30.26304,-97.72652,,,,NA,E 6TH ST,1598,NA,NA,NA,NA,NA,,,,COMAL ST,NA,NA,NA,NA,N,N,N,5,9,Y,FRI,NA,NA,NA,NA,NA,NA,NA,NA,NA,NA,NA,NA,NA,NA,NA,NA,NA,NA,NA,NA,NA,NA,NA,NA,NA,NA,NA,NA,NA,NA,NA,NA,NA,NA,NA,NA,NA,NA,NA,NA,NA,NA,NA,NA,NA,NA,NA,NA,NA,,,NA,NA,NA,NA,0,0,0,2,0,0,0,90,129742152,1297421521
12974216,AUS_12974216,30.28794,-97.74464,2,1,3,16,2,19,1,2,4,11,1,4,N,4,NA,NA,4,97,97,,,0,1,0,0,0,1,0,N,N,N,N,N,Y,N,8/29/2012,7:42 AM,227,22,N,N,NA,NA,19,,,1,,W,24TH,ST,N,N,30,N,N,,Y,19,,,NA,,,RIO GRANDE,ST,NA,,,,,,11,1,4,NA,1,1,5,7:42 AM,DISPATCH,7:43 AM,10/31/2012,Y,74,NA,NA,174,8,5,1,3,64,54,1,5,1,21,21,227,22,30.28794,-97.74464,,,,NA,W 24TH ST,698,NA,NA,NA,NA,NA,,,,RIO GRANDE ST,NA,NA,NA,NA,Y,N,N,2,9,Y,WED,NA,NA,NA,NA,NA,NA,NA,NA,NA,NA,NA,NA,NA,NA,NA,NA,NA,NA,NA,NA,NA,NA,NA,NA,NA,NA,NA,NA,NA,NA,NA,NA,NA,NA,NA,NA,NA,NA,NA,NA,NA,NA,NA,NA,NA,NA,NA,NA,NA,,,NA,NA,NA,NA,0,1,0,1,0,1,0,90,129742162,1297421621
12981164,AUS_12981164,30.28351,-97.74826,2,1,3,16,1,24,1,1,4,11,1,5,N,4,NA,NA,4,97,97,,,1,0,0,0,0,1,0,N,N,N,N,N,N,N,10/29/2012,6:19 PM,227,22,N,N,NA,NA,19,,,1,1900,,SAN GABRIEL,ST,N,N,35,N,N,,Y,19,,,NA,1000,,MLK JR,BLVD,NA,,,,,,11,1,4,NA,3,1,8,6:20 PM,DISPATCH,6:22 PM,10/29/2012,Y,74,NA,120,14,8,5,1,3,64,54,1,5,1,21,21,227,22,30.28351,-97.74826,,,,NA,SAN GABRIEL ST,1900,NA,NA,NA,NA,NA,,,,UNKNOWN,NA,NA,NA,NA,Y,N,N,1,9,Y,MON,NA,NA,NA,NA,NA,NA,NA,NA,NA,NA,NA,NA,NA,NA,NA,NA,NA,NA,NA,NA,NA,NA,NA,NA,NA,NA,NA,NA,NA,NA,NA,NA,NA,NA,NA,NA,NA,NA,NA,NA,NA,NA,NA,NA,NA,NA,NA,NA,NA,,,NA,NA,NA,NA,1,0,0,1,0,1,0,90,129811642,1298116421
12981255,AUS_12981255,30.42921016,-97.84253257,2,1,3,16,2,20,1,1,4,11,1,4,N,4,NA,NA,4,97,97,,,0,1,0,0,0,1,0,N,N,N,N,N,N,N,10/27/2012,5:12 PM,227,22,N,N,NA,NA,4,620,,1,8800,N,NOT REPORTED,RD,N,N,0,N,N,,N,19,,,NA,,,BOULDER,LN,NA,,,,,,11,1,0,3,3,1,20,5:12 PM,DISPATCH,5:20 PM,10/27/2012,Y,74,22,46,64,8,5,4,1,64,54,1,3,3,21,21,227,22,30.42921016,-97.84253257,RM,620,,14.719,RM0620,NA,683,2,14.825,540,-0.925,,,,N/A,NA,NA,NA,NA,Y,Y,N,2,9,Y,SAT,2,0,8,8,0,2,4,120,78,62,3,0,0,2,8,5,2,8,5,0,0,4,14,46000,2012,46000,1.5,0.2,1.7,NA,NA,NA,NA,NA,NA,NA,NA,NA,NA,NA,NA,NA,NA,NA,NA,NA,NA,NA,NA,,,NA,NA,NA,NA,0,1,0,1,0,1,0,90,129812552,1298125521
12981301,AUS_12981301,30.26214153,-97.75806369,1,1,3,16,3,18,1,1,4,11,1,5,N,4,NA,NA,4,97,97,,,0,0,1,0,0,1,0,N,N,N,N,N,N,N,10/29/2012,8:26 AM,227,22,N,Y,NA,NA,19,,,1,300,S,LAMAR,BLVD,N,N,35,N,N,,Y,19,,,NA,300,S,LAMAR,BLVD,NA,,,,,,11,1,0,2,1,1,20,8:26 AM,DISPATCHED,8:35 AM,10/29/2012,Y,74,NA,NA,72,8,5,1,3,64,54,1,2,1,21,21,227,22,30.26214153,-97.75806369,SL,343,,3.475,SL0343,NA,113,12,1.089,568,-0.843,IH,35,,IH0035,NA,NA,NA,NA,Y,Y,N,3,9,Y,MON,3,0,0,0,22,2,6,120,72,72,4,1,1,1,0,0,1,0,0,1,22,4,14,40000,2012,40000,0.8,0.3,1.1,NA,NA,NA,NA,NA,NA,NA,NA,NA,NA,NA,NA,NA,NA,NA,NA,NA,NA,NA,NA,,,NA,NA,NA,NA,0,0,1,1,0,1,0,90,129813011,1298130111
12981457,AUS_12981457,30.27808,-97.77257,2,1,3,16,2,46,1,1,4,11,1,2,N,4,NA,NA,4,97,97,,,0,1,0,0,0,1,0,N,N,N,N,N,N,N,11/2/2012,4:58 PM,227,22,N,N,NA,NA,19,,,1,400,,DEEP EDDY,AVE,N,N,35,N,N,,Y,19,,,NA,2300,,LAKE AUSTIN,BLVD,NA,,,,,,11,1,2,NA,1,1,1,4:58 PM,DISPATCH,5:25 PM,11/2/2012,Y,74,11,10,14,8,5,1,3,64,54,1,5,1,21,21,227,22,30.27808,-97.77257,,,,NA,DEEP EDDY AVE,499,NA,NA,NA,NA,NA,,,,LAKE AUSTIN BLVD,NA,NA,NA,NA,Y,N,N,2,9,Y,FRI,NA,NA,NA,NA,NA,NA,NA,NA,NA,NA,NA,NA,NA,NA,NA,NA,NA,NA,NA,NA,NA,NA,NA,NA,NA,NA,NA,NA,NA,NA,NA,NA,NA,NA,NA,NA,NA,NA,NA,NA,NA,NA,NA,NA,NA,NA,NA,NA,NA,,,NA,NA,NA,NA,0,1,0,1,0,1,0,90,129814572,1298145721
12981458,AUS_12981458,30.28978586,-97.74131488,2,1,3,16,2,24,1,2,4,11,1,4,N,4,NA,NA,4,97,97,,,0,1,0,0,0,1,0,N,N,N,N,N,N,N,11/2/2012,10:14 AM,227,22,N,N,NA,NA,19,,,1,300,W,DEAN KEETON,ST,N,N,30,N,N,,N,19,,,NA,,,GUADALUPE,ST,NA,,,,,,11,1,0,NA,1,1,5,10:14 AM,RADIO,10:17 AM,11/2/2012,N,74,NA,NA,187,8,5,2,1,64,39,1,5,1,21,21,227,22,30.28978586,-97.74131488,,,,NA,W DEAN KEETON ST,391,NA,NA,NA,NA,NA,,,,GUADALUPE ST,NA,NA,NA,NA,Y,N,N,2,9,Y,FRI,NA,NA,NA,NA,NA,NA,NA,NA,NA,NA,NA,NA,NA,NA,NA,NA,NA,NA,NA,NA,NA,NA,NA,NA,NA,NA,NA,NA,NA,NA,NA,NA,NA,NA,NA,NA,NA,NA,NA,NA,NA,NA,NA,NA,NA,NA,NA,NA,NA,,,NA,NA,NA,NA,0,1,0,0,1,1,0,90,129814582,1298145821
12984323,AUS_12984323,30.27712091,-97.73677477,2,1,3,16,5,31,1,1,4,11,1,4,N,4,NA,NA,4,97,97,,,0,0,0,1,0,0,0,N,N,N,N,N,N,N,10/20/2012,7:21 PM,227,22,N,N,30.27698,-97.73679,19,,,1,1500,,SAN JACINTO,BLVD,N,N,35,N,N,"3 LANES, ONE WAY ST HEADED SOUTH",N,19,,,NA,,E,16TH,ST,NA,,,,1 LANE HEADED WEST,,11,4,0,NA,1,1,11,7:26 PM,AT SCENE,7:26 PM,10/25/2012,Y,10000,NA,48,115,8,5,4,4,64,54,1,5,1,21,21,227,22,30.27712091,-97.73677477,,,,NA,SAN JACINTO BLVD,1595,NA,NA,NA,NA,NA,,,,N/A,NA,NA,NA,NA,N,N,N,5,9,Y,SAT,NA,NA,NA,NA,NA,NA,NA,NA,NA,NA,NA,NA,NA,NA,NA,NA,NA,NA,NA,NA,NA,NA,NA,NA,NA,NA,NA,NA,NA,NA,NA,NA,NA,NA,NA,NA,NA,NA,NA,NA,NA,NA,NA,NA,NA,NA,NA,NA,NA,,,NA,NA,NA,NA,0,0,0,5,0,0,0,90,129843232,1298432321
12990027,AUS_12990027,30.26339788,-97.74450517,2,1,3,16,1,29,1,2,4,11,1,2,N,4,NA,NA,4,97,97,,,1,0,0,0,0,1,0,N,N,N,N,N,Y,N,9/29/2012,1:05 PM,227,22,N,N,NA,NA,19,,,1,,,CONGRESS,AVE,N,N,30,N,N,,Y,19,,,NA,,E,CESAR CHAVEZ,ST,NA,,,,,,12,1,0,3,1,1,5,1:05 PM,DISPATCHED,1:06 PM,11/8/2012,Y,74,NA,115,144,8,5,2,2,64,54,1,2,1,21,21,227,22,30.26339788,-97.74450517,SL,343,,4.54,SL0343,100,113,12,5.782,568,0.222,,,,CONGRESS AVE,NA,NA,NA,NA,Y,Y,N,1,9,Y,SAT,1,0,10,10,0,9,4,80,68,48,6,0,0,2,10,5,2,10,5,0,0,4,14,26000,2012,26000,1,0.3,1.3,NA,NA,NA,NA,NA,NA,NA,NA,NA,NA,NA,NA,NA,NA,NA,NA,NA,NA,NA,NA,,,NA,NA,NA,NA,1,0,0,1,0,1,0,90,129900272,1299002721
12990047,AUS_12990047,30.29381938,-97.73531607,2,1,3,16,2,39,1,1,4,11,1,4,N,4,NA,NA,4,97,97,,,0,1,0,0,0,1,0,N,N,N,N,N,N,N,10/5/2012,6:03 PM,227,22,N,Y,NA,NA,19,,,1,3000,,SPEEDWAY,,N,N,30,N,N,,N,19,,,NA,300,E,31ST,ST,NA,,,,,,12,1,98,NA,1,1,16,6:03 PM,DISPATCHED RECEIVED,6:04 PM,10/5/2012,Y,74,NA,NA,187,8,5,3,3,64,14,1,5,1,32,21,227,22,30.29381938,-97.73531607,,,,NA,SPEEDWAY,3088,NA,NA,NA,NA,NA,,,,N/A,NA,NA,NA,NA,Y,N,N,2,9,Y,FRI,NA,NA,NA,NA,NA,NA,NA,NA,NA,NA,NA,NA,NA,NA,NA,NA,NA,NA,NA,NA,NA,NA,NA,NA,NA,NA,NA,NA,NA,NA,NA,NA,NA,NA,NA,NA,NA,NA,NA,NA,NA,NA,NA,NA,NA,NA,NA,NA,NA,,,NA,NA,NA,NA,0,1,0,1,0,1,0,90,129900472,1299004721
12990054,AUS_12990054,30.33671871,-97.71955817,2,1,3,16,2,50,1,1,4,11,1,5,N,4,NA,NA,4,97,97,,,0,1,0,0,0,1,0,N,N,N,N,N,N,N,10/4/2012,6:06 AM,227,22,N,N,NA,NA,19,,,1,,,JUSTIN,LN,N,N,0,N,N,,Y,19,,,NA,,N,LAMAR,BLVD,NA,,,,,,12,4,0,NA,1,1,5,6:58 AM,DISPATCHER,7:02 AM,10/4/2012,Y,74,NA,NA,289,8,5,1,2,64,54,1,5,1,21,21,227,22,30.33671871,-97.71955817,,,,NA,JUSTIN LN,802,NA,NA,NA,NA,NA,,,,UNKNOWN,NA,NA,NA,NA,Y,N,N,2,9,Y,THU,NA,NA,NA,NA,NA,NA,NA,NA,NA,NA,NA,NA,NA,NA,NA,NA,NA,NA,NA,NA,NA,NA,NA,NA,NA,NA,NA,NA,NA,NA,NA,NA,NA,NA,NA,NA,NA,NA,NA,NA,NA,NA,NA,NA,NA,NA,NA,NA,NA,,,NA,NA,NA,NA,0,1,0,1,0,1,0,90,129900542,1299005421
12991290,AUS_12991290,30.27243,-97.70486,2,1,3,16,2,31,2,1,4,11,1,5,N,4,NA,NA,4,97,97,,,0,1,0,0,0,1,0,N,N,N,N,N,N,N,11/6/2012,6:40 PM,227,22,N,Y,NA,NA,19,,,1,,,WEBBERVILLE,RD,N,N,0,N,N,,Y,19,,,NA,,,OAK SPRINGS,DR,NA,,,,,,11,4,4,NA,1,1,8,6:40 PM,DISPATCHED,6:43 PM,11/6/2012,Y,74,NA,34,48,8,5,1,3,64,54,1,5,1,21,21,227,22,30.27243,-97.70486,,,,NA,WEBBERVILLE RD,3699,NA,NA,NA,NA,NA,,,,OAK SPRINGS DR,NA,NA,NA,NA,Y,N,N,2,9,Y,TUE,NA,NA,NA,NA,NA,NA,NA,NA,NA,NA,NA,NA,NA,NA,NA,NA,NA,NA,NA,NA,NA,NA,NA,NA,NA,NA,NA,NA,NA,NA,NA,NA,NA,NA,NA,NA,NA,NA,NA,NA,NA,NA,NA,NA,NA,NA,NA,NA,NA,,,NA,NA,NA,NA,0,1,1,0,0,2,0,90,129912902,1299129021
12991406,AUS_12991406,30.22725054,-97.7797561,2,1,3,16,3,16,2,1,4,11,1,5,N,4,NA,NA,4,97,97,,,0,0,1,0,0,1,0,N,N,N,N,N,N,N,11/9/2012,8:12 AM,227,22,N,N,NA,NA,19,,,1,3614,,BANISTER,LN,N,N,35,N,N,,N,19,,,NA,,W,BEN WHITE SVRD WB,,NA,,,,,,11,1,0,NA,5,1,16,8:12 AM,DISPATCHED,8:14 AM,11/9/2012,Y,74,NA,NA,153,8,5,3,3,64,14,1,5,1,32,21,227,22,30.22725054,-97.7797561,,,,NA,BANISTER LN,4238,NA,NA,NA,NA,NA,,,,N/A,NA,NA,NA,NA,Y,N,N,3,9,Y,FRI,NA,NA,NA,NA,NA,NA,NA,NA,NA,NA,NA,NA,NA,NA,NA,NA,NA,NA,NA,NA,NA,NA,NA,NA,NA,NA,NA,NA,NA,NA,NA,NA,NA,NA,NA,NA,NA,NA,NA,NA,NA,NA,NA,NA,NA,NA,NA,NA,NA,,,NA,NA,NA,NA,0,0,1,1,0,1,0,90,129914062,1299140621