CrashID,CrashID1,Latitude,Longitude,Unit_Nbr,Prsn_Nbr,Prsn_Type_ID,Prsn_Occpnt_Pos_ID,Prsn_Injry_Sev_ID,Prsn_Age,Prsn_Ethnicity_ID,Prsn_Gndr_ID,Prsn_Ejct_ID,Prsn_Rest_ID,Prsn_Airbag_ID,Prsn_Helmet_ID,Prsn_Sol_Fl,Prsn_Alc_Spec_Type_ID,Prsn_Alc_Rslt_ID,Prsn_Bac_Test_Rslt,Prsn_Drg_Spec_Type_ID,Prsn_Drg_Rslt_ID,Drvr_Drg_Cat_1_ID,Prsn_Death_Date,Prsn_Death_Time,Incap_Injry_Cnt.x,Nonincap_Injry_Cnt.x,Poss_Injry_Cnt.x,Non_Injry_Cnt.x,Unkn_Injry_Cnt.x,Tot_Injry_Cnt.x,Death_Cnt.x,Crash_Fatal_Fl,Cmv_Involv_Fl,Schl_Bus_Fl,Rr_Relat_Fl,Medical_Advisory_Fl,Amend_Supp_Fl,Active_School_Zone_Fl,Crash_Date,Crash_Time,Rpt_CRIS_Cnty_ID,Rpt_City_ID,Rpt_Outside_City_Limit_Fl,Thousand_Damage_Fl,Rpt_Latitude,Rpt_Longitude,Rpt_Rdwy_Sys_ID,Rpt_Hwy_Num,Rpt_Hwy_Sfx,Rpt_Road_Part_ID,Rpt_Block_Num,Rpt_Street_Pfx,Rpt_Street_Name,Rpt_Street_Sfx,Private_Dr_Fl,Toll_Road_Fl,Crash_Speed_Limit,Road_Constr_Zone_Fl,Road_Constr_Zone_Wrkr_Fl,Rpt_Street_Desc,At_Intrsct_Fl,Rpt_Sec_Rdwy_Sys_ID,Rpt_Sec_Hwy_Num,Rpt_Sec_Hwy_Sfx,Rpt_Sec_Road_Part_ID,Rpt_Sec_Block_Num,Rpt_Sec_Street_Pfx,Rpt_Sec_Street_Name,Rpt_Sec_Street_Sfx,Rpt_Ref_Mark_Offset_Amt,Rpt_Ref_Mark_Dist_Uom,Rpt_Ref_Mark_Dir,Rpt_Ref_Mark_Nbr,Rpt_Sec_Street_Desc,Rpt_CrossingNumber,Wthr_Cond_ID,Light_Cond_ID,Entr_Road_ID,Road_Type_ID,Road_Algn_ID,Surf_Cond_ID,Traffic_Cntl_ID,Investigat_Notify_Time,Investigat_Notify_Meth,Investigat_Arrv_Time,Report_Date,Investigat_Comp_Fl,Investigat_Agency_ID,Investigat_Area_ID,Investigat_District_ID,Investigat_Region_ID,Bridge_Detail_ID,Harm_Evnt_ID,Intrsct_Relat_ID,FHE_Collsn_ID,Obj_Struck_ID,Othr_Factr_ID,Road_Part_Adj_ID,Road_Cls_ID,Road_Relat_ID,Phys_Featr_1_ID,Phys_Featr_2_ID,Cnty_ID,City_ID,Latitude,Longitude,Hwy_Sys,Hwy_Nbr,Hwy_Sfx,Dfo,Street_Name,Street_Nbr,Control,Section,Milepoint,Ref_Mark_Nbr,Ref_Mark_Displ,Hwy_Sys_2,Hwy_Nbr_2,Hwy_Sfx_2,Street_Name_2,Street_Nbr_2,Control_2,Section_2,Milepoint_2,Txdot_Rptable_Fl,Onsys_Fl,Rural_Fl,Crash_Sev_ID,Pop_Group_ID,Located_Fl,Day_of_Week,Hwy_Dsgn_Lane_ID,Hwy_Dsgn_Hrt_ID,Hp_Shldr_Left,Hp_Shldr_Right,Hp_Median_Width,Base_Type_ID,Nbr_Of_Lane,Row_Width_Usual,Roadbed_Width,Surf_Width,Surf_Type_ID,Curb_Type_Left_ID,Curb_Type_Right_ID,Shldr_Type_Left_ID,Shldr_Width_Left,Shldr_Use_Left_ID,Shldr_Type_Right_ID,Shldr_Width_Right,Shldr_Use_Right_ID,Median_Type_ID,Median_Width,Rural_Urban_Type_ID,Func_Sys_ID,Adt_Curnt_Amt,Adt_Curnt_Year,Adt_Adj_Curnt_Amt,Pct_Single_Trk_Adt,Pct_Combo_Trk_Adt,Trk_Aadt_Pct,Curve_Type_ID,Curve_Lngth,Cd_Degr,Delta_Left_Right_ID,Dd_Degr,Feature_Crossed,Structure_Number,I_R_Min_Vert_Clear,Approach_Width,Bridge_Median_ID,Bridge_Loading_Type_ID,Bridge_Loading_In_1000_Lbs,Bridge_Srvc_Type_On_ID,Bridge_Srvc_Type_Under_ID,Culvert_Type_ID,Roadway_Width,Deck_Width,Bridge_Dir_Of_Traffic_ID,Bridge_Rte_Struct_Func_ID,Bridge_IR_Struct_Func_ID,CrossingNumber,RRCo,Poscrossing_ID,WDCode_ID,Standstop,Yield,Incap_Injry_Cnt.y,Nonincap_Injry_Cnt.y,Poss_Injry_Cnt.y,Non_Injry_Cnt.y,Unkn_Injry_Cnt.y,Tot_Injry_Cnt.y,Death_Cnt.y,MPO_ID,Unit_ID,Unit_Prsn_ID
12994701,AUS_12994701,30.29899968,-97.73035353,1,1,3,16,2,18,1,2,4,11,1,4,N,4,NA,NA,4,97,97,,,0,1,0,0,0,1,0,N,N,N,N,N,N,N,11/5/2012,1:35 PM,227,22,N,Y,NA,NA,19,,,1,400,E,38TH,ST,N,N,35,N,N,,N,19,,,NA,3800,,DUVAL,ST,NA,,,,,,11,1,0,NA,1,1,11,1:35 PM,DISPATCH,1:38 PM,11/5/2012,Y,74,216,10,14,8,5,4,1,64,3,1,5,1,21,21,227,22,30.29899968,-97.73035353,,,,NA,E 38TH ST,442,NA,NA,NA,NA,NA,,,,N/A,NA,NA,NA,NA,Y,N,N,2,9,Y,MON,NA,NA,NA,NA,NA,NA,NA,NA,NA,NA,NA,NA,NA,NA,NA,NA,NA,NA,NA,NA,NA,NA,NA,NA,NA,NA,NA,NA,NA,NA,NA,NA,NA,NA,NA,NA,NA,NA,NA,NA,NA,NA,NA,NA,NA,NA,NA,NA,NA,,,NA,NA,NA,NA,0,1,0,1,0,1,0,90,129947011,1299470111
12994767,AUS_12994767,30.31000911,-97.70890965,2,1,3,16,2,21,1,1,4,11,1,2,N,4,NA,NA,4,97,97,,,0,1,0,0,0,1,0,N,N,N,N,N,N,N,11/2/2012,6:58 PM,227,22,N,N,NA,NA,19,,,1,5200,,CAMERON,RD,N,N,35,N,N,,N,19,,,NA,,E,52ND,ST,NA,,,,,,11,4,0,NA,1,1,1,6:58 PM,CALL FOR SERVICE,7:00 PM,11/2/2012,Y,74,NA,75,95,8,5,1,3,64,54,1,5,1,21,21,227,22,30.31000911,-97.70890965,,,,NA,CAMERON RD,5197,NA,NA,NA,NA,NA,,,,E 52ND ST,NA,NA,NA,NA,Y,N,N,2,9,Y,FRI,NA,NA,NA,NA,NA,NA,NA,NA,NA,NA,NA,NA,NA,NA,NA,NA,NA,NA,NA,NA,NA,NA,NA,NA,NA,NA,NA,NA,NA,NA,NA,NA,NA,NA,NA,NA,NA,NA,NA,NA,NA,NA,NA,NA,NA,NA,NA,NA,NA,,,NA,NA,NA,NA,0,1,0,1,0,1,0,90,129947672,1299476721
12996532,AUS_12996532,30.23551,-97.75637,2,1,3,16,2,23,2,1,4,11,1,4,N,4,NA,NA,4,97,97,,,0,1,0,0,0,1,0,N,N,N,N,N,N,N,10/2/2012,5:56 PM,227,22,N,Y,NA,NA,19,,,1,,S,CONGRESS,AVE,N,N,0,N,N,,Y,19,,,NA,,,CUMBERLAND,ST,NA,,,,,,11,1,2,NA,1,1,5,5:58 PM,DISPATCHED,6:05 PM,10/2/2012,Y,74,17,105,112,8,5,1,3,64,54,1,5,1,21,21,227,22,30.23551,-97.75637,,,,NA,S CONGRESS AVE,2701,NA,NA,NA,NA,NA,,,,CUMBERLAND RD,NA,NA,NA,NA,Y,N,N,2,9,Y,TUE,NA,NA,NA,NA,NA,NA,NA,NA,NA,NA,NA,NA,NA,NA,NA,NA,NA,NA,NA,NA,NA,NA,NA,NA,NA,NA,NA,NA,NA,NA,NA,NA,NA,NA,NA,NA,NA,NA,NA,NA,NA,NA,NA,NA,NA,NA,NA,NA,NA,,,NA,NA,NA,NA,0,1,0,1,0,1,0,90,129965322,1299653221
13002171,AUS_13002171,30.40498,-97.71609,2,1,3,16,2,62,1,1,4,11,1,5,N,4,NA,NA,4,97,97,,,0,1,0,0,0,1,0,N,N,N,N,N,N,N,11/7/2012,2:17 PM,227,22,N,N,NA,NA,19,,,1,11900,,BURNET,RD,N,N,45,N,N,,Y,19,,,NA,,,DUVAL,RD,NA,,,,,,11,1,3,NA,5,1,20,2:17 PM,DISPATCH,3:02 PM,11/7/2012,Y,74,12,46,64,8,5,1,1,64,54,1,2,1,21,21,227,22,30.40498,-97.71609,,,,NA,BURNET RD,11899,NA,NA,NA,NA,NA,,,,DUVAL RD,NA,NA,NA,NA,Y,N,N,2,9,Y,WED,NA,NA,NA,NA,NA,NA,NA,NA,NA,NA,NA,NA,NA,NA,NA,NA,NA,NA,NA,NA,NA,NA,NA,NA,NA,NA,NA,NA,NA,NA,NA,NA,NA,NA,NA,NA,NA,NA,NA,NA,NA,NA,NA,NA,NA,NA,NA,NA,NA,,,NA,NA,NA,NA,0,1,0,1,0,1,0,90,130021712,1300217121
13002350,AUS_13002350,30.27453918,-97.73513609,1,1,3,16,2,22,1,2,4,11,1,4,N,4,NA,NA,4,97,97,,,0,1,0,0,0,1,0,N,N,N,N,N,N,N,11/16/2012,11:37 PM,227,22,N,N,NA,NA,19,,,1,1300,,RED RIVER,ST,N,N,35,N,N,,N,19,,,NA,,E,15TH,ST,NA,,,,,,11,4,0,NA,4,1,20,11:37 PM,DISPATCHED,11:40 PM,11/16/2012,Y,74,11,10,14,8,5,4,1,64,54,1,5,1,21,21,227,22,30.27453918,-97.73513609,,,,NA,RED RIVER ST,1383,NA,NA,NA,NA,NA,,,,N/A,NA,NA,NA,NA,Y,N,N,2,9,Y,FRI,NA,NA,NA,NA,NA,NA,NA,NA,NA,NA,NA,NA,NA,NA,NA,NA,NA,NA,NA,NA,NA,NA,NA,NA,NA,NA,NA,NA,NA,NA,NA,NA,NA,NA,NA,NA,NA,NA,NA,NA,NA,NA,NA,NA,NA,NA,NA,NA,NA,,,NA,NA,NA,NA,0,1,0,1,0,1,0,90,130023501,1300235011
13002395,AUS_13002395,30.25559001,-97.71158,2,1,3,16,2,55,2,1,4,11,1,4,Y,4,NA,NA,4,97,97,,,0,1,0,0,0,1,0,N,N,N,N,N,N,N,11/8/2012,6:43 PM,227,22,N,N,NA,NA,19,,,1,400,N,PLEASANT VALLEY,RD,N,N,35,N,N,,N,19,,,NA,400,N,PLEASANT VALLEY,RD,NA,,,,,,11,4,0,NA,1,1,20,6:43 PM,CELL,6:45 PM,11/8/2012,Y,74,NA,34,48,8,5,4,1,64,54,1,5,1,21,21,227,22,30.25559001,-97.71158,,,,NA,N PLEASANT VALLEY RD,400,NA,NA,NA,NA,NA,,,,N/A,NA,NA,NA,NA,Y,N,N,2,9,Y,THU,NA,NA,NA,NA,NA,NA,NA,NA,NA,NA,NA,NA,NA,NA,NA,NA,NA,NA,NA,NA,NA,NA,NA,NA,NA,NA,NA,NA,NA,NA,NA,NA,NA,NA,NA,NA,NA,NA,NA,NA,NA,NA,NA,NA,NA,NA,NA,NA,NA,,,NA,NA,NA,NA,0,1,0,0,1,1,0,90,130023952,1300239521
13009649,AUS_13009649,30.23541,-97.72735,1,1,3,16,2,21,1,1,4,11,1,4,N,4,NA,NA,4,97,97,,,0,1,0,0,0,1,0,N,N,N,N,N,N,N,11/25/2012,12:04 PM,227,22,N,N,NA,NA,19,,,1,1800,,WILLOW CREEK,DR,N,N,30,N,N,,Y,19,,,NA,,,WOODLAND,AVE,NA,,,,,,11,1,2,NA,1,1,8,12:04 PM,FLAGGED DOWN,12:04 PM,11/25/2012,Y,74,NA,53,274,8,5,1,1,64,54,1,5,1,21,21,227,22,30.23541,-97.72735,,,,NA,WILLOW CREEK DR,1799,NA,NA,NA,NA,NA,,,,WOODLAND AVE,NA,NA,NA,NA,Y,N,N,2,9,Y,SUN,NA,NA,NA,NA,NA,NA,NA,NA,NA,NA,NA,NA,NA,NA,NA,NA,NA,NA,NA,NA,NA,NA,NA,NA,NA,NA,NA,NA,NA,NA,NA,NA,NA,NA,NA,NA,NA,NA,NA,NA,NA,NA,NA,NA,NA,NA,NA,NA,NA,,,NA,NA,NA,NA,0,1,0,1,0,1,0,90,130096491,1300964911
13009670,AUS_13009670,30.28927717,-97.73429482,2,1,3,16,3,NA,1,2,4,11,1,4,N,4,NA,NA,4,97,97,,,0,0,1,0,0,1,0,N,N,N,N,N,N,N,11/12/2012,11:47 AM,227,22,N,Y,NA,NA,19,,,1,600,E,DEAN KEETON,ST,N,N,0,N,N,,N,19,,,NA,2601,,SAN JACINTO,BLVD,NA,,,,,,11,1,0,NA,1,1,1,11:06 AM,DISPATCHED,11:20 AM,11/12/2012,Y,74,NA,53,21,8,5,4,4,64,54,1,5,1,12,21,227,22,30.28927717,-97.73429482,,,,NA,W DEAN KEETON ST,NA,NA,NA,NA,NA,NA,,,,N/A,NA,NA,NA,NA,Y,N,N,3,9,Y,MON,NA,NA,NA,NA,NA,NA,NA,NA,NA,NA,NA,NA,NA,NA,NA,NA,NA,NA,NA,NA,NA,NA,NA,NA,NA,NA,NA,NA,NA,NA,NA,NA,NA,NA,NA,NA,NA,NA,NA,NA,NA,NA,NA,NA,NA,NA,NA,NA,NA,,,NA,NA,NA,NA,0,0,1,1,0,1,0,90,130096702,1300967021
13009704,AUS_13009704,30.38926763,-97.71153059,2,1,3,16,2,45,1,2,4,11,1,2,N,4,NA,NA,4,97,97,,,0,1,0,0,0,1,0,N,N,N,N,N,N,N,11/20/2012,7:59 AM,227,22,N,N,NA,NA,19,,,1,2100,,KRAMER,LN,N,N,40,N,N,,N,19,,,NA,,,METRIC,BLVD,NA,,,,,,11,1,0,NA,1,1,17,8:00 AM,DISPATCH,8:05 AM,11/20/2012,Y,74,NA,NA,268,8,5,4,1,64,3,5,1,1,21,21,227,22,30.38926763,-97.71153059,,,,NA,KRAMER LN,2092,NA,NA,NA,NA,NA,,,,N/A,NA,NA,NA,NA,Y,N,N,2,9,Y,TUE,NA,NA,NA,NA,NA,NA,NA,NA,NA,NA,NA,NA,NA,NA,NA,NA,NA,NA,NA,NA,NA,NA,NA,NA,NA,NA,NA,NA,NA,NA,NA,NA,NA,NA,NA,NA,NA,NA,NA,NA,NA,NA,NA,NA,NA,NA,NA,NA,NA,,,NA,NA,NA,NA,0,1,0,1,0,1,0,90,130097042,1300970421
13009775,AUS_13009775,30.27786,-97.74303,2,1,3,16,2,41,3,1,4,11,1,4,N,4,NA,NA,4,97,97,,,0,1,0,0,0,1,0,N,N,N,N,N,N,N,11/20/2012,11:01 AM,227,22,N,N,NA,NA,19,,,1,,,GUADALUPE,ST,N,N,30,N,N,,Y,19,,,NA,,W,15TH,ST,NA,,,,,,11,1,98,NA,1,1,5,11:01 AM,DISPATCH,11:02 AM,11/20/2012,Y,74,NA,NA,187,8,5,2,3,64,54,1,5,1,21,21,227,22,30.27786,-97.74303,,,,NA,GUADALUPE ST,1499,NA,NA,NA,NA,NA,,,,W 15TH ST,NA,NA,NA,NA,Y,N,N,2,9,Y,TUE,NA,NA,NA,NA,NA,NA,NA,NA,NA,NA,NA,NA,NA,NA,NA,NA,NA,NA,NA,NA,NA,NA,NA,NA,NA,NA,NA,NA,NA,NA,NA,NA,NA,NA,NA,NA,NA,NA,NA,NA,NA,NA,NA,NA,NA,NA,NA,NA,NA,,,NA,NA,NA,NA,0,1,0,1,0,1,0,90,130097752,1300977521
13020815,AUS_13020815,30.37305117,-97.74999785,2,1,3,16,2,29,1,2,4,11,1,2,N,4,NA,NA,4,97,97,,,0,1,0,0,0,1,0,N,N,N,N,N,N,N,11/27/2012,6:52 PM,227,22,N,Y,NA,NA,19,,,1,3800,,STECK,AVE,N,N,30,N,N,,N,19,,,NA,8100,,GREENSLOPE,DR,NA,,,,,,11,6,0,NA,1,1,20,6:53 PM,DISPATCHED,7:00 PM,11/27/2012,Y,74,NA,46,64,8,5,3,1,64,14,1,5,1,32,21,227,22,30.37305117,-97.74999785,,,,NA,STECK AVE,3842,NA,NA,NA,NA,NA,,,,N/A,NA,NA,NA,NA,Y,N,N,2,9,Y,TUE,NA,NA,NA,NA,NA,NA,NA,NA,NA,NA,NA,NA,NA,NA,NA,NA,NA,NA,NA,NA,NA,NA,NA,NA,NA,NA,NA,NA,NA,NA,NA,NA,NA,NA,NA,NA,NA,NA,NA,NA,NA,NA,NA,NA,NA,NA,NA,NA,NA,,,NA,NA,NA,NA,0,1,0,2,0,1,0,90,130208152,1302081521
13020832,AUS_13020832,30.22142,-97.76487,2,1,3,16,3,52,1,1,4,11,1,4,N,4,NA,NA,4,97,97,,,0,0,1,0,0,1,0,N,N,N,N,N,N,N,11/28/2012,5:38 PM,227,22,N,N,NA,NA,19,,,1,,S,CONGRESS,AVE,N,N,35,N,N,,Y,19,,,NA,,,RADAM,LN,NA,,,,,,11,5,2,NA,1,1,5,5:38 PM,DISPATCHED,5:39 PM,11/28/2012,Y,74,68,93,112,8,5,1,1,64,3,1,5,1,21,21,227,22,30.22142,-97.76487,,,,NA,S CONGRESS AVE,4151,NA,NA,NA,NA,NA,,,,RADAM LN,NA,NA,NA,NA,Y,N,N,3,9,Y,WED,NA,NA,NA,NA,NA,NA,NA,NA,NA,NA,NA,NA,NA,NA,NA,NA,NA,NA,NA,NA,NA,NA,NA,NA,NA,NA,NA,NA,NA,NA,NA,NA,NA,NA,NA,NA,NA,NA,NA,NA,NA,NA,NA,NA,NA,NA,NA,NA,NA,,,NA,NA,NA,NA,0,0,1,1,0,1,0,90,130208322,1302083221
13020983,AUS_13020983,30.26468937,-97.74911736,2,1,3,16,2,59,3,1,4,11,1,4,N,4,NA,NA,4,97,97,,,0,1,0,0,0,1,0,N,N,N,N,N,N,N,11/27/2012,2:57 PM,227,22,N,N,NA,NA,19,,,1,,W,CESAR CHAVEZ,ST,N,N,35,N,N,,Y,19,,,NA,,,SAN ANTONIO,ST,NA,,,,,,12,1,3,3,1,1,15,2:57 PM,ON SCENE,2:57 PM,11/27/2012,Y,74,1,115,144,8,5,1,2,64,54,1,2,1,21,21,227,22,30.26468937,-97.74911736,SL,343,,4.251,SL0343,500,113,12,5.482,568,-0.067,,,,SAN ANTONIO ST,NA,NA,NA,NA,Y,Y,N,2,9,Y,TUE,2,0,0,7,0,2,4,74,51,44,4,0,0,1,0,0,2,7,5,0,0,4,14,35000,2012,35000,0.8,0.3,1.1,NA,NA,NA,NA,NA,NA,NA,NA,NA,NA,NA,NA,NA,NA,NA,NA,NA,NA,NA,NA,,,NA,NA,NA,NA,0,1,0,1,0,1,0,90,130209832,1302098321
13022091,AUS_13022091,30.3164,-97.71851,2,1,3,16,2,25,1,1,4,11,1,1,N,4,NA,NA,4,97,97,,,0,1,0,0,0,1,0,N,N,N,N,N,N,N,10/25/2012,5:39 PM,227,22,N,Y,NA,NA,19,,,1,5300,,DUVAL,ST,N,N,30,N,N,,Y,19,,,NA,500,E,53RD,ST,NA,,,,,,11,1,4,NA,1,1,8,5:39 PM,DISPATCHED,5:42 PM,10/25/2012,Y,74,NA,NA,NA,8,5,1,1,64,54,1,5,1,21,21,227,22,30.3164,-97.71851,,,,NA,DUVAL ST,5299,NA,NA,NA,NA,NA,,,,E 53RD ST,NA,NA,NA,NA,Y,N,N,2,9,Y,THU,NA,NA,NA,NA,NA,NA,NA,NA,NA,NA,NA,NA,NA,NA,NA,NA,NA,NA,NA,NA,NA,NA,NA,NA,NA,NA,NA,NA,NA,NA,NA,NA,NA,NA,NA,NA,NA,NA,NA,NA,NA,NA,NA,NA,NA,NA,NA,NA,NA,,,NA,NA,NA,NA,0,1,0,0,1,1,0,90,130220912,1302209121
13026869,AUS_13026869,30.22071356,-97.74882327,2,1,3,16,3,32,3,1,4,11,1,4,N,4,NA,NA,4,97,97,,,0,0,1,0,0,1,0,N,N,N,N,N,N,N,11/6/2012,9:30 AM,227,22,N,N,NA,NA,1,35,,1,3600,S,EF,,N,N,60,N,N,,N,19,,,NA,,,WOODWARD,ST,NA,,,,,,11,1,0,2,1,1,1,10:06 AM,DISPATCH,10:10 AM,11/6/2012,Y,74,NA,NA,265,8,5,3,2,64,13,1,1,1,32,21,227,22,30.22071356,-97.74882327,IH,35,,230.529,IH0035,NA,15,13,14.397,231,0.348,,,,N/A,NA,NA,NA,NA,Y,Y,N,3,9,Y,TUE,5,0,12,12,66,2,6,300,120,72,5,0,0,2,24,5,2,24,5,2,42,4,11,156050,2012,156050,2.7,7.4,10.1,NA,NA,NA,NA,NA,NA,NA,NA,NA,NA,NA,NA,NA,NA,NA,NA,NA,NA,NA,NA,,,NA,NA,NA,NA,0,0,1,0,1,1,0,90,130268692,1302686921
13026883,AUS_13026883,30.26119,-97.7274,2,1,3,16,2,31,1,1,4,11,1,1,N,4,NA,NA,4,97,97,,,0,1,0,0,0,1,0,N,N,N,N,N,N,N,10/6/2012,2:26 AM,227,22,N,N,NA,NA,19,,,1,,E,4TH,ST,N,N,0,N,N,,Y,19,,,NA,,,COMAL,ST,NA,,,,,,11,6,4,NA,1,1,8,6:33 AM,"311/911 CALL, SELF-A",6:56 AM,10/6/2012,N,74,36,67,282,8,5,1,3,64,54,1,5,1,21,21,227,22,30.26119,-97.7274,,,,NA,E 4TH ST,1598,NA,NA,NA,NA,NA,,,,COMAL ST,NA,NA,NA,NA,Y,N,N,2,9,Y,SAT,NA,NA,NA,NA,NA,NA,NA,NA,NA,NA,NA,NA,NA,NA,NA,NA,NA,NA,NA,NA,NA,NA,NA,NA,NA,NA,NA,NA,NA,NA,NA,NA,NA,NA,NA,NA,NA,NA,NA,NA,NA,NA,NA,NA,NA,NA,NA,NA,NA,,,NA,NA,NA,NA,0,1,0,0,2,1,0,90,130268832,1302688321
13029315,AUS_13029315,30.28665,-97.74478,2,1,3,16,3,NA,1,2,4,11,2,4,N,4,NA,NA,4,97,97,,,0,0,1,0,0,1,0,N,N,N,N,N,N,N,8/22/2012,11:10 AM,227,22,N,Y,NA,NA,19,,,1,2300,,RIO GRANDE,ST,N,N,0,N,N,,Y,19,,,NA,700,W,23RD,ST,NA,,,,,,11,1,2,NA,1,1,17,11:10 AM,DISPATCHED,11:12 AM,8/22/2012,Y,74,NA,41,21,8,5,2,3,64,54,1,5,1,21,21,227,22,30.28665,-97.74478,,,,NA,RIO GRANDE ST,2301,NA,NA,NA,NA,NA,,,,W 23RD ST,NA,NA,NA,NA,Y,N,N,3,9,Y,WED,NA,NA,NA,NA,NA,NA,NA,NA,NA,NA,NA,NA,NA,NA,NA,NA,NA,NA,NA,NA,NA,NA,NA,NA,NA,NA,NA,NA,NA,NA,NA,NA,NA,NA,NA,NA,NA,NA,NA,NA,NA,NA,NA,NA,NA,NA,NA,NA,NA,,,NA,NA,NA,NA,0,0,1,1,0,1,0,90,130293152,1302931521
13029377,AUS_13029377,30.3565942,-97.68909433,2,1,3,16,3,27,3,1,4,11,1,4,N,4,NA,NA,4,97,97,,,0,0,1,0,0,1,0,N,N,N,N,N,N,N,10/21/2012,9:11 PM,227,22,N,N,NA,NA,1,35,,2,9200,N,SVRD,,N,N,0,N,N,,Y,19,,,NA,700,,MIDDLE,LN,NA,,,,,,11,6,0,2,1,1,8,9:11 PM,CAD,9:17 PM,10/21/2012,Y,74,12,114,143,8,5,1,1,64,54,2,1,1,21,21,227,22,30.3565942,-97.68909433,IH,35,,240.731,IH0035,NA,15,13,24.636,242,-0.403,,,,MIDDLE LN,NA,NA,NA,NA,Y,Y,N,3,9,Y,SUN,5,0,10,10,23,2,6,300,112,72,4,0,0,2,20,5,2,20,5,2,3,4,11,120470,2012,120470,3.2,8.5,11.7,NA,NA,NA,NA,NA,NA,NA,NA,NA,NA,NA,NA,NA,NA,NA,NA,NA,NA,NA,NA,,,NA,NA,NA,NA,0,0,1,0,1,1,0,90,130293772,1302937721
13029759,AUS_13029759,30.28035806,-97.73707332,2,1,3,16,3,27,2,1,4,11,1,4,N,4,NA,NA,4,97,97,,,0,0,1,0,0,1,0,N,N,N,N,N,N,N,10/6/2012,9:59 PM,227,22,N,N,NA,NA,19,,,1,100,E,MLK JR,BLVD,N,N,35,N,N,,N,19,,,NA,,,BRAZOS,ST,NA,,,,,,11,4,0,NA,2,1,16,9:59 PM,FLAG DOWN,9:59 PM,10/6/2012,Y,74,NA,NA,NA,8,5,4,1,64,54,1,5,1,21,21,227,22,30.28035806,-97.73707332,,,,NA,E MARTIN LUTHER KING JR BLVD,171,NA,NA,NA,NA,NA,,,,N/A,NA,NA,NA,NA,Y,N,N,3,9,Y,SAT,NA,NA,NA,NA,NA,NA,NA,NA,NA,NA,NA,NA,NA,NA,NA,NA,NA,NA,NA,NA,NA,NA,NA,NA,NA,NA,NA,NA,NA,NA,NA,NA,NA,NA,NA,NA,NA,NA,NA,NA,NA,NA,NA,NA,NA,NA,NA,NA,NA,,,NA,NA,NA,NA,0,0,1,2,0,1,0,90,130297592,1302975921
13031494,AUS_13031494,30.24693941,-97.77716524,1,1,3,16,1,27,1,2,4,11,1,2,N,4,NA,NA,4,97,97,,,1,0,0,0,0,1,0,N,N,N,N,N,N,N,12/2/2012,7:15 PM,227,22,N,N,NA,NA,19,,,1,2400,S,LAMAR,BLVD,N,N,40,N,N,,Y,19,,,NA,2400,,BLUEBONNET,LN,NA,,,,,,11,4,0,3,3,1,5,7:15 PM,CAD,7:22 PM,12/10/2012,Y,74,NA,NA,72,8,5,1,1,64,54,1,2,1,21,21,227,22,30.24693941,-97.77716524,SL,343,,1.805,SL0343,2421,113,9,6.74,566,-0.685,,,,BLUEBONNET LN,NA,NA,NA,NA,Y,Y,N,1,9,Y,SUN,2,0,0,0,0,2,4,80,60,48,4,1,1,1,0,0,1,0,0,0,0,4,14,39340,2012,39340,0.8,0.3,1.1,1,199,3,2,31,NA,NA,NA,NA,NA,NA,NA,NA,NA,NA,NA,NA,NA,NA,NA,,,NA,NA,NA,NA,1,0,0,1,0,1,0,90,130314941,1303149411
13031533,AUS_13031533,30.21746,-97.8742,1,1,3,16,2,48,1,1,4,11,1,2,N,4,NA,NA,4,97,97,,,0,1,0,0,0,1,0,N,N,N,N,N,N,N,11/13/2012,5:59 PM,227,22,N,N,NA,NA,19,,,1,,,ESCARPMENT,BLVD,N,N,0,N,N,,Y,19,,,NA,,,OASIS,DR,NA,,,,,,12,4,4,NA,1,1,8,5:59 PM,DISPATCHED,6:05 PM,11/13/2012,Y,74,NA,NA,195,8,5,1,1,64,54,1,5,1,21,21,227,22,30.21746,-97.8742,,,,NA,ESCARPMENT BLVD,NA,NA,NA,NA,NA,NA,,,,OASIS DR,NA,NA,NA,NA,Y,N,N,2,9,Y,TUE,NA,NA,NA,NA,NA,NA,NA,NA,NA,NA,NA,NA,NA,NA,NA,NA,NA,NA,NA,NA,NA,NA,NA,NA,NA,NA,NA,NA,NA,NA,NA,NA,NA,NA,NA,NA,NA,NA,NA,NA,NA,NA,NA,NA,NA,NA,NA,NA,NA,,,NA,NA,NA,NA,0,1,0,1,0,1,0,90,130315331,1303153311