CrashID,CrashID1,Latitude,Longitude,Unit_Nbr,Prsn_Nbr,Prsn_Type_ID,Prsn_Occpnt_Pos_ID,Prsn_Injry_Sev_ID,Prsn_Age,Prsn_Ethnicity_ID,Prsn_Gndr_ID,Prsn_Ejct_ID,Prsn_Rest_ID,Prsn_Airbag_ID,Prsn_Helmet_ID,Prsn_Sol_Fl,Prsn_Alc_Spec_Type_ID,Prsn_Alc_Rslt_ID,Prsn_Bac_Test_Rslt,Prsn_Drg_Spec_Type_ID,Prsn_Drg_Rslt_ID,Drvr_Drg_Cat_1_ID,Prsn_Death_Date,Prsn_Death_Time,Incap_Injry_Cnt.x,Nonincap_Injry_Cnt.x,Poss_Injry_Cnt.x,Non_Injry_Cnt.x,Unkn_Injry_Cnt.x,Tot_Injry_Cnt.x,Death_Cnt.x,Crash_Fatal_Fl,Cmv_Involv_Fl,Schl_Bus_Fl,Rr_Relat_Fl,Medical_Advisory_Fl,Amend_Supp_Fl,Active_School_Zone_Fl,Crash_Date,Crash_Time,Rpt_CRIS_Cnty_ID,Rpt_City_ID,Rpt_Outside_City_Limit_Fl,Thousand_Damage_Fl,Rpt_Latitude,Rpt_Longitude,Rpt_Rdwy_Sys_ID,Rpt_Hwy_Num,Rpt_Hwy_Sfx,Rpt_Road_Part_ID,Rpt_Block_Num,Rpt_Street_Pfx,Rpt_Street_Name,Rpt_Street_Sfx,Private_Dr_Fl,Toll_Road_Fl,Crash_Speed_Limit,Road_Constr_Zone_Fl,Road_Constr_Zone_Wrkr_Fl,Rpt_Street_Desc,At_Intrsct_Fl,Rpt_Sec_Rdwy_Sys_ID,Rpt_Sec_Hwy_Num,Rpt_Sec_Hwy_Sfx,Rpt_Sec_Road_Part_ID,Rpt_Sec_Block_Num,Rpt_Sec_Street_Pfx,Rpt_Sec_Street_Name,Rpt_Sec_Street_Sfx,Rpt_Ref_Mark_Offset_Amt,Rpt_Ref_Mark_Dist_Uom,Rpt_Ref_Mark_Dir,Rpt_Ref_Mark_Nbr,Rpt_Sec_Street_Desc,Rpt_CrossingNumber,Wthr_Cond_ID,Light_Cond_ID,Entr_Road_ID,Road_Type_ID,Road_Algn_ID,Surf_Cond_ID,Traffic_Cntl_ID,Investigat_Notify_Time,Investigat_Notify_Meth,Investigat_Arrv_Time,Report_Date,Investigat_Comp_Fl,Investigat_Agency_ID,Investigat_Area_ID,Investigat_District_ID,Investigat_Region_ID,Bridge_Detail_ID,Harm_Evnt_ID,Intrsct_Relat_ID,FHE_Collsn_ID,Obj_Struck_ID,Othr_Factr_ID,Road_Part_Adj_ID,Road_Cls_ID,Road_Relat_ID,Phys_Featr_1_ID,Phys_Featr_2_ID,Cnty_ID,City_ID,Latitude,Longitude,Hwy_Sys,Hwy_Nbr,Hwy_Sfx,Dfo,Street_Name,Street_Nbr,Control,Section,Milepoint,Ref_Mark_Nbr,Ref_Mark_Displ,Hwy_Sys_2,Hwy_Nbr_2,Hwy_Sfx_2,Street_Name_2,Street_Nbr_2,Control_2,Section_2,Milepoint_2,Txdot_Rptable_Fl,Onsys_Fl,Rural_Fl,Crash_Sev_ID,Pop_Group_ID,Located_Fl,Day_of_Week,Hwy_Dsgn_Lane_ID,Hwy_Dsgn_Hrt_ID,Hp_Shldr_Left,Hp_Shldr_Right,Hp_Median_Width,Base_Type_ID,Nbr_Of_Lane,Row_Width_Usual,Roadbed_Width,Surf_Width,Surf_Type_ID,Curb_Type_Left_ID,Curb_Type_Right_ID,Shldr_Type_Left_ID,Shldr_Width_Left,Shldr_Use_Left_ID,Shldr_Type_Right_ID,Shldr_Width_Right,Shldr_Use_Right_ID,Median_Type_ID,Median_Width,Rural_Urban_Type_ID,Func_Sys_ID,Adt_Curnt_Amt,Adt_Curnt_Year,Adt_Adj_Curnt_Amt,Pct_Single_Trk_Adt,Pct_Combo_Trk_Adt,Trk_Aadt_Pct,Curve_Type_ID,Curve_Lngth,Cd_Degr,Delta_Left_Right_ID,Dd_Degr,Feature_Crossed,Structure_Number,I_R_Min_Vert_Clear,Approach_Width,Bridge_Median_ID,Bridge_Loading_Type_ID,Bridge_Loading_In_1000_Lbs,Bridge_Srvc_Type_On_ID,Bridge_Srvc_Type_Under_ID,Culvert_Type_ID,Roadway_Width,Deck_Width,Bridge_Dir_Of_Traffic_ID,Bridge_Rte_Struct_Func_ID,Bridge_IR_Struct_Func_ID,CrossingNumber,RRCo,Poscrossing_ID,WDCode_ID,Standstop,Yield,Incap_Injry_Cnt.y,Nonincap_Injry_Cnt.y,Poss_Injry_Cnt.y,Non_Injry_Cnt.y,Unkn_Injry_Cnt.y,Tot_Injry_Cnt.y,Death_Cnt.y,MPO_ID,Unit_ID,Unit_Prsn_ID
13041440,AUS_13041440,30.23357,-97.72379,1,1,3,16,2,24,2,1,4,11,1,4,N,4,NA,NA,4,97,97,,,0,1,0,0,0,1,0,N,N,N,N,N,N,N,11/25/2012,5:48 PM,227,22,N,N,NA,NA,19,,,1,,E,RIVERSIDE EB,,N,N,35,N,N,,Y,19,,,NA,,S,PLEASANT VALLEY,RD,NA,,,,,,11,1,4,NA,1,1,21,5:48 PM,DISPATCH,5:50 PM,11/25/2012,Y,74,20,98,129,8,5,1,3,64,54,1,5,1,21,21,227,22,30.23357,-97.72379,,,,NA,E RIVERSIDE DR,NA,NA,NA,NA,NA,NA,,,,S PLEASANT VALLEY RD,NA,NA,NA,NA,Y,N,N,2,9,Y,SUN,NA,NA,NA,NA,NA,NA,NA,NA,NA,NA,NA,NA,NA,NA,NA,NA,NA,NA,NA,NA,NA,NA,NA,NA,NA,NA,NA,NA,NA,NA,NA,NA,NA,NA,NA,NA,NA,NA,NA,NA,NA,NA,NA,NA,NA,NA,NA,NA,NA,,,NA,NA,NA,NA,0,1,0,2,0,1,0,90,130414401,1304144011
13041467,AUS_13041467,30.23271464,-97.86427621,1,1,3,16,3,36,1,1,4,11,1,3,N,4,NA,NA,4,97,97,,,0,0,1,0,0,1,0,N,N,N,N,N,N,N,9/20/2012,8:35 AM,227,22,N,N,NA,NA,19,,,1,6300,W,WM CANNON,DR,N,N,40,N,N,,N,2,290,,NA,,W,NOT REPORTED,HWY,NA,,,,,,11,1,0,NA,5,1,1,8:35 AM,DISPATCHED,8:51 AM,9/20/2012,Y,74,NA,NA,195,8,5,3,2,64,13,1,5,1,32,21,227,22,30.23271464,-97.86427621,,,,NA,W WILLIAM CANNON DR,6291,NA,NA,NA,NA,NA,,,,N/A,NA,NA,NA,NA,Y,N,N,3,9,Y,THU,NA,NA,NA,NA,NA,NA,NA,NA,NA,NA,NA,NA,NA,NA,NA,NA,NA,NA,NA,NA,NA,NA,NA,NA,NA,NA,NA,NA,NA,NA,NA,NA,NA,NA,NA,NA,NA,NA,NA,NA,NA,NA,NA,NA,NA,NA,NA,NA,NA,,,NA,NA,NA,NA,0,0,1,1,0,1,0,90,130414671,1304146711
13041471,AUS_13041471,30.18347,-97.84985,2,1,3,16,2,14,3,1,4,11,1,4,N,4,NA,NA,4,97,97,,,0,1,0,0,0,1,0,N,N,N,N,N,N,N,11/9/2012,4:20 PM,227,22,N,N,NA,NA,19,,,1,,W,SLAUGHTER,LN,N,N,40,N,N,,Y,19,,,NA,,,BRODIE,LN,NA,,,,,,11,1,98,NA,1,1,5,6:23 PM,DISPATCH,9:30 PM,11/10/2012,Y,74,37,99,130,8,5,1,2,64,54,1,5,1,21,21,227,22,30.18347,-97.84985,,,,NA,W SLAUGHTER LN,NA,NA,NA,NA,NA,NA,,,,BRODIE LN,NA,NA,NA,NA,Y,N,N,2,9,Y,FRI,NA,NA,NA,NA,NA,NA,NA,NA,NA,NA,NA,NA,NA,NA,NA,NA,NA,NA,NA,NA,NA,NA,NA,NA,NA,NA,NA,NA,NA,NA,NA,NA,NA,NA,NA,NA,NA,NA,NA,NA,NA,NA,NA,NA,NA,NA,NA,NA,NA,,,NA,NA,NA,NA,0,1,0,1,0,1,0,90,130414712,1304147121
13041538,AUS_13041538,30.32608,-97.69238,2,1,3,16,5,NA,3,1,4,11,1,5,N,4,NA,NA,4,97,97,,,0,0,0,1,0,0,0,N,N,N,N,N,N,N,12/4/2012,4:29 PM,227,22,N,N,NA,NA,19,,,1,1400,E,ST JOHNS,AVE,N,N,40,N,N,,Y,19,,,NA,,,CAMERON,RD,NA,,,,,,11,1,4,NA,1,1,5,4:29 PM,DISPATCH,4:33 PM,12/4/2012,Y,74,NA,158,95,8,5,1,1,64,54,1,5,1,21,21,227,22,30.32608,-97.69238,,,,NA,E ST JOHNS AVE,1398,NA,NA,NA,NA,NA,,,,CAMERON RD,NA,NA,NA,NA,N,N,N,5,9,Y,TUE,NA,NA,NA,NA,NA,NA,NA,NA,NA,NA,NA,NA,NA,NA,NA,NA,NA,NA,NA,NA,NA,NA,NA,NA,NA,NA,NA,NA,NA,NA,NA,NA,NA,NA,NA,NA,NA,NA,NA,NA,NA,NA,NA,NA,NA,NA,NA,NA,NA,,,NA,NA,NA,NA,0,0,0,2,0,0,0,90,130415382,1304153821
13041624,AUS_13041624,30.31650146,-97.74398599,2,1,3,16,2,20,3,1,4,11,1,4,N,4,NA,NA,4,97,97,,,0,1,0,0,0,1,0,N,N,N,N,N,N,N,12/8/2012,7:19 PM,227,22,N,N,NA,NA,19,,,1,1600,W,45TH,ST,N,N,35,N,N,,N,19,,,NA,,,SINCLAIR,AVE,NA,,,,,,11,6,0,NA,1,1,1,7:19 PM,DISPATCH,7:25 PM,12/8/2012,Y,74,NA,120,14,8,5,4,1,64,54,1,5,1,21,21,227,22,30.31650146,-97.74398599,,,,NA,W 45TH ST,1668,NA,NA,NA,NA,NA,,,,N/A,NA,NA,NA,NA,Y,N,N,2,9,Y,SAT,NA,NA,NA,NA,NA,NA,NA,NA,NA,NA,NA,NA,NA,NA,NA,NA,NA,NA,NA,NA,NA,NA,NA,NA,NA,NA,NA,NA,NA,NA,NA,NA,NA,NA,NA,NA,NA,NA,NA,NA,NA,NA,NA,NA,NA,NA,NA,NA,NA,,,NA,NA,NA,NA,0,1,0,1,1,1,0,90,130416242,1304162421
13042395,AUS_13042395,30.2388,-97.75355,2,1,3,16,2,24,1,1,4,11,2,4,N,4,NA,NA,4,97,97,,,0,1,0,0,0,1,0,N,N,N,N,N,N,N,12/4/2012,6:03 PM,227,22,N,Y,NA,NA,19,,,1,2300,S,CONGRESS,AVE,N,N,0,N,N,,Y,19,,,1,100,W,OLTORF,ST,NA,,,,,,11,4,4,NA,1,1,5,6:03 PM,DISPATCHED,6:05 PM,12/4/2012,Y,74,NA,105,112,8,5,1,3,64,3,1,5,1,21,21,227,22,30.2388,-97.75355,,,,NA,S CONGRESS AVE,2399,NA,NA,NA,NA,NA,,,,W OLTORF ST,NA,NA,NA,NA,Y,N,N,2,9,Y,TUE,NA,NA,NA,NA,NA,NA,NA,NA,NA,NA,NA,NA,NA,NA,NA,NA,NA,NA,NA,NA,NA,NA,NA,NA,NA,NA,NA,NA,NA,NA,NA,NA,NA,NA,NA,NA,NA,NA,NA,NA,NA,NA,NA,NA,NA,NA,NA,NA,NA,,,NA,NA,NA,NA,0,1,0,1,0,1,0,90,130423952,1304239521
13044197,AUS_13044197,30.21169,-97.87648,2,1,3,16,3,50,1,1,4,11,1,2,N,4,NA,NA,4,97,97,,,0,0,1,0,0,1,0,N,N,N,N,N,N,N,12/15/2012,2:25 PM,227,22,N,N,NA,NA,19,,,1,8800,,ESCARPMENT,BLVD,N,N,40,N,N,,Y,19,,,NA,6100,,DAVIS,LN,NA,,,,,,11,1,4,NA,2,1,16,2:25 PM,MDC,2:31 PM,12/15/2012,Y,74,1,105,112,8,5,1,2,64,54,1,5,1,21,21,227,22,30.21169,-97.87648,,,,NA,ESCARPMENT BLVD,8801,NA,NA,NA,NA,NA,,,,DAVIS LN,NA,NA,NA,NA,Y,N,N,3,9,Y,SAT,NA,NA,NA,NA,NA,NA,NA,NA,NA,NA,NA,NA,NA,NA,NA,NA,NA,NA,NA,NA,NA,NA,NA,NA,NA,NA,NA,NA,NA,NA,NA,NA,NA,NA,NA,NA,NA,NA,NA,NA,NA,NA,NA,NA,NA,NA,NA,NA,NA,,,NA,NA,NA,NA,0,0,1,1,0,1,0,90,130441972,1304419721
13044213,AUS_13044213,30.35888361,-97.78047008,1,1,3,16,2,20,4,2,4,11,1,1,N,4,NA,NA,4,97,97,,,0,1,0,0,0,1,0,N,N,N,N,N,N,N,12/14/2012,7:54 AM,227,22,N,N,NA,NA,19,,,1,,,FARWEST,BLVD,N,N,10,N,N,,Y,19,,,NA,,,LADERA NORTE,,NA,,,,,,11,1,2,NA,5,1,1,7:55 AM,DISPATCH,8:12 AM,12/14/2012,Y,74,22,46,64,8,5,2,1,64,54,1,5,1,21,21,227,22,30.35888361,-97.78047008,,,,NA,FAR WEST BLVD,4795,NA,NA,NA,NA,NA,,,,UNKNOWN,NA,NA,NA,NA,Y,N,N,2,9,Y,FRI,NA,NA,NA,NA,NA,NA,NA,NA,NA,NA,NA,NA,NA,NA,NA,NA,NA,NA,NA,NA,NA,NA,NA,NA,NA,NA,NA,NA,NA,NA,NA,NA,NA,NA,NA,NA,NA,NA,NA,NA,NA,NA,NA,NA,NA,NA,NA,NA,NA,,,NA,NA,NA,NA,0,1,0,1,0,1,0,90,130442131,1304421311
13048442,AUS_13048442,30.49272999,-97.77324183,3,1,3,16,2,30,1,2,4,11,1,1,N,4,NA,NA,4,97,97,,,0,1,0,0,0,1,0,N,N,N,N,N,N,N,12/9/2012,2:50 PM,246,22,N,Y,NA,NA,19,,,1,10211,W,PARMER,LN,N,N,0,N,N,,N,19,,,NA,,,CASSANDRA,DR,NA,,,,,,12,1,4,2,1,1,20,2:50 PM,DISPATCH,2:56 PM,12/9/2012,Y,74,1,46,64,8,5,4,1,64,30,1,3,1,21,21,246,22,30.49272999,-97.77324183,FM,734,,3.099,FM0734,NA,3417,1,2.382,430,-0.619,,,,N/A,NA,NA,NA,NA,Y,Y,N,1,9,Y,SUN,3,0,4,10,44,2,6,200,100,72,4,0,0,2,8,5,2,20,5,3,36,4,14,37000,2012,37000,1.6,0.2,1.8,NA,NA,NA,NA,NA,NA,NA,NA,NA,NA,NA,NA,NA,NA,NA,NA,NA,NA,NA,NA,,,NA,NA,NA,NA,1,1,0,1,0,2,0,90,130484423,1304844231
13048442,AUS_13048442,30.49272999,-97.77324183,2,1,3,16,1,40,1,2,4,11,1,1,N,4,NA,NA,4,97,97,,,1,0,0,0,0,1,0,N,N,N,N,N,N,N,12/9/2012,2:50 PM,246,22,N,Y,NA,NA,19,,,1,10211,W,PARMER,LN,N,N,0,N,N,,N,19,,,NA,,,CASSANDRA,DR,NA,,,,,,12,1,4,2,1,1,20,2:50 PM,DISPATCH,2:56 PM,12/9/2012,Y,74,1,46,64,8,5,4,1,64,30,1,3,1,21,21,246,22,30.49272999,-97.77324183,FM,734,,3.099,FM0734,NA,3417,1,2.382,430,-0.619,,,,N/A,NA,NA,NA,NA,Y,Y,N,1,9,Y,SUN,3,0,4,10,44,2,6,200,100,72,4,0,0,2,8,5,2,20,5,3,36,4,14,37000,2012,37000,1.6,0.2,1.8,NA,NA,NA,NA,NA,NA,NA,NA,NA,NA,NA,NA,NA,NA,NA,NA,NA,NA,NA,NA,,,NA,NA,NA,NA,1,1,0,1,0,2,0,90,130484422,1304844221
13048517,AUS_13048517,30.40868752,-97.74772492,2,1,3,16,3,28,1,1,4,11,1,2,N,4,NA,NA,4,97,97,,,0,0,1,0,0,1,0,N,N,N,N,N,N,N,12/13/2012,7:00 PM,227,22,N,N,NA,NA,19,,,1,11301,,JOLLYVILLE,RD,N,N,40,N,N,,N,19,,,NA,,,THUNDERCREEK,DR,NA,,,,,,11,4,98,NA,1,1,20,7:00 PM,DISPATCH,7:05 PM,12/14/2012,Y,74,NA,46,64,8,5,3,1,64,14,1,5,1,32,21,227,22,30.40868752,-97.74772492,,,,NA,JOLLYVILLE RD,11165,NA,NA,NA,NA,NA,,,,N/A,NA,NA,NA,NA,Y,N,N,3,9,Y,THU,NA,NA,NA,NA,NA,NA,NA,NA,NA,NA,NA,NA,NA,NA,NA,NA,NA,NA,NA,NA,NA,NA,NA,NA,NA,NA,NA,NA,NA,NA,NA,NA,NA,NA,NA,NA,NA,NA,NA,NA,NA,NA,NA,NA,NA,NA,NA,NA,NA,,,NA,NA,NA,NA,0,0,1,1,0,1,0,90,130485172,1304851721
13048563,AUS_13048563,30.17954,-97.85254,2,1,3,16,2,11,1,2,4,11,1,4,N,4,NA,NA,4,97,97,,,0,1,0,0,0,1,0,N,N,N,N,N,N,N,12/11/2012,5:10 PM,227,22,N,N,NA,NA,19,,,1,3500,,ASPEN CREEK,PKWY,N,N,30,N,N,,N,19,,,NA,,,BRODIE,LN,NA,,,,,,11,1,2,NA,1,1,8,5:10 PM,DISPATCHED,5:21 PM,12/11/2012,Y,74,17,169,130,8,5,2,1,64,3,1,5,1,21,21,227,22,30.17954,-97.85254,,,,NA,ASPEN CREEK PKY,3500,NA,NA,NA,NA,NA,,,,UNKNOWN,NA,NA,NA,NA,Y,N,N,2,9,Y,TUE,NA,NA,NA,NA,NA,NA,NA,NA,NA,NA,NA,NA,NA,NA,NA,NA,NA,NA,NA,NA,NA,NA,NA,NA,NA,NA,NA,NA,NA,NA,NA,NA,NA,NA,NA,NA,NA,NA,NA,NA,NA,NA,NA,NA,NA,NA,NA,NA,NA,,,NA,NA,NA,NA,0,1,0,1,0,1,0,90,130485632,1304856321
13048574,AUS_13048574,30.21198,-97.71261,2,1,3,16,3,42,3,1,4,11,1,4,N,4,NA,NA,4,97,97,,,0,0,1,0,0,1,0,N,N,N,N,N,N,N,12/10/2012,7:40 AM,227,22,N,N,NA,NA,19,,,2,6300,E,BEN WHITE SVRD WB,BLVD,N,N,55,N,N,,Y,19,,,NA,3000,,MONTOPOLIS,DR,NA,,,,,,11,1,0,NA,1,1,5,7:42 AM,DISPATCHED,7:52 AM,12/10/2012,Y,74,20,98,129,8,5,2,1,64,3,2,5,1,21,21,227,22,30.21198,-97.71261,,,,NA,E BEN WHITE BLVD,NA,NA,NA,NA,NA,NA,,,,MONTOPOLIS DR,NA,NA,NA,NA,Y,N,N,3,9,Y,MON,NA,NA,NA,NA,NA,NA,NA,NA,NA,NA,NA,NA,NA,NA,NA,NA,NA,NA,NA,NA,NA,NA,NA,NA,NA,NA,NA,NA,NA,NA,NA,NA,NA,NA,NA,NA,NA,NA,NA,NA,NA,NA,NA,NA,NA,NA,NA,NA,NA,,,NA,NA,NA,NA,0,0,1,1,0,1,0,90,130485742,1304857421
13063946,AUS_13063946,30.17421,-97.79485,2,1,3,16,2,20,1,2,4,11,1,4,N,4,NA,NA,4,97,97,,,0,1,0,0,0,1,0,N,N,N,N,N,N,N,10/11/2012,8:37 AM,227,22,N,N,NA,NA,19,,,1,600,,RALPH ABLANEDO,DR,N,N,40,N,N,,Y,19,,,NA,8800,,SWANSON,LN,NA,,,,,,11,1,2,NA,1,1,8,8:37 AM,SELF ASSIGNED,8:38 AM,10/11/2012,Y,74,NA,NA,290,8,5,1,1,64,54,1,5,1,21,21,227,22,30.17421,-97.79485,,,,NA,RALPH ABLANEDO DR,561,NA,NA,NA,NA,NA,,,,SWANSON LN,NA,NA,NA,NA,Y,N,N,2,9,Y,THU,NA,NA,NA,NA,NA,NA,NA,NA,NA,NA,NA,NA,NA,NA,NA,NA,NA,NA,NA,NA,NA,NA,NA,NA,NA,NA,NA,NA,NA,NA,NA,NA,NA,NA,NA,NA,NA,NA,NA,NA,NA,NA,NA,NA,NA,NA,NA,NA,NA,,,NA,NA,NA,NA,0,1,0,1,0,1,0,90,130639462,1306394621
13063949,AUS_13063949,30.28624646,-97.74278072,1,1,3,16,2,19,1,1,4,11,1,2,N,4,NA,NA,4,97,97,,,0,1,0,0,0,1,0,N,N,N,N,N,N,N,9/14/2012,5:40 AM,227,22,N,N,NA,NA,19,,,1,2200,,SAN ANTONIO,ST,N,N,30,N,N,,N,19,,,NA,500,W,23,ST,NA,,,,,,2,4,0,NA,1,2,1,5:41 AM,DISPATCH,5:45 AM,9/14/2012,Y,74,NA,NA,NA,8,5,3,3,64,13,1,5,1,32,21,227,22,30.28624646,-97.74278072,,,,NA,SAN ANTONIO ST,2279,NA,NA,NA,NA,NA,,,,N/A,NA,NA,NA,NA,Y,N,N,2,9,Y,FRI,NA,NA,NA,NA,NA,NA,NA,NA,NA,NA,NA,NA,NA,NA,NA,NA,NA,NA,NA,NA,NA,NA,NA,NA,NA,NA,NA,NA,NA,NA,NA,NA,NA,NA,NA,NA,NA,NA,NA,NA,NA,NA,NA,NA,NA,NA,NA,NA,NA,,,NA,NA,NA,NA,0,1,0,1,0,1,0,90,130639491,1306394911
13063957,AUS_13063957,30.26647855,-97.73719406,2,1,3,16,3,32,1,2,4,11,1,4,N,4,NA,NA,4,97,97,,,0,0,1,0,0,1,0,N,N,N,N,N,Y,N,10/26/2012,2:41 AM,227,22,N,Y,NA,NA,19,,,1,600,,RED RIVER,,N,N,0,N,N,,Y,19,,,NA,600,,RED RIVER,,NA,,,,,,2,4,0,NA,1,2,5,2:41 AM,VIEWED,2:41 AM,10/26/2012,Y,74,22,115,144,8,5,1,1,64,3,1,5,1,21,21,227,22,30.26647855,-97.73719406,,,,NA,RED RIVER ST,598,NA,NA,NA,NA,NA,,,,UNKNOWN,NA,NA,NA,NA,Y,N,N,3,9,Y,FRI,NA,NA,NA,NA,NA,NA,NA,NA,NA,NA,NA,NA,NA,NA,NA,NA,NA,NA,NA,NA,NA,NA,NA,NA,NA,NA,NA,NA,NA,NA,NA,NA,NA,NA,NA,NA,NA,NA,NA,NA,NA,NA,NA,NA,NA,NA,NA,NA,NA,,,NA,NA,NA,NA,0,0,1,2,0,1,0,90,130639572,1306395721
13063958,AUS_13063958,30.26647757,-97.73719441,2,1,3,16,3,32,1,2,4,11,1,4,N,4,NA,NA,4,97,97,,,0,0,1,0,0,1,0,N,N,N,N,N,N,N,10/26/2012,2:41 AM,227,22,N,Y,NA,NA,19,,,1,600,,RED RIVER,,N,N,0,N,N,,Y,19,,,NA,600,,RED RIVER,,NA,,,,,,2,4,0,NA,1,2,5,2:41 AM,VIEWED,2:41 AM,10/26/2012,Y,74,22,115,144,8,5,4,1,64,3,1,5,1,21,21,227,22,30.26647757,-97.73719441,,,,NA,RED RIVER ST,598,NA,NA,NA,NA,NA,,,,N/A,NA,NA,NA,NA,Y,N,N,3,9,Y,FRI,NA,NA,NA,NA,NA,NA,NA,NA,NA,NA,NA,NA,NA,NA,NA,NA,NA,NA,NA,NA,NA,NA,NA,NA,NA,NA,NA,NA,NA,NA,NA,NA,NA,NA,NA,NA,NA,NA,NA,NA,NA,NA,NA,NA,NA,NA,NA,NA,NA,,,NA,NA,NA,NA,0,0,1,2,0,1,0,90,130639582,1306395821
13063996,AUS_13063996,30.26992,-97.74211,2,1,3,16,2,22,1,1,4,11,1,4,N,4,NA,NA,4,97,97,,,0,1,0,0,0,1,0,N,N,N,N,N,N,N,10/15/2012,2:17 PM,227,22,N,N,NA,NA,19,,,1,,,CONGRESS,AVE,N,N,35,N,N,,Y,19,,,NA,,W,8TH,ST,NA,,,,,,11,1,4,NA,1,1,5,2:17 PM,DISPATCHED,2:25 PM,10/15/2012,Y,74,1,115,144,8,5,1,3,64,3,1,5,1,21,21,227,22,30.26992,-97.74211,,,,NA,CONGRESS AVE,801,NA,NA,NA,NA,NA,,,,W 8TH ST,NA,NA,NA,NA,Y,N,N,2,9,Y,MON,NA,NA,NA,NA,NA,NA,NA,NA,NA,NA,NA,NA,NA,NA,NA,NA,NA,NA,NA,NA,NA,NA,NA,NA,NA,NA,NA,NA,NA,NA,NA,NA,NA,NA,NA,NA,NA,NA,NA,NA,NA,NA,NA,NA,NA,NA,NA,NA,NA,,,NA,NA,NA,NA,0,1,0,1,0,1,0,90,130639962,1306399621
13070673,AUS_13070673,30.23197379,-97.6990042,2,1,3,16,2,8,2,1,4,11,1,4,N,4,NA,NA,4,97,97,,,0,1,0,0,0,1,0,N,N,N,N,N,N,N,12/16/2012,3:16 PM,227,22,N,N,NA,NA,19,,,1,1200,,MONTOPOLIS,DR,N,N,35,N,N,,N,19,,,NA,6200,,LARCH TER,,NA,,,,,,11,1,0,NA,2,1,1,3:16 PM,DISPATCH,3:21 PM,12/16/2012,Y,74,105,98,129,8,5,4,1,64,54,1,5,1,21,21,227,22,30.23197379,-97.6990042,,,,NA,MONTOPOLIS DR,1163,NA,NA,NA,NA,NA,,,,N/A,NA,NA,NA,NA,Y,N,N,2,9,Y,SUN,NA,NA,NA,NA,NA,NA,NA,NA,NA,NA,NA,NA,NA,NA,NA,NA,NA,NA,NA,NA,NA,NA,NA,NA,NA,NA,NA,NA,NA,NA,NA,NA,NA,NA,NA,NA,NA,NA,NA,NA,NA,NA,NA,NA,NA,NA,NA,NA,NA,,,NA,NA,NA,NA,0,1,0,2,0,1,0,90,130706732,1307067321
13070695,AUS_13070695,30.28953,-97.74923,2,1,3,16,2,19,1,1,4,11,1,4,N,4,NA,NA,4,97,97,,,0,1,0,0,0,1,0,N,N,N,N,N,N,N,12/17/2012,12:21 PM,227,22,N,N,NA,NA,19,,,1,1100,W,25TH,ST,N,N,30,N,N,,N,19,,,NA,2500,E,ALLEY LONGVIEW,,NA,,,,,,11,1,98,NA,2,1,1,1:40 PM,DISPATCH,1:46 PM,12/17/2012,Y,74,NA,NA,174,8,5,4,3,36,54,1,5,1,21,21,227,22,30.28953,-97.74923,,,,NA,W 25TH ST,1100,NA,NA,NA,NA,NA,,,,N/A,NA,NA,NA,NA,Y,N,N,2,9,Y,MON,NA,NA,NA,NA,NA,NA,NA,NA,NA,NA,NA,NA,NA,NA,NA,NA,NA,NA,NA,NA,NA,NA,NA,NA,NA,NA,NA,NA,NA,NA,NA,NA,NA,NA,NA,NA,NA,NA,NA,NA,NA,NA,NA,NA,NA,NA,NA,NA,NA,,,NA,NA,NA,NA,0,1,0,1,0,1,0,90,130706952,1307069521
13070742,AUS_13070742,30.29537,-97.73683,2,1,3,16,3,28,1,2,4,11,1,2,N,4,NA,NA,4,97,97,,,0,0,1,0,0,1,0,N,N,N,N,N,N,N,12/19/2012,11:17 AM,227,22,N,Y,NA,NA,19,,,1,3100,,SPEEDWAY,,N,N,0,N,N,,Y,19,,,NA,100,W,31ST,ST,NA,,,,,,11,1,2,NA,1,1,17,11:17 AM,DISPATCHED,11:20 AM,12/19/2012,Y,74,NA,53,21,8,5,1,1,64,3,1,5,1,21,21,227,22,30.29537,-97.73683,,,,NA,SPEEDWAY,3101,NA,NA,NA,NA,NA,,,,E 31ST ST,NA,NA,NA,NA,Y,N,N,3,9,Y,WED,NA,NA,NA,NA,NA,NA,NA,NA,NA,NA,NA,NA,NA,NA,NA,NA,NA,NA,NA,NA,NA,NA,NA,NA,NA,NA,NA,NA,NA,NA,NA,NA,NA,NA,NA,NA,NA,NA,NA,NA,NA,NA,NA,NA,NA,NA,NA,NA,NA,,,NA,NA,NA,NA,0,0,1,2,0,1,0,90,130707422,1307074221
13070886,AUS_13070886,30.31081169,-97.73290571,2,1,3,16,2,27,1,2,4,11,1,4,N,4,NA,NA,4,97,97,,,0,1,0,0,0,1,0,N,N,N,N,N,N,N,12/21/2012,3:32 PM,227,22,N,N,NA,NA,19,,,1,500,W,45TH,ST,N,N,35,N,N,,N,19,,,NA,,,GUADALUPE,ST,NA,,,,,,11,1,0,NA,1,1,11,3:32 PM,RADIO,3:34 PM,12/21/2012,Y,74,NA,NA,125,8,5,4,1,64,7,1,5,1,21,21,227,22,30.31081169,-97.73290571,,,,NA,W 45TH ST,589,NA,NA,NA,NA,NA,,,,N/A,NA,NA,NA,NA,Y,N,N,2,9,Y,FRI,NA,NA,NA,NA,NA,NA,NA,NA,NA,NA,NA,NA,NA,NA,NA,NA,NA,NA,NA,NA,NA,NA,NA,NA,NA,NA,NA,NA,NA,NA,NA,NA,NA,NA,NA,NA,NA,NA,NA,NA,NA,NA,NA,NA,NA,NA,NA,NA,NA,,,NA,NA,NA,NA,0,1,0,1,0,1,0,90,130708862,1307088621