CrashID,CrashID1,Latitude,Longitude,Unit_Nbr,Prsn_Nbr,Prsn_Type_ID,Prsn_Occpnt_Pos_ID,Prsn_Injry_Sev_ID,Prsn_Age,Prsn_Ethnicity_ID,Prsn_Gndr_ID,Prsn_Ejct_ID,Prsn_Rest_ID,Prsn_Airbag_ID,Prsn_Helmet_ID,Prsn_Sol_Fl,Prsn_Alc_Spec_Type_ID,Prsn_Alc_Rslt_ID,Prsn_Bac_Test_Rslt,Prsn_Drg_Spec_Type_ID,Prsn_Drg_Rslt_ID,Drvr_Drg_Cat_1_ID,Prsn_Death_Date,Prsn_Death_Time,Incap_Injry_Cnt.x,Nonincap_Injry_Cnt.x,Poss_Injry_Cnt.x,Non_Injry_Cnt.x,Unkn_Injry_Cnt.x,Tot_Injry_Cnt.x,Death_Cnt.x,Crash_Fatal_Fl,Cmv_Involv_Fl,Schl_Bus_Fl,Rr_Relat_Fl,Medical_Advisory_Fl,Amend_Supp_Fl,Active_School_Zone_Fl,Crash_Date,Crash_Time,Rpt_CRIS_Cnty_ID,Rpt_City_ID,Rpt_Outside_City_Limit_Fl,Thousand_Damage_Fl,Rpt_Latitude,Rpt_Longitude,Rpt_Rdwy_Sys_ID,Rpt_Hwy_Num,Rpt_Hwy_Sfx,Rpt_Road_Part_ID,Rpt_Block_Num,Rpt_Street_Pfx,Rpt_Street_Name,Rpt_Street_Sfx,Private_Dr_Fl,Toll_Road_Fl,Crash_Speed_Limit,Road_Constr_Zone_Fl,Road_Constr_Zone_Wrkr_Fl,Rpt_Street_Desc,At_Intrsct_Fl,Rpt_Sec_Rdwy_Sys_ID,Rpt_Sec_Hwy_Num,Rpt_Sec_Hwy_Sfx,Rpt_Sec_Road_Part_ID,Rpt_Sec_Block_Num,Rpt_Sec_Street_Pfx,Rpt_Sec_Street_Name,Rpt_Sec_Street_Sfx,Rpt_Ref_Mark_Offset_Amt,Rpt_Ref_Mark_Dist_Uom,Rpt_Ref_Mark_Dir,Rpt_Ref_Mark_Nbr,Rpt_Sec_Street_Desc,Rpt_CrossingNumber,Wthr_Cond_ID,Light_Cond_ID,Entr_Road_ID,Road_Type_ID,Road_Algn_ID,Surf_Cond_ID,Traffic_Cntl_ID,Investigat_Notify_Time,Investigat_Notify_Meth,Investigat_Arrv_Time,Report_Date,Investigat_Comp_Fl,Investigat_Agency_ID,Investigat_Area_ID,Investigat_District_ID,Investigat_Region_ID,Bridge_Detail_ID,Harm_Evnt_ID,Intrsct_Relat_ID,FHE_Collsn_ID,Obj_Struck_ID,Othr_Factr_ID,Road_Part_Adj_ID,Road_Cls_ID,Road_Relat_ID,Phys_Featr_1_ID,Phys_Featr_2_ID,Cnty_ID,City_ID,Latitude,Longitude,Hwy_Sys,Hwy_Nbr,Hwy_Sfx,Dfo,Street_Name,Street_Nbr,Control,Section,Milepoint,Ref_Mark_Nbr,Ref_Mark_Displ,Hwy_Sys_2,Hwy_Nbr_2,Hwy_Sfx_2,Street_Name_2,Street_Nbr_2,Control_2,Section_2,Milepoint_2,Txdot_Rptable_Fl,Onsys_Fl,Rural_Fl,Crash_Sev_ID,Pop_Group_ID,Located_Fl,Day_of_Week,Hwy_Dsgn_Lane_ID,Hwy_Dsgn_Hrt_ID,Hp_Shldr_Left,Hp_Shldr_Right,Hp_Median_Width,Base_Type_ID,Nbr_Of_Lane,Row_Width_Usual,Roadbed_Width,Surf_Width,Surf_Type_ID,Curb_Type_Left_ID,Curb_Type_Right_ID,Shldr_Type_Left_ID,Shldr_Width_Left,Shldr_Use_Left_ID,Shldr_Type_Right_ID,Shldr_Width_Right,Shldr_Use_Right_ID,Median_Type_ID,Median_Width,Rural_Urban_Type_ID,Func_Sys_ID,Adt_Curnt_Amt,Adt_Curnt_Year,Adt_Adj_Curnt_Amt,Pct_Single_Trk_Adt,Pct_Combo_Trk_Adt,Trk_Aadt_Pct,Curve_Type_ID,Curve_Lngth,Cd_Degr,Delta_Left_Right_ID,Dd_Degr,Feature_Crossed,Structure_Number,I_R_Min_Vert_Clear,Approach_Width,Bridge_Median_ID,Bridge_Loading_Type_ID,Bridge_Loading_In_1000_Lbs,Bridge_Srvc_Type_On_ID,Bridge_Srvc_Type_Under_ID,Culvert_Type_ID,Roadway_Width,Deck_Width,Bridge_Dir_Of_Traffic_ID,Bridge_Rte_Struct_Func_ID,Bridge_IR_Struct_Func_ID,CrossingNumber,RRCo,Poscrossing_ID,WDCode_ID,Standstop,Yield,Incap_Injry_Cnt.y,Nonincap_Injry_Cnt.y,Poss_Injry_Cnt.y,Non_Injry_Cnt.y,Unkn_Injry_Cnt.y,Tot_Injry_Cnt.y,Death_Cnt.y,MPO_ID,Unit_ID,Unit_Prsn_ID
13090402,AUS_13090402,30.26842,-97.72716,3,1,3,16,3,29,1,1,4,11,1,2,N,4,NA,NA,4,97,97,,,0,0,1,0,0,1,0,N,N,N,N,N,Y,N,9/7/2012,8:43 AM,227,22,N,N,NA,NA,19,,,1,1200,,EAST 11TH,ST,N,N,30,N,N,,Y,19,,,NA,1200,,ROSEWOOD,AVE,NA,,,,,,11,1,0,NA,4,1,5,8:43 AM,DISPATCH,8:53 AM,9/7/2012,Y,74,NA,41,78,8,5,2,1,64,4,1,5,1,21,21,227,22,30.26842,-97.72716,,,,NA,E 11TH ST,1212,NA,NA,NA,NA,NA,,,,ROSEWOOD AVE,NA,NA,NA,NA,Y,N,N,3,9,Y,FRI,NA,NA,NA,NA,NA,NA,NA,NA,NA,NA,NA,NA,NA,NA,NA,NA,NA,NA,NA,NA,NA,NA,NA,NA,NA,NA,NA,NA,NA,NA,NA,NA,NA,NA,NA,NA,NA,NA,NA,NA,NA,NA,NA,NA,NA,NA,NA,NA,NA,,,NA,NA,NA,NA,0,0,1,1,0,1,0,90,130904023,1309040231
13090415,AUS_13090415,30.40090018,-97.74879566,2,1,3,16,2,20,1,2,4,11,1,4,N,4,NA,NA,4,97,97,,,0,1,0,0,0,1,0,N,N,N,N,N,N,N,8/30/2012,8:15 PM,227,22,N,N,NA,NA,19,,,1,10413,,JOLLYVILLE,,N,N,0,N,N,,N,19,,,NA,,,BRAKER,,NA,,,,,,11,4,0,NA,1,1,16,8:15 PM,DISPATCHED,,8/31/2012,Y,74,22,46,64,8,5,3,3,64,13,1,5,1,32,21,227,22,30.40090018,-97.74879566,,,,NA,JOLLYVILLE RD,10744,NA,NA,NA,NA,NA,,,,N/A,NA,NA,NA,NA,Y,N,N,2,9,Y,THU,NA,NA,NA,NA,NA,NA,NA,NA,NA,NA,NA,NA,NA,NA,NA,NA,NA,NA,NA,NA,NA,NA,NA,NA,NA,NA,NA,NA,NA,NA,NA,NA,NA,NA,NA,NA,NA,NA,NA,NA,NA,NA,NA,NA,NA,NA,NA,NA,NA,,,NA,NA,NA,NA,0,1,0,1,0,1,0,90,130904152,1309041521
13106194,AUS_13106194,30.22086994,-97.69480776,2,1,3,16,4,27,1,1,4,11,1,97,N,2,1,0.24,2,1,8,11/4/2012,11:00:00,0,0,0,0,0,0,1,Y,N,N,N,N,Y,N,11/3/2012,12:20 AM,227,22,N,Y,NA,NA,19,,,1,7200,E,RIVERSIDE,DR,N,N,45,N,N,,N,19,,,NA,,,YELLOW JACKET,LN,NA,,,,,,11,3,2,NA,1,1,1,12:20 AM,DISPATCHED,12:23 AM,11/3/2012,Y,74,NA,98,129,8,5,4,1,98,3,1,5,1,21,21,227,22,30.22086994,-97.69480776,,,,NA,E RIVERSIDE DR,NA,NA,NA,NA,NA,NA,,,,N/A,NA,NA,NA,NA,Y,N,N,4,9,Y,SAT,NA,NA,NA,NA,NA,NA,NA,NA,NA,NA,NA,NA,NA,NA,NA,NA,NA,NA,NA,NA,NA,NA,NA,NA,NA,NA,NA,NA,NA,NA,NA,NA,NA,NA,NA,NA,NA,NA,NA,NA,NA,NA,NA,NA,NA,NA,NA,NA,NA,,,NA,NA,NA,NA,0,0,0,2,0,0,1,90,131061942,1310619421
13120630,AUS_13120630,30.25933,-97.69957,1,1,3,16,3,11,2,1,4,11,1,4,N,4,NA,NA,4,97,97,,,0,0,1,0,0,1,0,N,N,N,N,N,N,N,12/19/2012,7:25 AM,227,22,N,N,NA,NA,19,,,1,,,SPRINGDALE,RD,N,N,20,N,N,,Y,19,,,NA,,,MILBURN,RD,NA,,,,,,12,1,2,NA,1,1,20,5:25 PM,FLAGGED DOWN,7:25 AM,12/19/2012,N,74,NA,34,48,8,5,1,3,64,54,1,5,1,21,21,227,22,30.25933,-97.69957,,,,NA,SPRINGDALE RD,815,NA,NA,NA,NA,NA,,,,MILBURN LN,NA,NA,NA,NA,Y,N,N,3,9,Y,WED,NA,NA,NA,NA,NA,NA,NA,NA,NA,NA,NA,NA,NA,NA,NA,NA,NA,NA,NA,NA,NA,NA,NA,NA,NA,NA,NA,NA,NA,NA,NA,NA,NA,NA,NA,NA,NA,NA,NA,NA,NA,NA,NA,NA,NA,NA,NA,NA,NA,,,NA,NA,NA,NA,0,0,1,0,1,1,0,90,131206301,1312063011
13120679,AUS_13120679,30.36922,-97.71067,2,1,3,16,2,31,2,1,4,11,0,97,N,4,NA,NA,4,97,97,,,0,1,0,0,0,1,0,N,N,N,N,N,N,N,11/28/2012,4:02 PM,227,22,N,Y,NA,NA,19,,,1,9400,,MOUNTAIN AVAIL,BLVD,N,N,0,N,N,,Y,19,,,NA,1500,W,RUNDBERG,LN,NA,,,,,,11,1,2,NA,1,1,8,4:12 PM,DISPATCH,4:14 PM,11/28/2012,Y,74,NA,114,143,8,5,1,1,64,54,1,5,1,21,21,227,22,30.36922,-97.71067,,,,NA,MOUNTAIN QUAIL RD,NA,NA,NA,NA,NA,NA,,,,W RUNDBERG LN,NA,NA,NA,NA,Y,N,N,2,9,Y,WED,NA,NA,NA,NA,NA,NA,NA,NA,NA,NA,NA,NA,NA,NA,NA,NA,NA,NA,NA,NA,NA,NA,NA,NA,NA,NA,NA,NA,NA,NA,NA,NA,NA,NA,NA,NA,NA,NA,NA,NA,NA,NA,NA,NA,NA,NA,NA,NA,NA,,,NA,NA,NA,NA,0,1,0,2,0,1,0,90,131206792,1312067921
13120683,AUS_13120683,30.32318,-97.72808,2,1,3,16,2,25,1,1,4,11,1,4,N,4,NA,NA,4,97,97,,,0,1,0,0,0,1,0,N,N,N,N,N,N,N,11/30/2012,12:34 PM,227,22,N,N,NA,NA,19,,,1,5500,N,LAMAR,BLVD,N,N,40,N,N,,N,19,,,NA,,,STARK,ST,NA,,,,,,11,1,0,NA,2,1,11,12:36 PM,RADIO,12:42 PM,11/30/2012,Y,74,NA,NA,281,8,5,3,3,64,13,1,5,1,32,21,227,22,30.32318,-97.72808,,,,NA,N LAMAR BLVD,5500,NA,NA,NA,NA,NA,,,,N/A,NA,NA,NA,NA,Y,N,N,2,9,Y,FRI,NA,NA,NA,NA,NA,NA,NA,NA,NA,NA,NA,NA,NA,NA,NA,NA,NA,NA,NA,NA,NA,NA,NA,NA,NA,NA,NA,NA,NA,NA,NA,NA,NA,NA,NA,NA,NA,NA,NA,NA,NA,NA,NA,NA,NA,NA,NA,NA,NA,,,NA,NA,NA,NA,0,1,0,1,0,1,0,90,131206832,1312068321
13140192,AUS_13140192,30.28233209,-97.70383779,2,1,3,16,3,21,1,2,4,11,1,NA,N,4,NA,NA,4,97,97,,,0,0,1,0,0,1,0,N,N,N,N,N,N,N,12/14/2012,7:00 AM,227,22,N,N,NA,NA,19,,,1,1900,,AIRPORT,BLVD,N,N,45,N,N,,N,19,,,NA,,,MARTIN LUTHER KING,BLVD,NA,,,,,,11,4,0,3,1,1,1,9:30 AM,DISPATCHED,9:40 AM,12/14/2012,Y,74,NA,34,48,8,5,4,1,64,54,1,2,1,21,21,227,22,30.28233209,-97.70383779,SL,111,,0.019,SL0111,3108,151,6,11.694,438,-0.305,,,,N/A,NA,NA,NA,NA,Y,Y,N,3,9,Y,FRI,2,0,1,2,0,2,4,160,51,48,4,0,0,2,1,5,2,2,5,0,0,4,14,24000,2012,24000,0.9,0.4,1.3,NA,NA,NA,NA,NA,NA,NA,NA,NA,NA,NA,NA,NA,NA,NA,NA,NA,NA,NA,NA,,,NA,NA,NA,NA,0,0,1,1,0,1,0,90,131401922,1314019221
13140203,AUS_13140203,30.2697,-97.71903,2,1,3,16,2,32,4,1,4,11,1,2,N,4,NA,NA,4,97,97,,,0,1,0,0,0,1,0,N,N,N,N,N,Y,N,12/6/2012,7:24 PM,227,22,N,N,NA,NA,19,,,1,1800,,ROSEWOOD,AVE,N,N,30,N,N,,Y,19,,,NA,1100,,CHICON,ST,NA,,,,,,11,4,4,NA,2,1,5,10:48 AM,DISPATCHED,10:55 AM,12/7/2012,N,74,12,34,48,8,5,1,3,64,54,1,5,1,21,21,227,22,30.2697,-97.71903,,,,NA,ROSEWOOD AVE,1899,NA,NA,NA,NA,NA,,,,CHICON ST,NA,NA,NA,NA,Y,N,N,2,9,Y,THU,NA,NA,NA,NA,NA,NA,NA,NA,NA,NA,NA,NA,NA,NA,NA,NA,NA,NA,NA,NA,NA,NA,NA,NA,NA,NA,NA,NA,NA,NA,NA,NA,NA,NA,NA,NA,NA,NA,NA,NA,NA,NA,NA,NA,NA,NA,NA,NA,NA,,,NA,NA,NA,NA,0,1,0,0,1,1,0,90,131402032,1314020321
13140416,AUS_13140416,30.25968006,-97.74590973,2,1,3,16,4,30,2,1,4,11,1,4,N,4,NA,NA,4,97,97,9/23/2012,4:42:00,0,0,0,0,0,0,1,Y,N,N,N,N,Y,N,9/23/2012,4:35 AM,227,22,N,Y,NA,NA,19,,,1,200,S,CONGRESS,AVE,N,N,35,N,N,,N,19,,,NA,,,BARTON SPRINGS,,NA,,,,,,11,4,0,NA,1,1,1,4:34 AM,DISPATCHED,4:40 AM,9/23/2012,Y,74,12,105,112,6,5,4,1,64,9,1,5,1,21,21,227,22,30.25968006,-97.74590973,,,,NA,S CONGRESS AVE,213,NA,NA,NA,NA,NA,,,,N/A,NA,NA,NA,NA,Y,N,N,4,9,Y,SUN,NA,NA,NA,NA,NA,NA,NA,NA,NA,NA,NA,NA,NA,NA,NA,NA,NA,NA,NA,NA,NA,NA,NA,NA,NA,NA,NA,NA,NA,NA,NA,NA,NA,NA,NA,NA,NA,NA,NA,NA,NA,NA,NA,NA,NA,NA,NA,NA,NA,,,NA,NA,NA,NA,0,0,1,0,0,1,1,90,131404162,1314041621
13252338,AUS_13252338,30.31567,-97.69159,2,1,3,16,1,34,1,1,4,11,1,4,N,4,NA,NA,4,97,97,,,1,0,0,0,0,1,0,N,N,N,N,N,N,N,12/2/2012,6:00 PM,227,22,N,N,NA,NA,19,,,1,,,WHELESS,LN,N,N,35,N,N,,Y,19,,,NA,,,BERKMAN,DR,NA,,,,,,11,4,2,NA,1,1,8,6:01 PM,DISPATCHED,6:04 PM,12/2/2012,Y,74,NA,158,95,8,5,1,3,64,54,1,5,1,21,21,227,22,30.31567,-97.69159,,,,NA,WHELESS LN,1700,NA,NA,NA,NA,NA,,,,BERKMAN DR,NA,NA,NA,NA,Y,N,N,1,9,Y,SUN,NA,NA,NA,NA,NA,NA,NA,NA,NA,NA,NA,NA,NA,NA,NA,NA,NA,NA,NA,NA,NA,NA,NA,NA,NA,NA,NA,NA,NA,NA,NA,NA,NA,NA,NA,NA,NA,NA,NA,NA,NA,NA,NA,NA,NA,NA,NA,NA,NA,,,NA,NA,NA,NA,1,0,0,1,0,1,0,90,132523382,1325233821
13252418,AUS_13252418,30.26533511,-97.74383523,2,1,3,16,5,NA,2,1,4,11,1,4,N,4,NA,NA,4,97,97,,,0,0,0,1,0,0,0,N,N,N,N,N,N,N,12/15/2012,2:27 AM,227,22,N,N,NA,NA,19,,,1,300,,CONGRESS,AVE,N,N,35,N,N,,N,19,,,NA,,E,3RD,ST,NA,,,,,,2,4,4,NA,1,2,5,2:27 AM,DISPATCH,2:29 AM,12/18/2012,Y,74,NA,120,14,8,5,4,1,64,3,1,5,1,21,21,227,22,30.26533511,-97.74383523,,,,NA,CONGRESS AVE,308,NA,NA,NA,NA,NA,,,,N/A,NA,NA,NA,NA,Y,N,N,3,9,Y,SAT,NA,NA,NA,NA,NA,NA,NA,NA,NA,NA,NA,NA,NA,NA,NA,NA,NA,NA,NA,NA,NA,NA,NA,NA,NA,NA,NA,NA,NA,NA,NA,NA,NA,NA,NA,NA,NA,NA,NA,NA,NA,NA,NA,NA,NA,NA,NA,NA,NA,,,NA,NA,NA,NA,0,0,1,1,1,1,0,90,132524182,1325241821
13436942,AUS_13436942,30.22875231,-97.75829713,2,1,3,16,5,27,1,1,4,11,1,2,N,4,NA,NA,4,97,97,,,0,0,0,1,0,0,0,N,N,N,N,N,N,N,12/9/2012,1:18 PM,227,22,N,N,NA,NA,19,,,1,200,,WOODWARD,ST,N,N,30,N,N,,N,19,,,NA,3400,S,CONGRESS,AVE,NA,,,,,,12,1,98,NA,1,1,1,1:18 PM,CALL FOR SERVICE,1:29 PM,12/9/2012,Y,74,NA,NA,90,8,5,3,2,64,13,1,5,1,32,21,227,22,30.22875231,-97.75829713,,,,NA,WOODWARD ST,217,NA,NA,NA,NA,NA,,,,N/A,NA,NA,NA,NA,N,N,N,5,9,Y,SUN,NA,NA,NA,NA,NA,NA,NA,NA,NA,NA,NA,NA,NA,NA,NA,NA,NA,NA,NA,NA,NA,NA,NA,NA,NA,NA,NA,NA,NA,NA,NA,NA,NA,NA,NA,NA,NA,NA,NA,NA,NA,NA,NA,NA,NA,NA,NA,NA,NA,,,NA,NA,NA,NA,0,0,0,1,1,0,0,90,134369422,1343694221
13450831,AUS_13450831,30.24448,-97.7577,2,1,3,16,2,32,1,1,4,11,1,1,N,4,NA,NA,4,97,97,,,0,1,0,0,0,1,0,N,N,N,N,N,N,N,10/15/2012,5:38 PM,227,22,N,Y,NA,NA,19,,,1,2200,S,1ST,ST,N,N,35,N,N,,Y,19,,,NA,,W,LIVE OAK,ST,NA,,,,,,11,1,4,NA,1,1,5,5:38 PM,DISPATCH,5:43 PM,10/15/2012,Y,74,NA,105,112,8,5,2,1,64,54,1,5,1,21,21,227,22,30.24448,-97.7577,,,,NA,S 1ST ST,2199,NA,NA,NA,NA,NA,,,,W LIVE OAK ST,NA,NA,NA,NA,Y,N,N,2,9,Y,MON,NA,NA,NA,NA,NA,NA,NA,NA,NA,NA,NA,NA,NA,NA,NA,NA,NA,NA,NA,NA,NA,NA,NA,NA,NA,NA,NA,NA,NA,NA,NA,NA,NA,NA,NA,NA,NA,NA,NA,NA,NA,NA,NA,NA,NA,NA,NA,NA,NA,,,NA,NA,NA,NA,0,1,0,1,0,1,0,90,134508312,1345083121
11862728,AUS_11862728,30.2115,-97.78936,2,1,3,16,3,14,2,1,4,11,1,4,N,4,NA,NA,4,97,97,,,0,0,1,0,0,1,0,N,N,N,N,N,N,N,1/4/2011,7:20 AM,227,1792,Y,N,NA,NA,19,,,1,,W,STASSNEY,LN,N,N,0,N,N,,Y,19,,,1,,,GOBI,DR,NA,,,,,,12,1,2,NA,1,1,8,7:21 AM,DISPATCHED,7:32 AM,1/4/2011,Y,74,NA,NA,290,8,5,2,1,64,54,1,4,1,21,21,227,22,30.2115,-97.78936,,,,NA,W STASSNEY LN,NA,NA,NA,NA,NA,NA,,,,GOBI DR,NA,NA,NA,NA,Y,N,N,3,9,Y,TUE,NA,NA,NA,NA,NA,NA,NA,NA,NA,NA,NA,NA,NA,NA,NA,NA,NA,NA,NA,NA,NA,NA,NA,NA,NA,NA,NA,NA,NA,NA,NA,NA,NA,NA,NA,NA,NA,NA,NA,NA,NA,NA,NA,NA,NA,NA,NA,NA,NA,,,NA,NA,NA,NA,0,0,1,1,0,1,0,90,118627282,1186272821
11863000,AUS_11863000,30.26581704,-97.74226992,2,1,3,16,2,23,1,1,4,11,1,1,N,4,NA,NA,4,97,97,,,0,1,0,0,0,1,0,N,N,N,N,N,N,N,1/6/2011,8:37 AM,227,22,N,N,NA,NA,19,,,1,100,E,4TH,ST,N,N,30,N,N,,N,19,,,1,400,,BRAZOS,ST,NA,,,,,,11,1,4,NA,1,1,8,8:38 AM,DISPATCH,8:46 AM,1/6/2011,Y,74,NA,NA,358,8,5,3,3,64,13,1,5,1,32,21,227,22,30.26581704,-97.74226992,,,,NA,E 4TH ST,191,NA,NA,NA,NA,NA,,,,N/A,NA,NA,NA,NA,Y,N,N,2,9,Y,THU,NA,NA,NA,NA,NA,NA,NA,NA,NA,NA,NA,NA,NA,NA,NA,NA,NA,NA,NA,NA,NA,NA,NA,NA,NA,NA,NA,NA,NA,NA,NA,NA,NA,NA,NA,NA,NA,NA,NA,NA,NA,NA,NA,NA,NA,NA,NA,NA,NA,,,NA,NA,NA,NA,0,1,0,1,0,1,0,90,118630002,1186300021
11868172,AUS_11868172,30.28602,-97.708,2,1,3,16,2,23,2,1,4,11,1,5,N,4,NA,NA,4,97,97,,,0,1,0,0,0,1,0,N,N,N,N,N,N,N,1/11/2011,5:40 PM,227,22,N,N,NA,NA,19,,,1,2900,,MANOR,RD,N,N,35,N,N,,Y,15,,,1,3400,,BANTON,RD,NA,,,,,,11,1,2,NA,2,1,16,5:48 PM,FLAGGED DOWN,5:48 PM,1/11/2011,Y,74,NA,NA,92,8,5,1,3,64,54,1,5,1,21,21,227,22,30.28602,-97.708,,,,NA,MANOR RD,2961,NA,NA,NA,NA,NA,,,,BANTON RD,NA,NA,NA,NA,Y,N,N,2,9,Y,TUE,NA,NA,NA,NA,NA,NA,NA,NA,NA,NA,NA,NA,NA,NA,NA,NA,NA,NA,NA,NA,NA,NA,NA,NA,NA,NA,NA,NA,NA,NA,NA,NA,NA,NA,NA,NA,NA,NA,NA,NA,NA,NA,NA,NA,NA,NA,NA,NA,NA,,,NA,NA,NA,NA,0,1,0,0,1,1,0,90,118681722,1186817221
11885695,AUS_11885695,30.269,-97.74247,2,1,3,16,5,25,1,2,4,11,1,2,N,4,NA,NA,4,97,97,,,0,0,0,1,0,0,0,N,N,N,N,N,N,N,1/26/2011,10:19 PM,227,22,N,N,NA,NA,19,,,1,600,,CONGRESS,AVE,N,N,35,N,N,,Y,19,,,1,,E,7TH,ST,NA,,,,,,11,4,4,NA,1,1,5,10:14 PM,DISPATCHED,10:21 PM,1/26/2011,Y,74,NA,8,531,8,5,2,1,64,54,1,5,1,21,21,227,22,30.269,-97.74247,,,,NA,CONGRESS AVE,701,NA,NA,NA,NA,NA,,,,W 7TH ST,NA,NA,NA,NA,N,N,N,5,9,Y,WED,NA,NA,NA,NA,NA,NA,NA,NA,NA,NA,NA,NA,NA,NA,NA,NA,NA,NA,NA,NA,NA,NA,NA,NA,NA,NA,NA,NA,NA,NA,NA,NA,NA,NA,NA,NA,NA,NA,NA,NA,NA,NA,NA,NA,NA,NA,NA,NA,NA,,,NA,NA,NA,NA,0,0,0,3,0,0,0,90,118856952,1188569521
11885758,AUS_11885758,30.30481,-97.71961,2,1,3,16,2,22,4,1,4,11,1,4,N,4,NA,NA,4,97,97,,,0,1,0,0,0,1,0,N,N,N,N,N,N,N,1/19/2011,9:40 PM,227,22,N,N,NA,NA,19,,,1,4400,,RED RIVER,ST,N,N,30,N,N,,Y,19,,,1,900,E,45TH,ST,NA,,,,,,11,4,4,NA,1,1,5,9:41 PM,DISPATCH,9:46 PM,1/19/2011,Y,74,NA,NA,NA,8,5,2,2,64,54,1,5,1,21,21,227,22,30.30481,-97.71961,,,,NA,RED RIVER ST,4501,NA,NA,NA,NA,NA,,,,E 45TH ST,NA,NA,NA,NA,Y,N,N,2,9,Y,WED,NA,NA,NA,NA,NA,NA,NA,NA,NA,NA,NA,NA,NA,NA,NA,NA,NA,NA,NA,NA,NA,NA,NA,NA,NA,NA,NA,NA,NA,NA,NA,NA,NA,NA,NA,NA,NA,NA,NA,NA,NA,NA,NA,NA,NA,NA,NA,NA,NA,,,NA,NA,NA,NA,0,1,0,1,0,1,0,90,118857582,1188575821
11885939,AUS_11885939,30.32212067,-97.70681763,2,1,3,16,3,32,2,1,4,11,1,3,N,4,NA,NA,4,97,97,,,0,0,1,0,0,1,0,N,N,N,N,N,N,N,1/19/2011,6:43 PM,227,22,N,N,NA,NA,1,35,,2,,N,IH 35 SB SVRD,HWY,N,N,45,N,N,,Y,19,,,2,,E,KOENIG,LN,NA,,,,,,11,4,0,2,1,1,5,6:44 PM,ON SITE,6:45 PM,1/19/2011,Y,74,NA,NA,281,8,5,1,1,64,54,2,1,1,21,21,227,22,30.32212067,-97.70681763,IH,35,,238.109,IH0035,NA,15,13,21.996,239,-0.045,US,290,,US0290,NA,NA,NA,NA,Y,Y,N,3,9,Y,WED,5,0,4,10,32,2,8,300,124,96,4,0,0,2,8,5,2,20,5,2,24,4,11,188830,2012,188830,2.5,6.7,9.2,NA,NA,NA,NA,NA,NA,NA,NA,NA,NA,NA,NA,NA,NA,NA,NA,NA,NA,NA,NA,,,NA,NA,NA,NA,0,0,1,1,0,1,0,90,118859392,1188593921
11886010,AUS_11886010,30.31119,-97.71339,2,1,3,16,3,25,1,1,4,11,1,2,N,4,NA,NA,4,97,97,,,0,0,1,0,0,1,0,N,N,N,N,N,N,N,1/25/2011,8:55 AM,227,22,N,Y,NA,NA,19,,,1,900,E,51ST,ST,N,N,30,N,N,GOOD BLACKTOP,Y,19,,,1,5100,,BENNETT,AVE,NA,,,,GOOD BLACKTOP,,11,1,4,NA,1,1,8,8:59 AM,RADIO,9:09 AM,1/25/2011,Y,74,NA,NA,125,8,5,1,1,64,54,1,5,1,21,21,227,22,30.31119,-97.71339,,,,NA,E 51ST ST,924,NA,NA,NA,NA,NA,,,,BENNETT AVE,NA,NA,NA,NA,Y,N,N,3,9,Y,TUE,NA,NA,NA,NA,NA,NA,NA,NA,NA,NA,NA,NA,NA,NA,NA,NA,NA,NA,NA,NA,NA,NA,NA,NA,NA,NA,NA,NA,NA,NA,NA,NA,NA,NA,NA,NA,NA,NA,NA,NA,NA,NA,NA,NA,NA,NA,NA,NA,NA,,,NA,NA,NA,NA,0,0,1,1,0,1,0,90,118860102,1188601021
11896907,AUS_11896907,30.26065,-97.69872,3,1,3,16,5,24,1,1,4,11,1,4,N,4,NA,NA,4,97,97,,,0,0,0,1,0,0,0,N,N,N,N,N,N,N,1/25/2011,6:27 PM,227,22,N,N,NA,NA,19,,,1,4600,,LYONS,RD,N,N,0,N,N,,Y,19,,,1,800,,SPRINGDALE,RD,NA,,,,,,11,1,4,NA,1,1,8,6:27 PM,DISPATCHED,6:32 PM,1/25/2011,Y,74,288,34,48,8,5,1,2,64,54,1,5,1,21,21,227,22,30.26065,-97.69872,,,,NA,LYONS RD,3698,NA,NA,NA,NA,NA,,,,SPRINGDALE RD,NA,NA,NA,NA,N,N,N,5,9,Y,TUE,NA,NA,NA,NA,NA,NA,NA,NA,NA,NA,NA,NA,NA,NA,NA,NA,NA,NA,NA,NA,NA,NA,NA,NA,NA,NA,NA,NA,NA,NA,NA,NA,NA,NA,NA,NA,NA,NA,NA,NA,NA,NA,NA,NA,NA,NA,NA,NA,NA,,,NA,NA,NA,NA,0,0,0,3,0,0,0,90,118969073,1189690731