CrashID,CrashID1,Latitude,Longitude,Unit_Nbr,Prsn_Nbr,Prsn_Type_ID,Prsn_Occpnt_Pos_ID,Prsn_Injry_Sev_ID,Prsn_Age,Prsn_Ethnicity_ID,Prsn_Gndr_ID,Prsn_Ejct_ID,Prsn_Rest_ID,Prsn_Airbag_ID,Prsn_Helmet_ID,Prsn_Sol_Fl,Prsn_Alc_Spec_Type_ID,Prsn_Alc_Rslt_ID,Prsn_Bac_Test_Rslt,Prsn_Drg_Spec_Type_ID,Prsn_Drg_Rslt_ID,Drvr_Drg_Cat_1_ID,Prsn_Death_Date,Prsn_Death_Time,Incap_Injry_Cnt.x,Nonincap_Injry_Cnt.x,Poss_Injry_Cnt.x,Non_Injry_Cnt.x,Unkn_Injry_Cnt.x,Tot_Injry_Cnt.x,Death_Cnt.x,Crash_Fatal_Fl,Cmv_Involv_Fl,Schl_Bus_Fl,Rr_Relat_Fl,Medical_Advisory_Fl,Amend_Supp_Fl,Active_School_Zone_Fl,Crash_Date,Crash_Time,Rpt_CRIS_Cnty_ID,Rpt_City_ID,Rpt_Outside_City_Limit_Fl,Thousand_Damage_Fl,Rpt_Latitude,Rpt_Longitude,Rpt_Rdwy_Sys_ID,Rpt_Hwy_Num,Rpt_Hwy_Sfx,Rpt_Road_Part_ID,Rpt_Block_Num,Rpt_Street_Pfx,Rpt_Street_Name,Rpt_Street_Sfx,Private_Dr_Fl,Toll_Road_Fl,Crash_Speed_Limit,Road_Constr_Zone_Fl,Road_Constr_Zone_Wrkr_Fl,Rpt_Street_Desc,At_Intrsct_Fl,Rpt_Sec_Rdwy_Sys_ID,Rpt_Sec_Hwy_Num,Rpt_Sec_Hwy_Sfx,Rpt_Sec_Road_Part_ID,Rpt_Sec_Block_Num,Rpt_Sec_Street_Pfx,Rpt_Sec_Street_Name,Rpt_Sec_Street_Sfx,Rpt_Ref_Mark_Offset_Amt,Rpt_Ref_Mark_Dist_Uom,Rpt_Ref_Mark_Dir,Rpt_Ref_Mark_Nbr,Rpt_Sec_Street_Desc,Rpt_CrossingNumber,Wthr_Cond_ID,Light_Cond_ID,Entr_Road_ID,Road_Type_ID,Road_Algn_ID,Surf_Cond_ID,Traffic_Cntl_ID,Investigat_Notify_Time,Investigat_Notify_Meth,Investigat_Arrv_Time,Report_Date,Investigat_Comp_Fl,Investigat_Agency_ID,Investigat_Area_ID,Investigat_District_ID,Investigat_Region_ID,Bridge_Detail_ID,Harm_Evnt_ID,Intrsct_Relat_ID,FHE_Collsn_ID,Obj_Struck_ID,Othr_Factr_ID,Road_Part_Adj_ID,Road_Cls_ID,Road_Relat_ID,Phys_Featr_1_ID,Phys_Featr_2_ID,Cnty_ID,City_ID,Latitude,Longitude,Hwy_Sys,Hwy_Nbr,Hwy_Sfx,Dfo,Street_Name,Street_Nbr,Control,Section,Milepoint,Ref_Mark_Nbr,Ref_Mark_Displ,Hwy_Sys_2,Hwy_Nbr_2,Hwy_Sfx_2,Street_Name_2,Street_Nbr_2,Control_2,Section_2,Milepoint_2,Txdot_Rptable_Fl,Onsys_Fl,Rural_Fl,Crash_Sev_ID,Pop_Group_ID,Located_Fl,Day_of_Week,Hwy_Dsgn_Lane_ID,Hwy_Dsgn_Hrt_ID,Hp_Shldr_Left,Hp_Shldr_Right,Hp_Median_Width,Base_Type_ID,Nbr_Of_Lane,Row_Width_Usual,Roadbed_Width,Surf_Width,Surf_Type_ID,Curb_Type_Left_ID,Curb_Type_Right_ID,Shldr_Type_Left_ID,Shldr_Width_Left,Shldr_Use_Left_ID,Shldr_Type_Right_ID,Shldr_Width_Right,Shldr_Use_Right_ID,Median_Type_ID,Median_Width,Rural_Urban_Type_ID,Func_Sys_ID,Adt_Curnt_Amt,Adt_Curnt_Year,Adt_Adj_Curnt_Amt,Pct_Single_Trk_Adt,Pct_Combo_Trk_Adt,Trk_Aadt_Pct,Curve_Type_ID,Curve_Lngth,Cd_Degr,Delta_Left_Right_ID,Dd_Degr,Feature_Crossed,Structure_Number,I_R_Min_Vert_Clear,Approach_Width,Bridge_Median_ID,Bridge_Loading_Type_ID,Bridge_Loading_In_1000_Lbs,Bridge_Srvc_Type_On_ID,Bridge_Srvc_Type_Under_ID,Culvert_Type_ID,Roadway_Width,Deck_Width,Bridge_Dir_Of_Traffic_ID,Bridge_Rte_Struct_Func_ID,Bridge_IR_Struct_Func_ID,CrossingNumber,RRCo,Poscrossing_ID,WDCode_ID,Standstop,Yield,Incap_Injry_Cnt.y,Nonincap_Injry_Cnt.y,Poss_Injry_Cnt.y,Non_Injry_Cnt.y,Unkn_Injry_Cnt.y,Tot_Injry_Cnt.y,Death_Cnt.y,MPO_ID,Unit_ID,Unit_Prsn_ID
11896907,AUS_11896907,30.26065,-97.69872,2,1,3,16,5,23,1,1,4,11,1,4,N,4,NA,NA,4,97,97,,,0,0,0,1,0,0,0,N,N,N,N,N,N,N,1/25/2011,6:27 PM,227,22,N,N,NA,NA,19,,,1,4600,,LYONS,RD,N,N,0,N,N,,Y,19,,,1,800,,SPRINGDALE,RD,NA,,,,,,11,1,4,NA,1,1,8,6:27 PM,DISPATCHED,6:32 PM,1/25/2011,Y,74,288,34,48,8,5,1,2,64,54,1,5,1,21,21,227,22,30.26065,-97.69872,,,,NA,LYONS RD,3698,NA,NA,NA,NA,NA,,,,SPRINGDALE RD,NA,NA,NA,NA,N,N,N,5,9,Y,TUE,NA,NA,NA,NA,NA,NA,NA,NA,NA,NA,NA,NA,NA,NA,NA,NA,NA,NA,NA,NA,NA,NA,NA,NA,NA,NA,NA,NA,NA,NA,NA,NA,NA,NA,NA,NA,NA,NA,NA,NA,NA,NA,NA,NA,NA,NA,NA,NA,NA,,,NA,NA,NA,NA,0,0,0,3,0,0,0,90,118969072,1189690721
11896911,AUS_11896911,30.30411543,-97.69933315,2,1,3,16,2,29,1,1,4,11,1,4,N,4,NA,NA,4,97,97,,,0,1,0,0,0,1,0,N,N,N,N,N,N,N,1/28/2011,7:07 PM,227,22,N,Y,NA,NA,19,,,1,1600,E,51ST,ST,N,N,40,N,N,,N,19,,,1,,,BERKMAN,DR,NA,,,,,,11,3,2,NA,1,1,16,7:07 PM,DISPATCHED,7:16 PM,1/28/2011,Y,74,NA,34,48,8,5,4,1,64,54,1,5,1,21,21,227,22,30.30411543,-97.69933315,,,,NA,E 51ST ST,1677,NA,NA,NA,NA,NA,,,,N/A,NA,NA,NA,NA,Y,N,N,2,9,Y,FRI,NA,NA,NA,NA,NA,NA,NA,NA,NA,NA,NA,NA,NA,NA,NA,NA,NA,NA,NA,NA,NA,NA,NA,NA,NA,NA,NA,NA,NA,NA,NA,NA,NA,NA,NA,NA,NA,NA,NA,NA,NA,NA,NA,NA,NA,NA,NA,NA,NA,,,NA,NA,NA,NA,0,1,1,2,0,2,0,90,118969112,1189691121
11897109,AUS_11897109,30.44393104,-97.74237431,2,1,3,16,3,16,1,1,4,11,1,2,N,4,NA,NA,4,97,97,,,0,0,1,0,0,1,0,N,N,N,N,N,N,N,1/27/2011,8:14 AM,227,22,N,Y,NA,NA,19,,,1,6208,,MCNEIL,DR,N,N,45,N,N,,N,19,,,1,,W,PARMER,LN,241,F,N,W,,,11,1,4,2,1,1,1,8:14 AM,DISPATCHED,8:14 AM,1/27/2011,Y,74,1,46,64,8,5,3,1,64,14,1,3,1,32,21,227,22,30.44393104,-97.74237431,FM,734,,7,FM0734,6103,3417,2,6.245,420,0.2,,,,N/A,NA,NA,NA,NA,Y,Y,N,3,9,Y,THU,3,0,10,10,40,2,4,200,94,48,4,0,0,2,14,5,2,20,5,3,26,4,14,28000,2012,28000,1.8,1.6,3.4,NA,NA,NA,NA,NA,NA,NA,NA,NA,NA,NA,NA,NA,NA,NA,NA,NA,NA,NA,NA,,,NA,NA,NA,NA,0,0,1,1,0,1,0,90,118971092,1189710921
11897301,AUS_11897301,30.23726558,-97.75485605,2,1,3,16,3,58,2,1,4,11,1,4,N,4,NA,NA,4,97,97,,,0,0,1,0,0,1,0,N,N,N,N,N,N,N,1/30/2011,3:00 PM,227,22,N,N,NA,NA,19,,,1,2500,S,CONGRESS,ST,N,N,40,N,N,,N,19,,,1,100,E,OHART,ST,NA,,,,,,11,1,2,NA,1,1,1,2:49 PM,DISPATCH,3:01 PM,1/30/2011,Y,74,NA,NA,32,8,5,3,1,64,14,1,5,1,32,21,227,22,30.23726558,-97.75485605,,,,NA,S CONGRESS AVE,2500,NA,NA,NA,NA,NA,,,,N/A,NA,NA,NA,NA,Y,N,N,3,9,Y,SUN,NA,NA,NA,NA,NA,NA,NA,NA,NA,NA,NA,NA,NA,NA,NA,NA,NA,NA,NA,NA,NA,NA,NA,NA,NA,NA,NA,NA,NA,NA,NA,NA,NA,NA,NA,NA,NA,NA,NA,NA,NA,NA,NA,NA,NA,NA,NA,NA,NA,,,NA,NA,NA,NA,0,0,1,1,0,1,0,90,118973012,1189730121
11912916,AUS_11912916,30.44221,-97.8043,1,1,3,16,2,66,1,1,4,11,1,1,N,4,NA,NA,4,97,97,,,0,1,0,0,0,1,0,N,N,N,N,N,N,N,2/6/2011,3:44 PM,227,22,N,Y,NA,NA,19,,,1,11500,,SPICEWOOD,PKWY,N,N,30,N,N,,Y,19,,,1,11500,,TIN CUP,DR,NA,,,,,,11,1,2,NA,1,1,8,3:45 PM,DISPATCH,3:46 PM,2/6/2011,Y,74,NA,46,64,8,5,2,3,64,54,1,5,1,21,21,227,22,30.44221,-97.8043,,,,NA,SPICEWOOD PKY,11533,NA,NA,NA,NA,NA,,,,TIN CUP DR,NA,NA,NA,NA,Y,N,N,2,9,Y,SUN,NA,NA,NA,NA,NA,NA,NA,NA,NA,NA,NA,NA,NA,NA,NA,NA,NA,NA,NA,NA,NA,NA,NA,NA,NA,NA,NA,NA,NA,NA,NA,NA,NA,NA,NA,NA,NA,NA,NA,NA,NA,NA,NA,NA,NA,NA,NA,NA,NA,,,NA,NA,NA,NA,0,1,0,2,0,1,0,90,119129161,1191291611
11912971,AUS_11912971,30.22806,-97.7612,2,1,3,16,2,27,2,1,4,11,1,4,N,4,NA,NA,4,97,97,,,0,1,0,0,0,1,0,N,N,N,N,N,N,N,2/6/2011,6:30 AM,227,22,N,N,NA,NA,19,,,1,3500,S,CONGRESS,AVE,N,N,0,N,N,,Y,19,,,1,100,W,ALPINE,RD,NA,,,,,,11,6,2,NA,1,1,1,6:51 AM,DISPATCH,6:57 AM,2/27/2011,Y,74,NA,NA,153,8,5,1,5,64,54,1,5,1,21,21,227,22,30.22806,-97.7612,,,,NA,S CONGRESS AVE,3599,NA,NA,NA,NA,NA,,,,W ALPINE RD,NA,NA,NA,NA,Y,N,N,2,9,Y,SUN,NA,NA,NA,NA,NA,NA,NA,NA,NA,NA,NA,NA,NA,NA,NA,NA,NA,NA,NA,NA,NA,NA,NA,NA,NA,NA,NA,NA,NA,NA,NA,NA,NA,NA,NA,NA,NA,NA,NA,NA,NA,NA,NA,NA,NA,NA,NA,NA,NA,,,NA,NA,NA,NA,0,1,0,0,1,1,0,90,119129712,1191297121
11912973,AUS_11912973,30.22697627,-97.70798254,2,1,3,16,2,22,2,1,4,11,1,4,N,4,NA,NA,4,97,97,,,0,1,0,0,0,1,0,N,N,N,N,N,N,N,2/6/2011,5:47 PM,227,22,N,N,NA,NA,19,,,1,5900,E,RIVERSIDE,DR,N,N,45,N,N,WB LANES,N,19,,,1,1900,,GROVE,BLVD,NA,,,,NB LANES,,11,1,4,NA,1,1,5,5:43 PM,DISPATCH,5:45 PM,2/6/2011,Y,74,20,98,129,8,5,2,1,64,16,1,5,1,21,21,227,22,30.22697627,-97.70798254,,,,NA,E RIVERSIDE DR,NA,NA,NA,NA,NA,NA,,,,GROVE BLVD,NA,NA,NA,NA,Y,N,N,2,9,Y,SUN,NA,NA,NA,NA,NA,NA,NA,NA,NA,NA,NA,NA,NA,NA,NA,NA,NA,NA,NA,NA,NA,NA,NA,NA,NA,NA,NA,NA,NA,NA,NA,NA,NA,NA,NA,NA,NA,NA,NA,NA,NA,NA,NA,NA,NA,NA,NA,NA,NA,,,NA,NA,NA,NA,0,1,0,2,0,1,0,90,119129732,1191297321
11920884,AUS_11920884,30.24361694,-97.7823178,2,1,3,16,5,48,1,1,4,11,1,2,N,4,NA,NA,4,97,97,,,0,0,0,1,0,0,0,N,N,N,N,N,N,N,2/10/2011,7:43 PM,227,22,N,N,NA,NA,19,,,1,,,BARTON SKYWAY,,N,N,0,N,N,,Y,19,,,1,,S,LAMAR,BLVD,NA,,,,,,11,4,4,3,1,1,5,7:43 PM,FLAGGED DOWN,7:43 PM,2/10/2011,N,74,22,105,112,8,5,1,1,64,54,1,2,1,21,21,227,22,30.24361694,-97.7823178,SL,343,,1.42,SL0343,2901,113,9,6.369,564,0.777,,,,BARTON SKWY,NA,NA,NA,NA,N,Y,N,5,9,Y,THU,2,0,0,0,0,2,4,100,60,48,4,1,1,1,0,0,1,0,0,0,0,4,14,39340,2012,39340,0.8,0.3,1.1,NA,NA,NA,NA,NA,NA,NA,NA,NA,NA,NA,NA,NA,NA,NA,NA,NA,NA,NA,NA,,,NA,NA,NA,NA,0,0,0,1,1,0,0,90,119208842,1192088421
11920945,AUS_11920945,30.23247,-97.75849,1,1,3,16,2,46,2,1,4,11,1,4,N,4,NA,NA,4,97,97,,,0,1,0,0,0,1,0,N,N,N,N,N,N,N,2/14/2011,9:59 AM,227,22,N,N,NA,NA,19,,,1,3000,S,CONGRESS,AVE,N,N,35,N,N,ASPHALT,N,19,,,1,,,LAVISTA,ST,NA,,,,,,11,1,0,NA,1,1,1,10:01 AM,DISPATCH,10:08 AM,2/14/2011,Y,74,NA,NA,NA,8,5,3,2,64,14,1,5,1,32,21,227,22,30.23247,-97.75849,,,,NA,S CONGRESS AVE,3000,NA,NA,NA,NA,NA,,,,N/A,NA,NA,NA,NA,Y,N,N,2,9,Y,MON,NA,NA,NA,NA,NA,NA,NA,NA,NA,NA,NA,NA,NA,NA,NA,NA,NA,NA,NA,NA,NA,NA,NA,NA,NA,NA,NA,NA,NA,NA,NA,NA,NA,NA,NA,NA,NA,NA,NA,NA,NA,NA,NA,NA,NA,NA,NA,NA,NA,,,NA,NA,NA,NA,0,1,0,1,0,1,0,90,119209451,1192094511
11920958,AUS_11920958,30.23766,-97.72574,1,1,3,16,2,27,1,2,4,11,1,5,N,4,NA,NA,4,97,97,,,0,1,0,0,0,1,0,N,N,N,N,N,N,N,2/14/2011,4:00 PM,227,22,N,N,NA,NA,19,,,1,1700,,WILLOW CREEK,DR,N,N,30,N,N,,Y,19,,,1,2300,E,RIVERSIDE,DR,NA,,,,,,11,1,3,NA,4,1,15,5:32 PM,DISPATCHED,5:34 PM,2/14/2011,Y,74,NA,41,274,8,5,2,1,64,54,1,5,1,21,21,227,22,30.23766,-97.72574,,,,NA,WILLOW CREEK DR,1601,NA,NA,NA,NA,NA,,,,E RIVERSIDE DR,NA,NA,NA,NA,Y,N,N,2,9,Y,MON,NA,NA,NA,NA,NA,NA,NA,NA,NA,NA,NA,NA,NA,NA,NA,NA,NA,NA,NA,NA,NA,NA,NA,NA,NA,NA,NA,NA,NA,NA,NA,NA,NA,NA,NA,NA,NA,NA,NA,NA,NA,NA,NA,NA,NA,NA,NA,NA,NA,,,NA,NA,NA,NA,0,1,0,0,1,1,0,90,119209581,1192095811
11920974,AUS_11920974,30.25842,-97.75011,2,1,3,16,5,21,1,1,4,11,1,4,N,4,NA,NA,4,97,97,,,0,0,0,1,0,0,0,N,N,N,N,N,N,N,2/15/2011,5:17 PM,227,22,N,N,NA,NA,19,,,1,,S,1ST,ST,N,N,35,N,N,,Y,19,,,1,,,BARTON SPRINGS,RD,NA,,,,,,11,1,4,NA,1,1,5,5:23 PM,DISPATCH,5:29 PM,2/15/2011,Y,74,12,105,112,8,5,2,2,64,54,1,5,1,21,21,227,22,30.25842,-97.75011,,,,NA,S 1ST ST,501,NA,NA,NA,NA,NA,,,,BARTON SPRINGS RD,NA,NA,NA,NA,N,N,N,5,9,Y,TUE,NA,NA,NA,NA,NA,NA,NA,NA,NA,NA,NA,NA,NA,NA,NA,NA,NA,NA,NA,NA,NA,NA,NA,NA,NA,NA,NA,NA,NA,NA,NA,NA,NA,NA,NA,NA,NA,NA,NA,NA,NA,NA,NA,NA,NA,NA,NA,NA,NA,,,NA,NA,NA,NA,0,0,0,2,0,0,0,90,119209742,1192097421
11942736,AUS_11942736,30.24172,-97.72833,2,1,3,16,2,29,1,1,4,11,1,4,N,4,NA,NA,4,97,97,,,0,1,0,0,0,1,0,N,N,N,N,N,N,N,2/21/2011,5:49 PM,227,22,N,N,NA,NA,19,,,1,1400,,ROYAL CREST,DR,N,N,35,N,N,,Y,19,,,1,1900,E,RIVERSIDE,DR,NA,,,,,,11,1,0,NA,1,1,5,5:49 PM,DISPATCHED,5:52 PM,2/21/2011,N,74,17,98,129,8,5,2,1,64,54,1,5,1,21,21,227,22,30.24172,-97.72833,,,,NA,ROYAL CREST DR,1401,NA,NA,NA,NA,NA,,,,E RIVERSIDE DR,NA,NA,NA,NA,Y,N,N,2,9,Y,MON,NA,NA,NA,NA,NA,NA,NA,NA,NA,NA,NA,NA,NA,NA,NA,NA,NA,NA,NA,NA,NA,NA,NA,NA,NA,NA,NA,NA,NA,NA,NA,NA,NA,NA,NA,NA,NA,NA,NA,NA,NA,NA,NA,NA,NA,NA,NA,NA,NA,,,NA,NA,NA,NA,0,1,0,0,1,1,0,90,119427362,1194273621
11943174,AUS_11943174,30.29316,-97.73602,2,1,3,16,3,NA,1,1,4,11,1,4,N,4,NA,NA,4,97,97,,,0,0,1,0,0,1,0,N,N,N,N,N,N,N,3/1/2011,9:09 AM,227,22,N,N,NA,NA,19,,,1,,E,30TH,ST,N,N,30,N,N,,Y,19,,,1,,,SPEEDWAY,,NA,,,,,,11,1,5,NA,2,1,8,9:10 AM,RADIO,9:22 AM,3/1/2011,Y,74,NA,NA,187,8,5,1,1,64,54,1,5,1,21,21,227,22,30.29316,-97.73602,,,,NA,E 30TH ST,298,NA,NA,NA,NA,NA,,,,SPEEDWAY,NA,NA,NA,NA,Y,N,N,3,9,Y,TUE,NA,NA,NA,NA,NA,NA,NA,NA,NA,NA,NA,NA,NA,NA,NA,NA,NA,NA,NA,NA,NA,NA,NA,NA,NA,NA,NA,NA,NA,NA,NA,NA,NA,NA,NA,NA,NA,NA,NA,NA,NA,NA,NA,NA,NA,NA,NA,NA,NA,,,NA,NA,NA,NA,0,0,1,1,0,1,0,90,119431742,1194317421
11943201,AUS_11943201,30.25955,-97.75348,2,1,3,16,0,47,1,2,4,11,1,2,N,4,NA,NA,4,97,97,,,0,0,0,0,1,0,0,N,N,N,N,N,N,N,2/28/2011,4:37 PM,227,22,N,N,30.25952,-97.75351,19,,,1,900,,BARTON SPRINGS,RD,N,N,35,N,N,,Y,19,,,1,500,,BOULDIN,AVE,NA,,,,,,11,1,2,NA,1,1,5,4:37 PM,DISPATCHED,4:41 PM,2/28/2011,Y,74,NA,105,112,8,5,2,1,64,54,1,5,1,21,21,227,22,30.25955,-97.75348,,,,NA,BARTON SPRINGS RD,NA,NA,NA,NA,NA,NA,,,,BOULDIN AVE,NA,NA,NA,NA,N,N,N,5,9,Y,MON,NA,NA,NA,NA,NA,NA,NA,NA,NA,NA,NA,NA,NA,NA,NA,NA,NA,NA,NA,NA,NA,NA,NA,NA,NA,NA,NA,NA,NA,NA,NA,NA,NA,NA,NA,NA,NA,NA,NA,NA,NA,NA,NA,NA,NA,NA,NA,NA,NA,,,NA,NA,NA,NA,0,0,0,1,1,0,0,90,119432012,1194320121
11943243,AUS_11943243,30.23178,-97.75893,2,1,3,16,1,19,1,1,4,11,1,3,N,4,NA,NA,4,97,97,,,1,0,0,0,0,1,0,N,N,N,N,N,N,N,2/25/2011,8:30 PM,227,22,N,Y,NA,NA,19,,,1,3000,S,CONGRES,AVE,N,N,35,N,N,,Y,19,,,1,100,,HAVANA,ST,NA,,,,,,11,3,2,NA,1,1,16,8:30 PM,DISPATCHED,8:33 PM,2/25/2011,Y,74,NA,105,112,8,5,1,3,64,54,1,5,1,21,21,227,22,30.23178,-97.75893,,,,NA,S CONGRESS AVE,3099,NA,NA,NA,NA,NA,,,,HAVANA ST,NA,NA,NA,NA,Y,N,N,1,9,Y,FRI,NA,NA,NA,NA,NA,NA,NA,NA,NA,NA,NA,NA,NA,NA,NA,NA,NA,NA,NA,NA,NA,NA,NA,NA,NA,NA,NA,NA,NA,NA,NA,NA,NA,NA,NA,NA,NA,NA,NA,NA,NA,NA,NA,NA,NA,NA,NA,NA,NA,,,NA,NA,NA,NA,1,0,0,1,0,1,0,90,119432432,1194324321
11943318,AUS_11943318,30.37741917,-97.75344354,2,1,3,16,2,46,1,1,4,11,1,3,N,4,NA,NA,4,97,97,,,0,1,0,0,0,1,0,N,N,N,N,N,N,N,2/24/2011,6:53 PM,227,22,N,Y,NA,NA,19,,,1,8500,,MESA,DR,N,N,35,N,N,,Y,19,,,1,4070,,CIERIA SERENA,,NA,,,,,,11,4,2,NA,1,1,11,6:55 PM,DISPATCHED,7:07 PM,11/24/2011,Y,74,NA,46,64,8,5,1,3,64,54,1,5,1,21,21,227,22,30.37741917,-97.75344354,,,,NA,MESA DR,8500,NA,NA,NA,NA,NA,,,,UNKNOWN,NA,NA,NA,NA,Y,N,N,2,9,Y,THU,NA,NA,NA,NA,NA,NA,NA,NA,NA,NA,NA,NA,NA,NA,NA,NA,NA,NA,NA,NA,NA,NA,NA,NA,NA,NA,NA,NA,NA,NA,NA,NA,NA,NA,NA,NA,NA,NA,NA,NA,NA,NA,NA,NA,NA,NA,NA,NA,NA,,,NA,NA,NA,NA,0,1,0,1,0,1,0,90,119433182,1194331821
11943356,AUS_11943356,30.28521,-97.74493,2,1,3,16,3,21,1,1,4,11,1,5,N,4,NA,NA,4,97,97,,,0,0,1,0,0,1,0,N,N,N,N,N,N,N,2/25/2011,7:02 PM,227,22,N,N,NA,NA,19,,,1,2200,,RIO GRANDE,ST,N,N,30,Y,N,,Y,19,,,1,600,W,22ND,ST,NA,,,,,,11,3,4,NA,1,1,8,5:02 PM,DISPATCH,5:08 PM,2/25/2011,Y,74,12,120,14,8,5,1,1,64,49,1,5,1,21,21,227,22,30.28521,-97.74493,,,,NA,RIO GRANDE ST,2201,NA,NA,NA,NA,NA,,,,W 22ND ST,NA,NA,NA,NA,Y,N,N,3,9,Y,FRI,NA,NA,NA,NA,NA,NA,NA,NA,NA,NA,NA,NA,NA,NA,NA,NA,NA,NA,NA,NA,NA,NA,NA,NA,NA,NA,NA,NA,NA,NA,NA,NA,NA,NA,NA,NA,NA,NA,NA,NA,NA,NA,NA,NA,NA,NA,NA,NA,NA,,,NA,NA,NA,NA,0,0,1,1,0,1,0,90,119433562,1194335621
11943391,AUS_11943391,30.4007,-97.74885,2,1,3,16,2,48,1,1,4,11,1,2,N,4,NA,NA,4,97,97,,,0,1,0,0,0,1,0,N,N,N,N,N,N,N,2/27/2011,11:25 AM,227,22,N,N,NA,NA,19,,,1,10400,N,JOLLYVILLE,RD,N,N,45,N,N,,Y,19,,,1,4800,W,BRAKER,LN,NA,,,,,,12,1,0,NA,1,2,5,11:25 AM,DISPATCH,11:28 AM,2/27/2011,Y,74,65,283,27,8,5,2,2,64,54,1,5,1,21,21,227,22,30.4007,-97.74885,,,,NA,JOLLYVILLE RD,10729,NA,NA,NA,NA,NA,,,,W BRAKER LN,NA,NA,NA,NA,Y,N,N,2,9,Y,SUN,NA,NA,NA,NA,NA,NA,NA,NA,NA,NA,NA,NA,NA,NA,NA,NA,NA,NA,NA,NA,NA,NA,NA,NA,NA,NA,NA,NA,NA,NA,NA,NA,NA,NA,NA,NA,NA,NA,NA,NA,NA,NA,NA,NA,NA,NA,NA,NA,NA,,,NA,NA,NA,NA,0,1,0,2,0,1,0,90,119433912,1194339121
11943402,AUS_11943402,30.45634,-97.80461,2,1,3,16,2,12,2,1,4,11,1,4,N,4,NA,NA,4,97,97,,,0,1,0,0,0,1,0,N,N,N,N,N,N,N,2/25/2011,7:36 PM,246,22,N,N,NA,NA,19,,,1,,,MILLWRIGHT,PKWY,N,N,30,N,N,,Y,19,,,1,,,LAKE CREEK,PKWY,NA,,,,,,11,3,4,NA,1,1,8,7:36 PM,DISPATCHED,8:03 PM,2/25/2011,Y,74,NA,131,62,8,5,2,1,64,54,1,5,1,21,21,246,22,30.45634,-97.80461,,,,NA,MILLWRIGHT PKY,NA,NA,NA,NA,NA,NA,,,,LAKE CREEK PKY,NA,NA,NA,NA,Y,N,N,2,9,Y,FRI,NA,NA,NA,NA,NA,NA,NA,NA,NA,NA,NA,NA,NA,NA,NA,NA,NA,NA,NA,NA,NA,NA,NA,NA,NA,NA,NA,NA,NA,NA,NA,NA,NA,NA,NA,NA,NA,NA,NA,NA,NA,NA,NA,NA,NA,NA,NA,NA,NA,,,NA,NA,NA,NA,0,1,0,1,0,1,0,90,119434022,1194340221
11947805,AUS_11947805,30.17922,-97.84106,2,1,3,16,3,1,2,1,4,11,1,5,Y,4,NA,NA,4,97,97,,,0,0,1,0,0,1,0,N,N,N,N,N,N,N,3/2/2011,7:30 PM,227,22,N,N,NA,NA,19,,,1,9900,,WEST GATE,BLVD,N,N,35,N,N,,Y,19,,,1,3000,W,SLAUGHTER,LN,NA,,,,,,11,4,2,NA,1,1,6,7:58 PM,DISPATCHED,8:01 PM,3/2/2011,Y,74,NA,NA,NA,8,5,1,2,64,54,1,5,1,21,21,227,22,30.17922,-97.84106,,,,NA,W GATE BLVD,NA,NA,NA,NA,NA,NA,,,,W SLAUGHTER LN,NA,NA,NA,NA,Y,N,N,3,9,Y,WED,NA,NA,NA,NA,NA,NA,NA,NA,NA,NA,NA,NA,NA,NA,NA,NA,NA,NA,NA,NA,NA,NA,NA,NA,NA,NA,NA,NA,NA,NA,NA,NA,NA,NA,NA,NA,NA,NA,NA,NA,NA,NA,NA,NA,NA,NA,NA,NA,NA,,,NA,NA,NA,NA,0,0,1,1,0,1,0,90,119478052,1194780521
11947808,AUS_11947808,30.25548712,-97.74750104,2,1,3,16,2,30,1,1,4,11,1,4,N,4,NA,NA,4,97,97,,,0,1,0,0,0,1,0,N,N,N,N,N,N,N,3/1/2011,3:00 PM,227,22,N,Y,NA,NA,19,,,1,80,,CONGRESS,AVE,N,N,30,N,N,,N,19,,,1,,,BARTON SPRINGS,RD,NA,,,,,,11,1,0,NA,1,1,11,3:00 PM,CAD,3:05 PM,3/1/2011,Y,74,NA,NA,126,8,5,4,1,64,54,1,5,1,21,21,227,22,30.25548712,-97.74750104,,,,NA,CONGRESS AVE S,650,NA,NA,NA,NA,NA,,,,N/A,NA,NA,NA,NA,Y,N,N,2,9,Y,TUE,NA,NA,NA,NA,NA,NA,NA,NA,NA,NA,NA,NA,NA,NA,NA,NA,NA,NA,NA,NA,NA,NA,NA,NA,NA,NA,NA,NA,NA,NA,NA,NA,NA,NA,NA,NA,NA,NA,NA,NA,NA,NA,NA,NA,NA,NA,NA,NA,NA,,,NA,NA,NA,NA,0,1,0,0,1,1,0,90,119478082,1194780821
11947835,AUS_11947835,30.36293,-97.66855,1,1,3,16,2,47,1,1,4,11,1,4,N,4,NA,NA,4,97,97,,,0,1,0,0,0,1,0,N,N,N,N,N,N,N,3/2/2011,5:19 PM,227,22,N,N,NA,NA,19,,,1,10300,,DESSAU,RD,N,N,0,N,N,,Y,19,,,1,1400,E,APPLEGATE,DR,NA,,,,,,11,1,2,NA,2,1,8,5:19 PM,DISPATCH,5:21 PM,3/2/2011,Y,74,NA,114,143,8,5,2,1,64,54,1,5,1,21,21,227,22,30.36293,-97.66855,,,,NA,DESSAU RD,NA,NA,NA,NA,NA,NA,,,,E APPLEGATE DR,NA,NA,NA,NA,Y,N,N,2,9,Y,WED,NA,NA,NA,NA,NA,NA,NA,NA,NA,NA,NA,NA,NA,NA,NA,NA,NA,NA,NA,NA,NA,NA,NA,NA,NA,NA,NA,NA,NA,NA,NA,NA,NA,NA,NA,NA,NA,NA,NA,NA,NA,NA,NA,NA,NA,NA,NA,NA,NA,,,NA,NA,NA,NA,0,1,0,2,0,1,0,90,119478351,1194783511