CrashID,CrashID1,Latitude,Longitude,Unit_Nbr,Prsn_Nbr,Prsn_Type_ID,Prsn_Occpnt_Pos_ID,Prsn_Injry_Sev_ID,Prsn_Age,Prsn_Ethnicity_ID,Prsn_Gndr_ID,Prsn_Ejct_ID,Prsn_Rest_ID,Prsn_Airbag_ID,Prsn_Helmet_ID,Prsn_Sol_Fl,Prsn_Alc_Spec_Type_ID,Prsn_Alc_Rslt_ID,Prsn_Bac_Test_Rslt,Prsn_Drg_Spec_Type_ID,Prsn_Drg_Rslt_ID,Drvr_Drg_Cat_1_ID,Prsn_Death_Date,Prsn_Death_Time,Incap_Injry_Cnt.x,Nonincap_Injry_Cnt.x,Poss_Injry_Cnt.x,Non_Injry_Cnt.x,Unkn_Injry_Cnt.x,Tot_Injry_Cnt.x,Death_Cnt.x,Crash_Fatal_Fl,Cmv_Involv_Fl,Schl_Bus_Fl,Rr_Relat_Fl,Medical_Advisory_Fl,Amend_Supp_Fl,Active_School_Zone_Fl,Crash_Date,Crash_Time,Rpt_CRIS_Cnty_ID,Rpt_City_ID,Rpt_Outside_City_Limit_Fl,Thousand_Damage_Fl,Rpt_Latitude,Rpt_Longitude,Rpt_Rdwy_Sys_ID,Rpt_Hwy_Num,Rpt_Hwy_Sfx,Rpt_Road_Part_ID,Rpt_Block_Num,Rpt_Street_Pfx,Rpt_Street_Name,Rpt_Street_Sfx,Private_Dr_Fl,Toll_Road_Fl,Crash_Speed_Limit,Road_Constr_Zone_Fl,Road_Constr_Zone_Wrkr_Fl,Rpt_Street_Desc,At_Intrsct_Fl,Rpt_Sec_Rdwy_Sys_ID,Rpt_Sec_Hwy_Num,Rpt_Sec_Hwy_Sfx,Rpt_Sec_Road_Part_ID,Rpt_Sec_Block_Num,Rpt_Sec_Street_Pfx,Rpt_Sec_Street_Name,Rpt_Sec_Street_Sfx,Rpt_Ref_Mark_Offset_Amt,Rpt_Ref_Mark_Dist_Uom,Rpt_Ref_Mark_Dir,Rpt_Ref_Mark_Nbr,Rpt_Sec_Street_Desc,Rpt_CrossingNumber,Wthr_Cond_ID,Light_Cond_ID,Entr_Road_ID,Road_Type_ID,Road_Algn_ID,Surf_Cond_ID,Traffic_Cntl_ID,Investigat_Notify_Time,Investigat_Notify_Meth,Investigat_Arrv_Time,Report_Date,Investigat_Comp_Fl,Investigat_Agency_ID,Investigat_Area_ID,Investigat_District_ID,Investigat_Region_ID,Bridge_Detail_ID,Harm_Evnt_ID,Intrsct_Relat_ID,FHE_Collsn_ID,Obj_Struck_ID,Othr_Factr_ID,Road_Part_Adj_ID,Road_Cls_ID,Road_Relat_ID,Phys_Featr_1_ID,Phys_Featr_2_ID,Cnty_ID,City_ID,Latitude,Longitude,Hwy_Sys,Hwy_Nbr,Hwy_Sfx,Dfo,Street_Name,Street_Nbr,Control,Section,Milepoint,Ref_Mark_Nbr,Ref_Mark_Displ,Hwy_Sys_2,Hwy_Nbr_2,Hwy_Sfx_2,Street_Name_2,Street_Nbr_2,Control_2,Section_2,Milepoint_2,Txdot_Rptable_Fl,Onsys_Fl,Rural_Fl,Crash_Sev_ID,Pop_Group_ID,Located_Fl,Day_of_Week,Hwy_Dsgn_Lane_ID,Hwy_Dsgn_Hrt_ID,Hp_Shldr_Left,Hp_Shldr_Right,Hp_Median_Width,Base_Type_ID,Nbr_Of_Lane,Row_Width_Usual,Roadbed_Width,Surf_Width,Surf_Type_ID,Curb_Type_Left_ID,Curb_Type_Right_ID,Shldr_Type_Left_ID,Shldr_Width_Left,Shldr_Use_Left_ID,Shldr_Type_Right_ID,Shldr_Width_Right,Shldr_Use_Right_ID,Median_Type_ID,Median_Width,Rural_Urban_Type_ID,Func_Sys_ID,Adt_Curnt_Amt,Adt_Curnt_Year,Adt_Adj_Curnt_Amt,Pct_Single_Trk_Adt,Pct_Combo_Trk_Adt,Trk_Aadt_Pct,Curve_Type_ID,Curve_Lngth,Cd_Degr,Delta_Left_Right_ID,Dd_Degr,Feature_Crossed,Structure_Number,I_R_Min_Vert_Clear,Approach_Width,Bridge_Median_ID,Bridge_Loading_Type_ID,Bridge_Loading_In_1000_Lbs,Bridge_Srvc_Type_On_ID,Bridge_Srvc_Type_Under_ID,Culvert_Type_ID,Roadway_Width,Deck_Width,Bridge_Dir_Of_Traffic_ID,Bridge_Rte_Struct_Func_ID,Bridge_IR_Struct_Func_ID,CrossingNumber,RRCo,Poscrossing_ID,WDCode_ID,Standstop,Yield,Incap_Injry_Cnt.y,Nonincap_Injry_Cnt.y,Poss_Injry_Cnt.y,Non_Injry_Cnt.y,Unkn_Injry_Cnt.y,Tot_Injry_Cnt.y,Death_Cnt.y,MPO_ID,Unit_ID,Unit_Prsn_ID
11947850,AUS_11947850,30.33193654,-97.74005145,2,1,3,16,1,19,1,2,4,11,2,5,N,4,NA,NA,4,97,97,,,1,0,0,0,0,1,0,N,N,N,N,N,N,N,3/3/2011,2:10 PM,227,22,N,N,NA,NA,19,,,1,5600,,BURNET,RD,N,N,45,N,N,,N,19,,,1,,,NORTHLAND,DR,NA,,,,,,11,1,2,NA,1,1,1,2:10 PM,CAD,2:10 PM,3/3/2011,Y,74,NA,65,178,8,5,4,1,64,54,1,2,1,21,21,227,22,30.33193654,-97.74005145,,,,NA,BURNET RD,5657,NA,NA,NA,NA,NA,,,,N/A,NA,NA,NA,NA,Y,N,N,1,9,Y,THU,NA,NA,NA,NA,NA,NA,NA,NA,NA,NA,NA,NA,NA,NA,NA,NA,NA,NA,NA,NA,NA,NA,NA,NA,NA,NA,NA,NA,NA,NA,NA,NA,NA,NA,NA,NA,NA,NA,NA,NA,NA,NA,NA,NA,NA,NA,NA,NA,NA,,,NA,NA,NA,NA,1,0,0,1,0,1,0,90,119478502,1194785021
11947928,AUS_11947928,30.2821206,-97.74318569,2,1,3,16,2,21,1,2,4,11,1,2,N,4,NA,NA,4,97,97,,,0,1,0,0,0,1,0,N,N,N,N,N,N,N,3/6/2011,5:21 PM,227,22,N,N,NA,NA,19,,,1,500,W,MLK JR,BLVD,N,N,35,N,N,,N,19,,,1,1800,,NUECES,ST,NA,,,,,,11,1,2,NA,1,1,1,5:21 PM,FLAGGED DOWN,5:21 PM,3/6/2011,Y,74,12,120,14,8,5,3,3,64,13,1,5,1,32,21,227,22,30.2821206,-97.74318569,,,,NA,SAN ANTONIO ST,1905,NA,NA,NA,NA,NA,,,,N/A,NA,NA,NA,NA,Y,N,N,2,9,Y,SUN,NA,NA,NA,NA,NA,NA,NA,NA,NA,NA,NA,NA,NA,NA,NA,NA,NA,NA,NA,NA,NA,NA,NA,NA,NA,NA,NA,NA,NA,NA,NA,NA,NA,NA,NA,NA,NA,NA,NA,NA,NA,NA,NA,NA,NA,NA,NA,NA,NA,,,NA,NA,NA,NA,0,1,0,1,0,1,0,90,119479282,1194792821
11948795,AUS_11948795,30.22429,-97.76312,2,1,3,16,2,32,1,1,4,11,1,4,N,4,NA,NA,4,97,97,,,0,1,0,0,0,1,0,N,N,N,N,N,N,N,3/7/2011,5:03 PM,227,22,N,N,NA,NA,19,,,1,3800,S,CONGRESS,AVE,N,N,40,N,N,,Y,19,,,1,,,DUNLAP,ST,NA,,,,,,11,1,2,NA,1,1,20,5:04 PM,DISPATCH,5:06 PM,3/7/2011,Y,74,17,105,112,8,5,1,1,64,54,1,5,1,21,21,227,22,30.22429,-97.76312,,,,NA,S CONGRESS AVE,3907,NA,NA,NA,NA,NA,,,,DUNLAP ST,NA,NA,NA,NA,Y,N,N,2,9,Y,MON,NA,NA,NA,NA,NA,NA,NA,NA,NA,NA,NA,NA,NA,NA,NA,NA,NA,NA,NA,NA,NA,NA,NA,NA,NA,NA,NA,NA,NA,NA,NA,NA,NA,NA,NA,NA,NA,NA,NA,NA,NA,NA,NA,NA,NA,NA,NA,NA,NA,,,NA,NA,NA,NA,0,1,0,1,0,1,0,90,119487952,1194879521
11948913,AUS_11948913,30.29338352,-97.71659803,2,1,3,16,2,51,1,1,4,11,1,1,N,4,NA,NA,4,97,97,,,0,1,0,0,0,1,0,N,N,N,N,N,N,N,3/4/2011,2:27 PM,227,22,N,Y,NA,NA,19,,,1,1300,E,38 12,ST,N,N,30,N,N,,N,19,,,1,3800,,LAFAYETTE,AVE,NA,,,,,,11,1,0,NA,1,1,1,2:27 PM,DISPATCH,2:30 PM,3/4/2011,Y,74,NA,NA,92,8,5,4,1,64,54,1,5,1,21,21,227,22,30.29338352,-97.71659803,,,,NA,E 38 12 ST,1359,NA,NA,NA,NA,NA,,,,N/A,NA,NA,NA,NA,Y,N,N,2,9,Y,FRI,NA,NA,NA,NA,NA,NA,NA,NA,NA,NA,NA,NA,NA,NA,NA,NA,NA,NA,NA,NA,NA,NA,NA,NA,NA,NA,NA,NA,NA,NA,NA,NA,NA,NA,NA,NA,NA,NA,NA,NA,NA,NA,NA,NA,NA,NA,NA,NA,NA,,,NA,NA,NA,NA,0,1,0,1,0,1,0,90,119489132,1194891321
11948949,AUS_11948949,30.40695566,-97.69742328,2,1,3,16,2,26,1,1,4,11,1,4,N,4,NA,NA,4,97,97,,,0,1,0,0,0,1,0,N,N,N,N,N,N,N,2/4/2011,7:36 PM,227,22,N,Y,NA,NA,19,,,1,12100,,METRIC,BLVD,N,N,30,N,N,,N,19,,,1,1900,,CEDAR BEND,DR,NA,,,,,,11,4,0,NA,2,6,1,7:36 PM,DISPATCHED,7:40 PM,2/4/2011,Y,74,NA,NA,214,8,5,3,1,64,14,1,5,1,32,21,227,22,30.40695566,-97.69742328,,,,NA,METRIC BLVD,NA,NA,NA,NA,NA,NA,,,,N/A,NA,NA,NA,NA,Y,N,N,2,9,Y,FRI,NA,NA,NA,NA,NA,NA,NA,NA,NA,NA,NA,NA,NA,NA,NA,NA,NA,NA,NA,NA,NA,NA,NA,NA,NA,NA,NA,NA,NA,NA,NA,NA,NA,NA,NA,NA,NA,NA,NA,NA,NA,NA,NA,NA,NA,NA,NA,NA,NA,,,NA,NA,NA,NA,0,1,0,1,0,1,0,90,119489492,1194894921
11949072,AUS_11949072,30.25891689,-97.75166989,2,1,3,16,2,29,1,2,4,11,1,3,N,4,NA,NA,4,97,97,,,0,1,0,0,0,1,0,N,N,N,N,N,N,N,3/9/2011,1:10 PM,227,22,N,N,NA,NA,19,,,1,600,,BARTON SPRINGS,RD,N,N,35,N,N,,N,19,,,1,,S,1ST,ST,NA,,,,,,11,1,0,NA,1,1,11,1:10 PM,CAD,1:13 PM,3/9/2011,Y,74,NA,NA,153,8,5,4,1,64,54,1,5,1,21,21,227,22,30.25891689,-97.75166989,,,,NA,BARTON SPRINGS RD,723,NA,NA,NA,NA,NA,,,,N/A,NA,NA,NA,NA,Y,N,N,2,9,Y,WED,NA,NA,NA,NA,NA,NA,NA,NA,NA,NA,NA,NA,NA,NA,NA,NA,NA,NA,NA,NA,NA,NA,NA,NA,NA,NA,NA,NA,NA,NA,NA,NA,NA,NA,NA,NA,NA,NA,NA,NA,NA,NA,NA,NA,NA,NA,NA,NA,NA,,,NA,NA,NA,NA,0,1,0,2,0,1,0,90,119490722,1194907221
11964113,AUS_11964113,30.26033,-97.7557,2,1,3,16,3,25,1,1,4,11,1,4,N,4,NA,NA,4,97,97,,,0,0,1,0,0,1,0,N,N,N,N,N,N,N,3/15/2011,9:32 PM,227,22,N,N,30.26035,-97.75574,19,,,1,1000,,DAWSON,RD,N,N,30,N,N,,Y,19,,,1,900,,BARTON SPRINGS,RD,NA,,,,,,11,4,4,NA,3,1,5,9:22 PM,DISPATCHED,9:29 PM,3/15/2011,Y,74,NA,105,112,8,5,1,3,64,54,1,5,1,21,21,227,22,30.26033,-97.7557,,,,NA,DAWSON RD,501,NA,NA,NA,NA,NA,,,,BARTON SPRINGS RD,NA,NA,NA,NA,Y,N,N,3,9,Y,TUE,NA,NA,NA,NA,NA,NA,NA,NA,NA,NA,NA,NA,NA,NA,NA,NA,NA,NA,NA,NA,NA,NA,NA,NA,NA,NA,NA,NA,NA,NA,NA,NA,NA,NA,NA,NA,NA,NA,NA,NA,NA,NA,NA,NA,NA,NA,NA,NA,NA,,,NA,NA,NA,NA,0,0,1,1,0,1,0,90,119641132,1196411321
11964728,AUS_11964728,30.28065227,-97.73813069,2,1,3,16,2,37,1,1,4,11,1,3,N,4,NA,NA,4,97,97,,,0,1,0,0,0,1,0,N,N,N,N,N,N,N,3/10/2011,8:46 AM,227,22,N,N,NA,NA,19,,,1,100,W,ML KING JR,BLVD,N,N,30,N,N,,Y,19,,,1,1800,,CONGRESS,AVE,NA,,,,,,11,1,2,NA,1,1,15,8:46 AM,ON SCENE,8:46 AM,3/10/2011,Y,74,NA,NA,187,8,5,2,3,64,54,1,5,1,21,21,227,22,30.28065227,-97.73813069,,,,NA,W MARTIN LUTHER KING JR BLVD,100,NA,NA,NA,NA,NA,,,,UNKNOWN,NA,NA,NA,NA,Y,N,N,2,9,Y,THU,NA,NA,NA,NA,NA,NA,NA,NA,NA,NA,NA,NA,NA,NA,NA,NA,NA,NA,NA,NA,NA,NA,NA,NA,NA,NA,NA,NA,NA,NA,NA,NA,NA,NA,NA,NA,NA,NA,NA,NA,NA,NA,NA,NA,NA,NA,NA,NA,NA,,,NA,NA,NA,NA,0,1,0,1,0,1,0,90,119647282,1196472821
11964756,AUS_11964756,30.20055924,-97.87848247,2,1,3,16,2,16,1,1,4,11,1,2,N,4,NA,NA,4,97,97,,,0,1,0,0,0,1,0,N,N,N,N,N,N,N,3/9/2011,8:46 AM,227,22,N,N,NA,NA,19,,,1,9700,,ESCARPMENT,BLVD,N,N,40,N,N,ASPHALT,N,19,,,1,5900,W,SLAUGHTER,LN,NA,,,,ASPHALT,,11,1,0,NA,1,1,5,8:46 AM,MDC,8:51 AM,3/9/2011,Y,74,1,105,112,8,5,1,1,64,54,1,5,1,21,21,227,22,30.20055924,-97.87848247,,,,NA,ESCARPMENT BLVD,NA,NA,NA,NA,NA,NA,,,,W SLAUGHTER LN,NA,NA,NA,NA,Y,N,N,2,9,Y,WED,NA,NA,NA,NA,NA,NA,NA,NA,NA,NA,NA,NA,NA,NA,NA,NA,NA,NA,NA,NA,NA,NA,NA,NA,NA,NA,NA,NA,NA,NA,NA,NA,NA,NA,NA,NA,NA,NA,NA,NA,NA,NA,NA,NA,NA,NA,NA,NA,NA,,,NA,NA,NA,NA,0,1,0,1,0,1,0,90,119647562,1196475621
11964863,AUS_11964863,30.2852,-97.77222,2,1,3,16,2,45,2,2,4,11,1,4,Y,4,NA,NA,4,97,97,,,0,1,0,0,0,1,0,N,N,N,N,N,N,N,3/12/2011,7:22 PM,227,22,N,N,NA,NA,19,,,1,1000,,WAYSIDE,DR,N,N,30,N,N,,Y,19,,,1,2400,,MARLTON,DR,NA,,,,,,11,3,4,NA,2,1,8,7:22 PM,CAD,7:28 PM,3/12/2011,Y,74,95,10,14,8,5,2,3,64,54,1,5,1,21,21,227,22,30.2852,-97.77222,,,,NA,WAYSIDE DR,1009,NA,NA,NA,NA,NA,,,,MARLTON DR,NA,NA,NA,NA,Y,N,N,2,9,Y,SAT,NA,NA,NA,NA,NA,NA,NA,NA,NA,NA,NA,NA,NA,NA,NA,NA,NA,NA,NA,NA,NA,NA,NA,NA,NA,NA,NA,NA,NA,NA,NA,NA,NA,NA,NA,NA,NA,NA,NA,NA,NA,NA,NA,NA,NA,NA,NA,NA,NA,,,NA,NA,NA,NA,0,1,0,1,0,1,0,90,119648632,1196486321
11964881,AUS_11964881,30.26640781,-97.75552911,2,1,3,16,2,17,1,2,4,11,1,4,N,4,NA,NA,4,97,97,,,0,1,0,0,0,1,0,N,N,N,N,N,N,N,3/11/2011,4:32 PM,227,22,N,N,NA,NA,19,,,1,,,SANDRA MURAIDA,WAY,N,N,30,N,N,,Y,19,,,1,,W,CESAR CHAVEZ,BLVD,NA,,,,,,11,1,2,3,1,1,5,4:32 PM,DISPATCH,4:40 PM,3/11/2011,Y,74,NA,NA,174,8,5,2,2,64,54,1,2,1,21,21,227,22,30.26640781,-97.75552911,SL,343,,3.849,SL0343,NA,113,12,5.066,568,-0.469,,,,W CESAR CHAVEZ ST,NA,NA,NA,NA,Y,Y,N,2,9,Y,FRI,2,0,0,7,0,2,4,74,51,44,4,0,0,1,0,0,2,7,5,0,0,4,14,35000,2012,35000,0.8,0.3,1.1,NA,NA,NA,NA,NA,NA,NA,NA,NA,NA,NA,NA,NA,NA,NA,NA,NA,NA,NA,NA,,,NA,NA,NA,NA,0,1,0,1,0,1,0,90,119648812,1196488121
11965811,AUS_11965811,30.26992,-97.74211,1,1,3,16,2,31,2,1,4,11,1,4,N,4,NA,NA,4,97,97,,,0,1,0,0,0,1,0,N,N,N,N,N,N,N,3/14/2011,8:36 PM,227,22,N,N,NA,NA,19,,,1,,N,CONGRESS,AVE,N,N,30,N,N,,Y,19,,,1,,W,8TH,ST,NA,,,,,,11,4,0,NA,2,1,5,8:36 PM,DISPATCH,8:42 PM,3/14/2011,Y,74,NA,115,144,8,5,1,1,64,54,1,5,1,21,21,227,22,30.26992,-97.74211,,,,NA,CONGRESS AVE,801,NA,NA,NA,NA,NA,,,,W 8TH ST,NA,NA,NA,NA,Y,N,N,2,9,Y,MON,NA,NA,NA,NA,NA,NA,NA,NA,NA,NA,NA,NA,NA,NA,NA,NA,NA,NA,NA,NA,NA,NA,NA,NA,NA,NA,NA,NA,NA,NA,NA,NA,NA,NA,NA,NA,NA,NA,NA,NA,NA,NA,NA,NA,NA,NA,NA,NA,NA,,,NA,NA,NA,NA,0,1,0,1,0,1,0,90,119658111,1196581111
11984632,AUS_11984632,30.25845953,-97.75032739,2,1,3,16,2,64,2,1,4,11,1,3,N,4,NA,NA,4,97,97,,,0,1,0,0,0,1,0,N,N,N,N,N,N,N,3/24/2011,1:36 PM,227,22,N,N,NA,NA,19,,,1,600,,BARTON SPRINGS,RD,N,N,35,N,N,,N,19,,,1,500,S,1ST,ST,NA,,,,,,11,1,0,NA,1,1,20,1:36 PM,DISPATCH,1:54 PM,3/24/2011,Y,74,12,105,112,8,5,4,1,64,54,1,5,1,21,21,227,22,30.25845953,-97.75032739,,,,NA,BARTON SPRINGS RD,619,NA,NA,NA,NA,NA,,,,N/A,NA,NA,NA,NA,Y,N,N,2,9,Y,THU,NA,NA,NA,NA,NA,NA,NA,NA,NA,NA,NA,NA,NA,NA,NA,NA,NA,NA,NA,NA,NA,NA,NA,NA,NA,NA,NA,NA,NA,NA,NA,NA,NA,NA,NA,NA,NA,NA,NA,NA,NA,NA,NA,NA,NA,NA,NA,NA,NA,,,NA,NA,NA,NA,0,1,0,1,0,1,0,90,119846322,1198463221
11984998,AUS_11984998,30.2672431,-97.73692849,2,1,3,16,3,24,1,1,4,11,1,4,N,4,NA,NA,4,97,97,,,0,0,1,0,0,1,0,N,N,N,N,N,N,N,3/16/2011,2:47 AM,227,22,N,Y,NA,NA,19,,,1,600,,RED RIVER,ST,N,N,30,N,N,,N,19,,,1,,E,7TH,ST,NA,,,,,,12,4,0,NA,1,1,5,2:47 AM,FLAGGED DOWN,2:47 AM,3/16/2011,Y,74,NA,115,144,8,5,4,1,64,54,1,5,1,21,21,227,22,30.2672431,-97.73692849,,,,NA,RED RIVER ST,660,NA,NA,NA,NA,NA,,,,N/A,NA,NA,NA,NA,Y,N,N,3,9,Y,WED,NA,NA,NA,NA,NA,NA,NA,NA,NA,NA,NA,NA,NA,NA,NA,NA,NA,NA,NA,NA,NA,NA,NA,NA,NA,NA,NA,NA,NA,NA,NA,NA,NA,NA,NA,NA,NA,NA,NA,NA,NA,NA,NA,NA,NA,NA,NA,NA,NA,,,NA,NA,NA,NA,0,0,3,1,0,3,0,90,119849982,1198499821
11985077,AUS_11985077,30.2666043,-97.73392099,2,1,3,16,2,22,1,1,4,11,1,4,N,4,NA,NA,4,97,97,,,0,1,0,0,0,1,0,N,N,N,N,N,N,N,3/20/2011,11:33 PM,227,22,N,Y,NA,NA,19,,,1,900,E,7TH,ST,N,N,35,N,N,,N,1,35,,2,700,N,IH 35 NB SVRD,,NA,,,,,,11,4,0,NA,2,1,1,11:33 PM,DISPATCH,11:40 PM,3/20/2011,N,74,NA,NA,359,8,5,4,1,64,54,1,5,1,21,21,227,22,30.2666043,-97.73392099,,,,NA,E 7TH ST,NA,NA,NA,NA,NA,NA,,,,N/A,NA,NA,NA,NA,Y,N,N,2,9,Y,SUN,NA,NA,NA,NA,NA,NA,NA,NA,NA,NA,NA,NA,NA,NA,NA,NA,NA,NA,NA,NA,NA,NA,NA,NA,NA,NA,NA,NA,NA,NA,NA,NA,NA,NA,NA,NA,NA,NA,NA,NA,NA,NA,NA,NA,NA,NA,NA,NA,NA,,,NA,NA,NA,NA,0,1,0,1,0,1,0,90,119850772,1198507721
11985088,AUS_11985088,30.15383219,-97.74268103,2,1,3,16,2,9,5,2,4,11,1,4,N,4,NA,NA,4,97,97,,,0,1,0,0,0,1,0,N,N,N,N,N,N,N,3/21/2011,5:49 PM,227,22,N,N,NA,NA,19,,,1,8400,,FALL MEADOW,LN,N,N,30,N,N,,N,19,,,1,,,DOYAL,DR,NA,,,,,,11,1,0,NA,1,1,1,5:49 PM,DISPATCH,5:53 PM,3/21/2011,Y,74,NA,169,130,8,5,2,1,64,54,1,5,1,21,21,227,22,30.15383219,-97.74268103,,,,NA,FALL MEADOW LN,8509,NA,NA,NA,NA,NA,,,,DOYAL DR,NA,NA,NA,NA,Y,N,N,2,9,Y,MON,NA,NA,NA,NA,NA,NA,NA,NA,NA,NA,NA,NA,NA,NA,NA,NA,NA,NA,NA,NA,NA,NA,NA,NA,NA,NA,NA,NA,NA,NA,NA,NA,NA,NA,NA,NA,NA,NA,NA,NA,NA,NA,NA,NA,NA,NA,NA,NA,NA,,,NA,NA,NA,NA,0,1,0,1,0,1,0,90,119850882,1198508821
11985102,AUS_11985102,30.38322,-97.76591,1,1,3,16,2,48,1,1,4,11,1,5,N,4,NA,NA,4,97,97,,,0,1,0,0,0,1,0,N,N,N,N,N,N,N,3/20/2011,9:10 AM,227,22,N,Y,NA,NA,19,,,1,5300,,SPICEWOOD SPRINGS,RD,N,N,0,N,N,,Y,19,,,1,8500,,ADIRONDACK,TRL,NA,,,,,,12,1,4,NA,1,1,20,9:11 AM,DISPATCHED,9:12 AM,3/20/2011,Y,74,12,46,64,8,5,2,1,64,54,1,5,1,21,21,227,22,30.38322,-97.76591,,,,NA,SPICEWOOD SPRINGS RD,5298,NA,NA,NA,NA,NA,,,,ADIRONDACK TRL,NA,NA,NA,NA,Y,N,N,2,9,Y,SUN,NA,NA,NA,NA,NA,NA,NA,NA,NA,NA,NA,NA,NA,NA,NA,NA,NA,NA,NA,NA,NA,NA,NA,NA,NA,NA,NA,NA,NA,NA,NA,NA,NA,NA,NA,NA,NA,NA,NA,NA,NA,NA,NA,NA,NA,NA,NA,NA,NA,,,NA,NA,NA,NA,0,1,0,1,0,1,0,90,119851021,1198510211
11985104,AUS_11985104,30.27632868,-97.76533735,2,1,3,16,2,NA,1,1,4,11,1,4,N,4,NA,NA,4,97,97,,,0,1,0,0,0,1,0,N,N,N,N,N,N,N,3/20/2011,1:02 AM,227,22,N,Y,NA,NA,19,,,1,1700,W,6TH,ST,N,N,35,N,N,,N,19,,,1,600,,AUGUSTA,AVE,NA,,,,,,11,4,0,NA,1,1,20,1:03 AM,DISPATCHED,1:09 AM,3/20/2011,Y,74,252,10,14,8,5,4,1,64,54,1,5,1,21,21,227,22,30.27632868,-97.76533735,,,,NA,W 6TH ST,1702,NA,NA,NA,NA,NA,,,,N/A,NA,NA,NA,NA,Y,N,N,2,9,Y,SUN,NA,NA,NA,NA,NA,NA,NA,NA,NA,NA,NA,NA,NA,NA,NA,NA,NA,NA,NA,NA,NA,NA,NA,NA,NA,NA,NA,NA,NA,NA,NA,NA,NA,NA,NA,NA,NA,NA,NA,NA,NA,NA,NA,NA,NA,NA,NA,NA,NA,,,NA,NA,NA,NA,0,2,0,0,1,2,0,90,119851042,1198510421
11985132,AUS_11985132,30.30269,-97.74472,2,1,3,16,2,26,1,1,4,11,1,4,N,4,NA,NA,4,97,97,,,0,1,0,0,0,1,0,N,N,N,N,N,N,N,3/19/2011,6:28 PM,227,22,N,Y,NA,NA,19,,,1,3400,N,LAMAR,BLVD,N,N,35,N,N,NO DEFECTS,Y,19,,,1,900,W,34TH,ST,NA,,,,,,11,1,4,NA,2,1,5,6:28 PM,DISPATCH,6:31 PM,3/19/2011,Y,74,NA,NA,NA,8,5,1,1,64,54,1,2,1,21,21,227,22,30.30269,-97.74472,,,,NA,N LAMAR BLVD,3399,NA,NA,NA,NA,NA,,,,UNKNOWN,NA,NA,NA,NA,Y,N,N,2,9,Y,SAT,NA,NA,NA,NA,NA,NA,NA,NA,NA,NA,NA,NA,NA,NA,NA,NA,NA,NA,NA,NA,NA,NA,NA,NA,NA,NA,NA,NA,NA,NA,NA,NA,NA,NA,NA,NA,NA,NA,NA,NA,NA,NA,NA,NA,NA,NA,NA,NA,NA,,,NA,NA,NA,NA,0,1,0,1,0,1,0,90,119851322,1198513221
11985143,AUS_11985143,30.35083808,-97.70915573,2,1,3,16,3,5,3,1,4,11,1,4,N,4,NA,NA,4,97,97,,,0,0,1,0,0,1,0,N,N,N,N,N,N,N,3/17/2011,7:31 PM,227,22,N,N,NA,NA,19,,,1,8200,N,LAMAR,BLVD,N,N,45,N,N,,Y,19,,,1,700,W,POWELL,LN,NA,,,,,,11,5,2,2,1,1,8,7:31 PM,DISPATCH,7:34 PM,3/17/2011,N,74,12,114,143,8,5,1,1,64,54,1,2,1,21,21,227,22,30.35083808,-97.70915573,SL,275,,5.684,SL0275,NA,15,11,6.811,436,-0.21,,,,W POWELL LN,NA,NA,NA,NA,Y,Y,N,3,9,Y,THU,4,0,1,10,14,2,4,125,70,48,4,0,0,2,2,5,2,20,5,3,12,4,14,36000,2012,36000,0.8,0.3,1.1,NA,NA,NA,NA,NA,NA,NA,NA,NA,NA,NA,NA,NA,NA,NA,NA,NA,NA,NA,NA,,,NA,NA,NA,NA,0,0,1,0,1,1,0,90,119851432,1198514321
11985251,AUS_11985251,30.41077,-97.69549,2,1,3,16,2,41,1,1,4,11,1,3,N,4,NA,NA,4,97,97,,,0,1,0,0,0,1,0,N,N,N,N,N,N,N,3/31/2011,6:50 AM,227,22,N,N,NA,NA,19,,,1,12300,,METRIC,BLVD,N,N,35,N,N,,Y,19,,,1,12300,,LAMPLIGHT VILLAGE,AVE,NA,,,,,,11,4,2,NA,1,1,5,6:50 AM,DISPATCH,6:52 AM,3/31/2011,Y,74,12,46,64,8,5,2,3,64,54,1,5,1,21,21,227,22,30.41077,-97.69549,,,,NA,METRIC BLVD,NA,NA,NA,NA,NA,NA,,,,LAMPLIGHT VILLAGE AVE,NA,NA,NA,NA,Y,N,N,2,9,Y,THU,NA,NA,NA,NA,NA,NA,NA,NA,NA,NA,NA,NA,NA,NA,NA,NA,NA,NA,NA,NA,NA,NA,NA,NA,NA,NA,NA,NA,NA,NA,NA,NA,NA,NA,NA,NA,NA,NA,NA,NA,NA,NA,NA,NA,NA,NA,NA,NA,NA,,,NA,NA,NA,NA,0,2,0,0,0,2,0,90,119852512,1198525121