CrashID,CrashID1,Latitude,Longitude,Unit_Nbr,Prsn_Nbr,Prsn_Type_ID,Prsn_Occpnt_Pos_ID,Prsn_Injry_Sev_ID,Prsn_Age,Prsn_Ethnicity_ID,Prsn_Gndr_ID,Prsn_Ejct_ID,Prsn_Rest_ID,Prsn_Airbag_ID,Prsn_Helmet_ID,Prsn_Sol_Fl,Prsn_Alc_Spec_Type_ID,Prsn_Alc_Rslt_ID,Prsn_Bac_Test_Rslt,Prsn_Drg_Spec_Type_ID,Prsn_Drg_Rslt_ID,Drvr_Drg_Cat_1_ID,Prsn_Death_Date,Prsn_Death_Time,Incap_Injry_Cnt.x,Nonincap_Injry_Cnt.x,Poss_Injry_Cnt.x,Non_Injry_Cnt.x,Unkn_Injry_Cnt.x,Tot_Injry_Cnt.x,Death_Cnt.x,Crash_Fatal_Fl,Cmv_Involv_Fl,Schl_Bus_Fl,Rr_Relat_Fl,Medical_Advisory_Fl,Amend_Supp_Fl,Active_School_Zone_Fl,Crash_Date,Crash_Time,Rpt_CRIS_Cnty_ID,Rpt_City_ID,Rpt_Outside_City_Limit_Fl,Thousand_Damage_Fl,Rpt_Latitude,Rpt_Longitude,Rpt_Rdwy_Sys_ID,Rpt_Hwy_Num,Rpt_Hwy_Sfx,Rpt_Road_Part_ID,Rpt_Block_Num,Rpt_Street_Pfx,Rpt_Street_Name,Rpt_Street_Sfx,Private_Dr_Fl,Toll_Road_Fl,Crash_Speed_Limit,Road_Constr_Zone_Fl,Road_Constr_Zone_Wrkr_Fl,Rpt_Street_Desc,At_Intrsct_Fl,Rpt_Sec_Rdwy_Sys_ID,Rpt_Sec_Hwy_Num,Rpt_Sec_Hwy_Sfx,Rpt_Sec_Road_Part_ID,Rpt_Sec_Block_Num,Rpt_Sec_Street_Pfx,Rpt_Sec_Street_Name,Rpt_Sec_Street_Sfx,Rpt_Ref_Mark_Offset_Amt,Rpt_Ref_Mark_Dist_Uom,Rpt_Ref_Mark_Dir,Rpt_Ref_Mark_Nbr,Rpt_Sec_Street_Desc,Rpt_CrossingNumber,Wthr_Cond_ID,Light_Cond_ID,Entr_Road_ID,Road_Type_ID,Road_Algn_ID,Surf_Cond_ID,Traffic_Cntl_ID,Investigat_Notify_Time,Investigat_Notify_Meth,Investigat_Arrv_Time,Report_Date,Investigat_Comp_Fl,Investigat_Agency_ID,Investigat_Area_ID,Investigat_District_ID,Investigat_Region_ID,Bridge_Detail_ID,Harm_Evnt_ID,Intrsct_Relat_ID,FHE_Collsn_ID,Obj_Struck_ID,Othr_Factr_ID,Road_Part_Adj_ID,Road_Cls_ID,Road_Relat_ID,Phys_Featr_1_ID,Phys_Featr_2_ID,Cnty_ID,City_ID,Latitude,Longitude,Hwy_Sys,Hwy_Nbr,Hwy_Sfx,Dfo,Street_Name,Street_Nbr,Control,Section,Milepoint,Ref_Mark_Nbr,Ref_Mark_Displ,Hwy_Sys_2,Hwy_Nbr_2,Hwy_Sfx_2,Street_Name_2,Street_Nbr_2,Control_2,Section_2,Milepoint_2,Txdot_Rptable_Fl,Onsys_Fl,Rural_Fl,Crash_Sev_ID,Pop_Group_ID,Located_Fl,Day_of_Week,Hwy_Dsgn_Lane_ID,Hwy_Dsgn_Hrt_ID,Hp_Shldr_Left,Hp_Shldr_Right,Hp_Median_Width,Base_Type_ID,Nbr_Of_Lane,Row_Width_Usual,Roadbed_Width,Surf_Width,Surf_Type_ID,Curb_Type_Left_ID,Curb_Type_Right_ID,Shldr_Type_Left_ID,Shldr_Width_Left,Shldr_Use_Left_ID,Shldr_Type_Right_ID,Shldr_Width_Right,Shldr_Use_Right_ID,Median_Type_ID,Median_Width,Rural_Urban_Type_ID,Func_Sys_ID,Adt_Curnt_Amt,Adt_Curnt_Year,Adt_Adj_Curnt_Amt,Pct_Single_Trk_Adt,Pct_Combo_Trk_Adt,Trk_Aadt_Pct,Curve_Type_ID,Curve_Lngth,Cd_Degr,Delta_Left_Right_ID,Dd_Degr,Feature_Crossed,Structure_Number,I_R_Min_Vert_Clear,Approach_Width,Bridge_Median_ID,Bridge_Loading_Type_ID,Bridge_Loading_In_1000_Lbs,Bridge_Srvc_Type_On_ID,Bridge_Srvc_Type_Under_ID,Culvert_Type_ID,Roadway_Width,Deck_Width,Bridge_Dir_Of_Traffic_ID,Bridge_Rte_Struct_Func_ID,Bridge_IR_Struct_Func_ID,CrossingNumber,RRCo,Poscrossing_ID,WDCode_ID,Standstop,Yield,Incap_Injry_Cnt.y,Nonincap_Injry_Cnt.y,Poss_Injry_Cnt.y,Non_Injry_Cnt.y,Unkn_Injry_Cnt.y,Tot_Injry_Cnt.y,Death_Cnt.y,MPO_ID,Unit_ID,Unit_Prsn_ID
11985296,AUS_11985296,30.26688542,-97.74590339,2,1,3,16,1,22,1,1,4,11,1,4,N,4,NA,NA,4,97,97,,,1,0,0,0,0,1,0,N,N,N,N,N,N,N,3/22/2011,8:08 PM,227,22,N,Y,NA,NA,19,,,1,400,,LAVACA,ST,N,N,30,N,N,,N,19,,,1,,W,4TH,ST,NA,,,,W 4TH ST,,11,4,4,NA,1,1,5,8:09 PM,DISPATCHED,8:10 PM,3/22/2011,N,74,NA,131,411,8,5,2,1,64,54,1,5,1,21,21,227,22,30.26688542,-97.74590339,,,,NA,LAVACA ST,401,NA,NA,NA,NA,NA,,,,W 4TH ST,NA,NA,NA,NA,Y,N,N,1,9,Y,TUE,NA,NA,NA,NA,NA,NA,NA,NA,NA,NA,NA,NA,NA,NA,NA,NA,NA,NA,NA,NA,NA,NA,NA,NA,NA,NA,NA,NA,NA,NA,NA,NA,NA,NA,NA,NA,NA,NA,NA,NA,NA,NA,NA,NA,NA,NA,NA,NA,NA,,,NA,NA,NA,NA,1,0,0,3,0,1,0,90,119852962,1198529621
11985304,AUS_11985304,30.26421974,-97.73299922,2,1,3,16,2,26,1,2,4,11,1,4,N,4,NA,NA,4,97,97,,,0,1,0,0,0,1,0,N,N,N,N,N,N,N,3/16/2011,5:06 PM,227,22,N,N,NA,NA,19,,,1,1000,E,5TH ST,ST,N,N,0,N,N,,N,19,,,1,500,,SAN MARCOS,ST,NA,,,,,,11,1,0,NA,1,1,8,5:06 PM,ON SCENE,5:06 PM,3/16/2011,Y,74,NA,41,21,8,5,2,2,64,54,1,5,1,21,21,227,22,30.26421974,-97.73299922,,,,NA,E 5TH ST,992,NA,NA,NA,NA,NA,,,,SAN MARCOS ST,NA,NA,NA,NA,Y,N,N,2,9,Y,WED,NA,NA,NA,NA,NA,NA,NA,NA,NA,NA,NA,NA,NA,NA,NA,NA,NA,NA,NA,NA,NA,NA,NA,NA,NA,NA,NA,NA,NA,NA,NA,NA,NA,NA,NA,NA,NA,NA,NA,NA,NA,NA,NA,NA,NA,NA,NA,NA,NA,,,NA,NA,NA,NA,0,1,0,1,0,1,0,90,119853042,1198530421
11985459,AUS_11985459,30.29151,-97.7715,2,1,3,16,0,31,1,1,4,11,1,4,N,4,NA,NA,4,97,97,,,0,0,0,0,1,0,0,N,N,N,N,N,N,N,3/21/2011,3:28 PM,227,22,N,Y,NA,NA,19,,,1,1700,,EXPOSITION,BLVD,N,N,35,N,N,,Y,19,,,1,2700,,BRIDLE,,NA,,,,,,11,1,3,NA,2,1,16,3:28 PM,DISPATCH,3:30 PM,3/21/2011,Y,74,NA,NA,107,8,5,1,3,64,54,1,5,1,21,21,227,22,30.29151,-97.7715,,,,NA,EXPOSITION BLVD,1599,NA,NA,NA,NA,NA,,,,BRIDLE PATH,NA,NA,NA,NA,Y,N,N,5,9,Y,MON,NA,NA,NA,NA,NA,NA,NA,NA,NA,NA,NA,NA,NA,NA,NA,NA,NA,NA,NA,NA,NA,NA,NA,NA,NA,NA,NA,NA,NA,NA,NA,NA,NA,NA,NA,NA,NA,NA,NA,NA,NA,NA,NA,NA,NA,NA,NA,NA,NA,,,NA,NA,NA,NA,0,0,0,1,1,0,0,90,119854592,1198545921
11985500,AUS_11985500,30.3525047,-97.79529467,2,1,3,16,2,40,2,2,4,11,1,1,N,4,NA,NA,4,97,97,,,0,1,0,0,0,1,0,N,N,N,N,N,N,N,3/20/2011,11:58 AM,227,22,N,N,NA,NA,11,360,,1,5400,N,CAPITAL OF TEXAS SB,HWY,N,N,55,N,N,N. CAPITAL OF TEXAS HWY SB,N,19,,,1,5900,W,COURTYARD,DR,NA,,,,,,12,1,0,2,1,1,20,11:58 AM,DISPATCHED,12:08 PM,3/20/2011,Y,74,NA,NA,107,8,5,2,1,64,54,1,2,1,21,21,227,22,30.3525047,-97.79529467,SL,360,,4.369,SL0360,NA,113,13,15.515,436,0.471,,,,COURTYARD DR,NA,NA,NA,NA,Y,Y,N,2,9,Y,SUN,3,0,4,10,68,2,4,291,76,48,4,0,0,2,8,5,2,20,5,3,60,4,14,45000,2012,45000,2.9,0.4,3.3,NA,NA,NA,NA,NA,NA,NA,NA,NA,NA,NA,NA,NA,NA,NA,NA,NA,NA,NA,NA,,,NA,NA,NA,NA,0,1,0,1,0,1,0,90,119855002,1198550021
11985531,AUS_11985531,30.24985,-97.7496,2,1,3,16,3,22,1,1,4,11,1,5,N,4,NA,NA,4,97,97,,,0,0,1,0,0,1,0,N,N,N,N,N,N,N,3/19/2011,3:54 PM,227,22,N,Y,NA,NA,19,,,2,,S,CONGRESS,AVE,N,N,0,N,N,,Y,19,,,2,,E,GIBSON,ST,NA,,,,,,11,1,2,NA,2,1,5,3:54 PM,DISPATCHED,4:02 PM,3/19/2011,Y,74,NA,105,112,8,5,1,3,64,54,2,5,1,21,21,227,22,30.24985,-97.7496,,,,NA,S CONGRESS AVE,1401,NA,NA,NA,NA,NA,,,,E GIBSON ST,NA,NA,NA,NA,Y,N,N,3,9,Y,SAT,NA,NA,NA,NA,NA,NA,NA,NA,NA,NA,NA,NA,NA,NA,NA,NA,NA,NA,NA,NA,NA,NA,NA,NA,NA,NA,NA,NA,NA,NA,NA,NA,NA,NA,NA,NA,NA,NA,NA,NA,NA,NA,NA,NA,NA,NA,NA,NA,NA,,,NA,NA,NA,NA,0,0,1,1,0,1,0,90,119855312,1198553121
11985571,AUS_11985571,30.2687,-97.72793,2,1,3,16,2,37,1,1,4,11,1,5,N,4,NA,NA,4,97,97,,,0,1,0,0,0,1,0,N,N,N,N,N,N,N,3/17/2011,6:40 PM,227,22,N,Y,NA,NA,19,,,1,1200,E,11TH,ST,N,N,30,N,N,TWO LANE ROAD,Y,19,,,1,1100,,LYDIA,ST,NA,,,,TWO LANE ROAD,,11,1,4,NA,1,1,1,6:40 PM,CALL FOR SERVICE,6:43 PM,3/17/2011,Y,74,NA,NA,NA,8,5,1,3,64,54,1,5,1,21,21,227,22,30.2687,-97.72793,,,,NA,E 11TH ST,1196,NA,NA,NA,NA,NA,,,,LYDIA ST,NA,NA,NA,NA,Y,N,N,2,9,Y,THU,NA,NA,NA,NA,NA,NA,NA,NA,NA,NA,NA,NA,NA,NA,NA,NA,NA,NA,NA,NA,NA,NA,NA,NA,NA,NA,NA,NA,NA,NA,NA,NA,NA,NA,NA,NA,NA,NA,NA,NA,NA,NA,NA,NA,NA,NA,NA,NA,NA,,,NA,NA,NA,NA,0,1,0,2,0,1,0,90,119855712,1198557121
12013062,AUS_12013062,30.26551,-97.74109,1,1,3,16,3,21,1,1,4,11,1,4,N,4,NA,NA,4,97,97,,,0,0,1,0,0,1,0,N,N,N,N,N,N,N,4/18/2011,2:57 PM,227,22,N,N,NA,NA,19,,,1,300,E,4TH,ST,N,N,30,N,N,2 LANE MK'D/PAVED,Y,19,,,1,300,,SAN JACINTO,ST,NA,,,,,,11,1,0,NA,1,1,8,2:57 PM,CAD,2:59 PM,4/18/2011,Y,74,NA,NA,NA,8,5,1,3,64,54,1,5,1,21,21,227,22,30.26551,-97.74109,,,,NA,E 4TH ST,298,NA,NA,NA,NA,NA,,,,SAN JACINTO BLVD,NA,NA,NA,NA,Y,N,N,3,9,Y,MON,NA,NA,NA,NA,NA,NA,NA,NA,NA,NA,NA,NA,NA,NA,NA,NA,NA,NA,NA,NA,NA,NA,NA,NA,NA,NA,NA,NA,NA,NA,NA,NA,NA,NA,NA,NA,NA,NA,NA,NA,NA,NA,NA,NA,NA,NA,NA,NA,NA,,,NA,NA,NA,NA,0,0,1,1,0,1,0,90,120130621,1201306211
12013086,AUS_12013086,30.22036,-97.76553,2,1,3,16,3,27,2,2,4,11,2,4,N,4,NA,NA,4,97,97,,,0,0,1,0,0,1,0,N,N,N,N,N,N,N,4/4/2011,8:27 AM,227,22,N,N,NA,NA,19,,,1,4222,S,CONGRESS,AVE,N,N,40,N,N,,Y,19,,,1,102,,INDUSTRIAL,BLVD,NA,,,,,,12,3,2,NA,1,2,5,8:27 AM,DISPATCHED,9:30 AM,4/4/2011,N,74,21,93,112,8,5,1,5,64,54,1,5,1,21,21,227,22,30.22036,-97.76553,,,,NA,S CONGRESS AVE,4227,NA,NA,NA,NA,NA,,,,INDUSTRIAL BLVD,NA,NA,NA,NA,Y,N,N,3,9,Y,MON,NA,NA,NA,NA,NA,NA,NA,NA,NA,NA,NA,NA,NA,NA,NA,NA,NA,NA,NA,NA,NA,NA,NA,NA,NA,NA,NA,NA,NA,NA,NA,NA,NA,NA,NA,NA,NA,NA,NA,NA,NA,NA,NA,NA,NA,NA,NA,NA,NA,,,NA,NA,NA,NA,0,0,1,0,1,1,0,90,120130862,1201308621
12013120,AUS_12013120,30.27476,-97.72012,2,1,3,16,5,23,1,1,4,11,1,4,N,4,NA,NA,4,97,97,,,0,0,0,1,0,0,0,N,N,N,N,N,N,N,4/6/2011,9:48 PM,227,22,N,N,NA,NA,19,,,1,1300,,CHICON,ST,N,N,30,N,N,ASPHALT,Y,19,,,1,1900,E,13TH,ST,NA,,,,,,11,4,4,NA,1,1,1,9:50 PM,FLAGGED DOWN,9:50 PM,4/6/2011,Y,74,64,34,48,8,5,1,3,64,54,1,5,1,21,21,227,22,30.27476,-97.72012,,,,NA,CHICON ST,1301,NA,NA,NA,NA,NA,,,,E 13TH ST,NA,NA,NA,NA,Y,N,N,2,9,Y,WED,NA,NA,NA,NA,NA,NA,NA,NA,NA,NA,NA,NA,NA,NA,NA,NA,NA,NA,NA,NA,NA,NA,NA,NA,NA,NA,NA,NA,NA,NA,NA,NA,NA,NA,NA,NA,NA,NA,NA,NA,NA,NA,NA,NA,NA,NA,NA,NA,NA,,,NA,NA,NA,NA,0,1,0,1,0,1,0,90,120131202,1201312021
12013126,AUS_12013126,30.24024,-97.74387,1,1,3,16,2,23,1,2,4,11,1,2,N,4,NA,NA,4,97,97,,,0,1,0,0,0,1,0,N,N,N,N,N,N,N,4/6/2011,9:18 AM,227,22,N,Y,NA,NA,19,,,1,2000,,TRAVIS HEIGHTS,BLVD,N,N,35,N,N,,Y,19,,,1,1000,,MARIPOSA,DR,NA,,,,,,12,1,98,NA,2,1,20,9:19 AM,DISPATCH,9:24 AM,4/6/2011,Y,74,NA,NA,NA,8,5,1,1,64,54,1,5,1,21,21,227,22,30.24024,-97.74387,,,,NA,TRAVIS HEIGHTS BLVD,2001,NA,NA,NA,NA,NA,,,,MARIPOSA DR,NA,NA,NA,NA,Y,N,N,2,9,Y,WED,NA,NA,NA,NA,NA,NA,NA,NA,NA,NA,NA,NA,NA,NA,NA,NA,NA,NA,NA,NA,NA,NA,NA,NA,NA,NA,NA,NA,NA,NA,NA,NA,NA,NA,NA,NA,NA,NA,NA,NA,NA,NA,NA,NA,NA,NA,NA,NA,NA,,,NA,NA,NA,NA,0,1,0,1,0,1,0,90,120131261,1201312611
12013148,AUS_12013148,30.27,-97.73148,2,1,3,16,5,22,1,1,4,11,1,4,N,4,NA,NA,4,97,97,,,0,0,0,1,0,0,0,N,N,N,N,N,N,N,3/17/2011,1:30 AM,227,22,N,N,NA,NA,19,,,1,1100,,BRANCH,ST,N,N,30,N,N,1100 BLK BRANCH ST,Y,19,,,1,1000,E,11TH,ST,NA,,,,,,11,4,2,NA,3,1,1,1:30 AM,DISPATCHED,1:35 AM,4/16/2011,Y,74,12,34,48,8,5,1,3,64,54,1,5,1,21,21,227,22,30.27,-97.73148,,,,NA,BRANCH ST,1101,NA,NA,NA,NA,NA,,,,E 11TH ST,NA,NA,NA,NA,N,N,N,5,9,Y,THU,NA,NA,NA,NA,NA,NA,NA,NA,NA,NA,NA,NA,NA,NA,NA,NA,NA,NA,NA,NA,NA,NA,NA,NA,NA,NA,NA,NA,NA,NA,NA,NA,NA,NA,NA,NA,NA,NA,NA,NA,NA,NA,NA,NA,NA,NA,NA,NA,NA,,,NA,NA,NA,NA,0,0,0,2,0,0,0,90,120131482,1201314821
12013196,AUS_12013196,30.36550749,-97.71814539,1,1,3,16,1,76,4,1,4,11,1,4,N,4,NA,NA,4,97,97,,,1,0,0,0,0,1,0,N,N,N,N,N,N,N,3/30/2011,2:46 PM,227,22,N,N,NA,NA,2,183,,2,8700,,RESEARCH SB SVRD,BLVD,N,N,50,N,N,,N,19,,,1,,,PAYTON GIN,RD,NA,,,,,,11,1,2,2,1,1,1,2:47 PM,DISPATCHED,2:51 PM,3/30/2011,Y,74,NA,46,64,8,5,4,1,64,54,2,2,1,21,21,227,22,30.36550749,-97.71814539,US,183,,316.381,US0183,8745,151,6,6.142,512,0.122,,,,N/A,NA,NA,NA,NA,Y,Y,N,1,9,Y,WED,5,0,10,10,28,2,6,260,112,72,4,0,0,2,20,5,2,20,5,2,8,4,12,122740,2012,122740,1.9,0.5,2.4,1,117,0,2,3,NA,NA,NA,NA,NA,NA,NA,NA,NA,NA,NA,NA,NA,NA,NA,,,NA,NA,NA,NA,1,0,0,2,0,1,0,90,120131961,1201319611
12013208,AUS_12013208,30.361,-97.74084,2,1,3,16,3,52,1,1,4,11,1,3,N,4,NA,NA,4,97,97,,,0,0,1,0,0,1,0,N,N,N,N,N,N,N,4/14/2011,4:07 PM,227,22,N,Y,NA,NA,19,,,1,3000,W,ANDERSON,LN,N,N,0,N,N,,Y,19,,,1,7800,,SHOAL CREEK,BLVD,NA,,,,,,11,1,0,NA,1,1,5,4:07 PM,DISPATCHED,4:15 PM,4/14/2011,Y,74,NA,NA,66,8,5,1,3,64,54,1,5,1,21,21,227,22,30.361,-97.74084,,,,NA,W ANDERSON LN,NA,NA,NA,NA,NA,NA,,,,SHOAL CREEK BLVD,NA,NA,NA,NA,Y,N,N,3,9,Y,THU,NA,NA,NA,NA,NA,NA,NA,NA,NA,NA,NA,NA,NA,NA,NA,NA,NA,NA,NA,NA,NA,NA,NA,NA,NA,NA,NA,NA,NA,NA,NA,NA,NA,NA,NA,NA,NA,NA,NA,NA,NA,NA,NA,NA,NA,NA,NA,NA,NA,,,NA,NA,NA,NA,0,0,1,1,0,1,0,90,120132082,1201320821
12013274,AUS_12013274,30.39840016,-97.71934314,1,1,3,16,1,35,1,1,4,11,1,3,N,4,NA,NA,4,97,97,,,1,0,0,0,0,1,0,N,N,N,N,N,N,N,3/23/2011,7:11 AM,227,22,N,Y,NA,NA,4,1325,,1,11300,,BURNET,RD,N,N,45,N,N,,Y,17,,,7,,,PRIVATE,DR,NA,,,,ESPERANZA XING,,11,3,4,3,1,1,5,7:11 AM,DISPATCHED,7:11 AM,3/23/2011,Y,74,155,201,237,8,5,1,1,64,54,1,3,1,21,21,227,22,30.39840016,-97.71934314,FM,1325,,6.364,FM1325,11341,1376,2,4.681,432,0.47,SL,1,,SL0001,NA,NA,NA,NA,Y,Y,N,1,9,Y,WED,2,0,0,0,0,2,4,120,62,62,4,1,1,1,0,0,1,0,0,0,0,4,16,35000,2012,35000,0.8,0.3,1.1,NA,NA,NA,NA,NA,NA,NA,NA,NA,NA,NA,NA,NA,NA,NA,NA,NA,NA,NA,NA,,,NA,NA,NA,NA,1,0,0,1,0,1,0,90,120132741,1201327411
12013345,AUS_12013345,30.26539766,-97.7476471,2,1,3,16,2,20,1,1,4,11,1,4,N,4,NA,NA,4,97,97,,,0,1,0,0,0,1,0,N,N,N,N,N,N,N,4/7/2011,2:51 PM,227,22,N,N,NA,NA,19,,,1,200,,GUADALUPE,ST,N,N,30,N,N,,N,19,,,1,,W,2ND,ST,NA,,,,,,11,1,0,NA,1,1,5,2:54 PM,DISPATCHED,2:56 PM,4/7/2011,Y,74,1,115,144,8,5,4,1,64,54,1,5,1,21,21,227,22,30.26539766,-97.7476471,,,,NA,GUADALUPE ST,213,NA,NA,NA,NA,NA,,,,N/A,NA,NA,NA,NA,Y,N,N,2,9,Y,THU,NA,NA,NA,NA,NA,NA,NA,NA,NA,NA,NA,NA,NA,NA,NA,NA,NA,NA,NA,NA,NA,NA,NA,NA,NA,NA,NA,NA,NA,NA,NA,NA,NA,NA,NA,NA,NA,NA,NA,NA,NA,NA,NA,NA,NA,NA,NA,NA,NA,,,NA,NA,NA,NA,0,1,0,2,0,1,0,90,120133452,1201334521
12013360,AUS_12013360,30.35420547,-97.74634106,1,1,3,16,2,28,1,1,4,11,1,3,N,4,NA,NA,4,97,97,,,0,1,0,0,0,1,0,N,N,N,N,N,N,N,4/7/2011,5:16 PM,227,22,N,Y,NA,NA,19,,,1,6900,,GREAT NORTHERN,BLVD,N,N,30,N,N,,N,19,,,1,3300,,PINECREST,DR,NA,,,,,,11,1,0,NA,1,1,1,5:16 PM,DISPATCHED,5:26 PM,4/7/2011,Y,74,NA,NA,NA,8,5,4,1,64,54,1,5,1,21,21,227,22,30.35420547,-97.74634106,,,,NA,GREAT NORTHERN BLVD,7269,NA,NA,NA,NA,NA,,,,N/A,NA,NA,NA,NA,Y,N,N,2,9,Y,THU,NA,NA,NA,NA,NA,NA,NA,NA,NA,NA,NA,NA,NA,NA,NA,NA,NA,NA,NA,NA,NA,NA,NA,NA,NA,NA,NA,NA,NA,NA,NA,NA,NA,NA,NA,NA,NA,NA,NA,NA,NA,NA,NA,NA,NA,NA,NA,NA,NA,,,NA,NA,NA,NA,0,1,0,1,0,1,0,90,120133601,1201336011
12013465,AUS_12013465,30.24693941,-97.77716524,2,1,3,16,3,49,1,2,4,11,1,4,N,4,NA,NA,4,97,97,,,0,0,1,0,0,1,0,N,N,N,N,N,N,N,4/8/2011,8:44 PM,227,22,N,N,NA,NA,19,,,2,,S,LAMAR,BLVD,N,N,35,N,N,,Y,19,,,1,,,BLUEBONNET,LN,NA,,,,,,11,4,2,3,1,1,5,8:44 PM,DISPATCHED,8:50 PM,4/8/2011,Y,74,NA,105,112,8,5,1,3,64,54,1,2,1,21,21,227,22,30.24693941,-97.77716524,SL,343,,1.805,SL0343,2421,113,9,6.74,566,-0.685,,,,BLUEBONNET LN,NA,NA,NA,NA,Y,Y,N,3,9,Y,FRI,2,0,0,0,0,2,4,80,60,48,4,1,1,1,0,0,1,0,0,0,0,4,14,39340,2012,39340,0.8,0.3,1.1,1,199,3,2,31,NA,NA,NA,NA,NA,NA,NA,NA,NA,NA,NA,NA,NA,NA,NA,,,NA,NA,NA,NA,0,0,1,1,0,1,0,90,120134652,1201346521
12013535,AUS_12013535,30.2208,-97.79407,2,1,3,16,2,27,1,2,4,11,1,2,N,4,NA,NA,4,97,97,,,0,1,0,0,0,1,0,N,N,N,N,N,N,N,4/7/2011,8:36 AM,227,22,N,Y,NA,NA,19,,,1,,,MANCHACA,RD,N,N,0,N,N,,Y,19,,,1,,,JONES,RD,NA,,,,,,11,1,4,NA,2,1,5,8:36 AM,DISPATCHED,8:39 AM,4/7/2011,Y,74,NA,NA,NA,8,5,1,1,64,54,1,5,1,21,21,227,22,30.2208,-97.79407,,,,NA,MANCHACA RD,5099,NA,NA,NA,NA,NA,,,,JONES RD,NA,NA,NA,NA,Y,N,N,2,9,Y,THU,NA,NA,NA,NA,NA,NA,NA,NA,NA,NA,NA,NA,NA,NA,NA,NA,NA,NA,NA,NA,NA,NA,NA,NA,NA,NA,NA,NA,NA,NA,NA,NA,NA,NA,NA,NA,NA,NA,NA,NA,NA,NA,NA,NA,NA,NA,NA,NA,NA,,,NA,NA,NA,NA,0,1,0,0,1,1,0,90,120135352,1201353521
12013639,AUS_12013639,30.39880087,-97.70419869,1,1,3,16,3,26,1,2,4,11,1,4,N,4,NA,NA,4,97,97,,,0,0,1,0,0,1,0,N,N,N,N,N,N,N,3/26/2011,9:10 PM,227,22,N,Y,30.39878999,-97.70405,19,,,1,11900,,METRIC,BLVD,N,N,0,N,N,,N,19,,,1,1900,,GRACY FARMS,LN,NA,,,,,,11,5,0,NA,1,1,1,9:10 PM,FLAGGED DOWN,9:10 PM,3/26/2011,Y,74,22,114,143,8,5,4,1,64,54,1,5,1,21,21,227,22,30.39880087,-97.70419869,,,,NA,METRIC BLVD,NA,NA,NA,NA,NA,NA,,,,N/A,NA,NA,NA,NA,Y,N,N,3,9,Y,SAT,NA,NA,NA,NA,NA,NA,NA,NA,NA,NA,NA,NA,NA,NA,NA,NA,NA,NA,NA,NA,NA,NA,NA,NA,NA,NA,NA,NA,NA,NA,NA,NA,NA,NA,NA,NA,NA,NA,NA,NA,NA,NA,NA,NA,NA,NA,NA,NA,NA,,,NA,NA,NA,NA,0,0,1,1,0,1,0,90,120136391,1201363911
12013763,AUS_12013763,30.20463,-97.83012,2,1,3,16,2,52,1,2,4,11,1,3,N,4,NA,NA,4,97,97,,,0,1,0,0,0,1,0,N,N,N,N,N,N,N,4/3/2011,11:04 AM,227,22,N,Y,NA,NA,19,,,1,7600,,CLYDESDALE,DR,N,N,25,N,N,,N,19,,,1,,,HARPERS FERRY,LN,NA,,,,,,11,1,2,NA,1,1,1,11:05 AM,DISPATCHED,11:10 AM,4/3/2011,Y,74,NA,NA,321,8,5,2,2,64,54,1,5,1,21,21,227,22,30.20463,-97.83012,,,,NA,CLYDESDALE DR,7600,NA,NA,NA,NA,NA,,,,UNKNOWN,NA,NA,NA,NA,Y,N,N,2,9,Y,SUN,NA,NA,NA,NA,NA,NA,NA,NA,NA,NA,NA,NA,NA,NA,NA,NA,NA,NA,NA,NA,NA,NA,NA,NA,NA,NA,NA,NA,NA,NA,NA,NA,NA,NA,NA,NA,NA,NA,NA,NA,NA,NA,NA,NA,NA,NA,NA,NA,NA,,,NA,NA,NA,NA,0,1,0,2,0,1,0,90,120137632,1201376321
12014446,AUS_12014446,30.37041198,-97.65650439,2,1,3,16,3,21,2,2,4,11,1,2,N,4,NA,NA,4,97,97,,,0,0,1,0,0,1,0,N,N,N,N,N,N,N,4/5/2011,6:54 AM,227,1792,Y,Y,NA,NA,19,,,1,11000,N,SPRINKLE CUTOFF,RD,N,N,30,N,N,,N,19,,,NA,,,TRAIL WEARY,DR,NA,,,,,,12,2,0,NA,5,1,1,6:54 AM,DISPATCHED,7:09 AM,4/5/2011,Y,2292,NA,8,174,8,5,4,1,64,54,1,4,1,21,21,227,22,30.37041198,-97.65650439,,,,NA,SPRINKLE CUT OFF RD,11529,NA,NA,NA,NA,NA,,,,N/A,NA,NA,NA,NA,Y,N,N,3,9,Y,TUE,NA,NA,NA,NA,NA,NA,NA,NA,NA,NA,NA,NA,NA,NA,NA,NA,NA,NA,NA,NA,NA,NA,NA,NA,NA,NA,NA,NA,NA,NA,NA,NA,NA,NA,NA,NA,NA,NA,NA,NA,NA,NA,NA,NA,NA,NA,NA,NA,NA,,,NA,NA,NA,NA,0,0,1,1,0,1,0,90,120144462,1201444621