CrashID,CrashID1,Latitude,Longitude,Unit_Nbr,Prsn_Nbr,Prsn_Type_ID,Prsn_Occpnt_Pos_ID,Prsn_Injry_Sev_ID,Prsn_Age,Prsn_Ethnicity_ID,Prsn_Gndr_ID,Prsn_Ejct_ID,Prsn_Rest_ID,Prsn_Airbag_ID,Prsn_Helmet_ID,Prsn_Sol_Fl,Prsn_Alc_Spec_Type_ID,Prsn_Alc_Rslt_ID,Prsn_Bac_Test_Rslt,Prsn_Drg_Spec_Type_ID,Prsn_Drg_Rslt_ID,Drvr_Drg_Cat_1_ID,Prsn_Death_Date,Prsn_Death_Time,Incap_Injry_Cnt.x,Nonincap_Injry_Cnt.x,Poss_Injry_Cnt.x,Non_Injry_Cnt.x,Unkn_Injry_Cnt.x,Tot_Injry_Cnt.x,Death_Cnt.x,Crash_Fatal_Fl,Cmv_Involv_Fl,Schl_Bus_Fl,Rr_Relat_Fl,Medical_Advisory_Fl,Amend_Supp_Fl,Active_School_Zone_Fl,Crash_Date,Crash_Time,Rpt_CRIS_Cnty_ID,Rpt_City_ID,Rpt_Outside_City_Limit_Fl,Thousand_Damage_Fl,Rpt_Latitude,Rpt_Longitude,Rpt_Rdwy_Sys_ID,Rpt_Hwy_Num,Rpt_Hwy_Sfx,Rpt_Road_Part_ID,Rpt_Block_Num,Rpt_Street_Pfx,Rpt_Street_Name,Rpt_Street_Sfx,Private_Dr_Fl,Toll_Road_Fl,Crash_Speed_Limit,Road_Constr_Zone_Fl,Road_Constr_Zone_Wrkr_Fl,Rpt_Street_Desc,At_Intrsct_Fl,Rpt_Sec_Rdwy_Sys_ID,Rpt_Sec_Hwy_Num,Rpt_Sec_Hwy_Sfx,Rpt_Sec_Road_Part_ID,Rpt_Sec_Block_Num,Rpt_Sec_Street_Pfx,Rpt_Sec_Street_Name,Rpt_Sec_Street_Sfx,Rpt_Ref_Mark_Offset_Amt,Rpt_Ref_Mark_Dist_Uom,Rpt_Ref_Mark_Dir,Rpt_Ref_Mark_Nbr,Rpt_Sec_Street_Desc,Rpt_CrossingNumber,Wthr_Cond_ID,Light_Cond_ID,Entr_Road_ID,Road_Type_ID,Road_Algn_ID,Surf_Cond_ID,Traffic_Cntl_ID,Investigat_Notify_Time,Investigat_Notify_Meth,Investigat_Arrv_Time,Report_Date,Investigat_Comp_Fl,Investigat_Agency_ID,Investigat_Area_ID,Investigat_District_ID,Investigat_Region_ID,Bridge_Detail_ID,Harm_Evnt_ID,Intrsct_Relat_ID,FHE_Collsn_ID,Obj_Struck_ID,Othr_Factr_ID,Road_Part_Adj_ID,Road_Cls_ID,Road_Relat_ID,Phys_Featr_1_ID,Phys_Featr_2_ID,Cnty_ID,City_ID,Latitude,Longitude,Hwy_Sys,Hwy_Nbr,Hwy_Sfx,Dfo,Street_Name,Street_Nbr,Control,Section,Milepoint,Ref_Mark_Nbr,Ref_Mark_Displ,Hwy_Sys_2,Hwy_Nbr_2,Hwy_Sfx_2,Street_Name_2,Street_Nbr_2,Control_2,Section_2,Milepoint_2,Txdot_Rptable_Fl,Onsys_Fl,Rural_Fl,Crash_Sev_ID,Pop_Group_ID,Located_Fl,Day_of_Week,Hwy_Dsgn_Lane_ID,Hwy_Dsgn_Hrt_ID,Hp_Shldr_Left,Hp_Shldr_Right,Hp_Median_Width,Base_Type_ID,Nbr_Of_Lane,Row_Width_Usual,Roadbed_Width,Surf_Width,Surf_Type_ID,Curb_Type_Left_ID,Curb_Type_Right_ID,Shldr_Type_Left_ID,Shldr_Width_Left,Shldr_Use_Left_ID,Shldr_Type_Right_ID,Shldr_Width_Right,Shldr_Use_Right_ID,Median_Type_ID,Median_Width,Rural_Urban_Type_ID,Func_Sys_ID,Adt_Curnt_Amt,Adt_Curnt_Year,Adt_Adj_Curnt_Amt,Pct_Single_Trk_Adt,Pct_Combo_Trk_Adt,Trk_Aadt_Pct,Curve_Type_ID,Curve_Lngth,Cd_Degr,Delta_Left_Right_ID,Dd_Degr,Feature_Crossed,Structure_Number,I_R_Min_Vert_Clear,Approach_Width,Bridge_Median_ID,Bridge_Loading_Type_ID,Bridge_Loading_In_1000_Lbs,Bridge_Srvc_Type_On_ID,Bridge_Srvc_Type_Under_ID,Culvert_Type_ID,Roadway_Width,Deck_Width,Bridge_Dir_Of_Traffic_ID,Bridge_Rte_Struct_Func_ID,Bridge_IR_Struct_Func_ID,CrossingNumber,RRCo,Poscrossing_ID,WDCode_ID,Standstop,Yield,Incap_Injry_Cnt.y,Nonincap_Injry_Cnt.y,Poss_Injry_Cnt.y,Non_Injry_Cnt.y,Unkn_Injry_Cnt.y,Tot_Injry_Cnt.y,Death_Cnt.y,MPO_ID,Unit_ID,Unit_Prsn_ID
12059623,AUS_12059623,30.29316,-97.73602,2,1,3,16,3,30,1,1,4,11,1,4,N,4,NA,NA,4,97,97,,,0,0,1,0,0,1,0,N,N,N,N,N,N,N,5/8/2011,4:08 AM,227,22,N,Y,NA,NA,19,,,1,2100,,SPEEDWAY,,N,N,25,N,N,,Y,19,,,1,200,E,30TH,ST,NA,,,,,,11,4,3,NA,1,1,8,4:08 AM,DISPATCH,4:10 AM,5/8/2011,Y,74,252,10,14,8,5,2,1,64,54,1,5,1,21,21,227,22,30.29316,-97.73602,,,,NA,SPEEDWAY,3001,NA,NA,NA,NA,NA,,,,E 30TH ST,NA,NA,NA,NA,Y,N,N,3,9,Y,SUN,NA,NA,NA,NA,NA,NA,NA,NA,NA,NA,NA,NA,NA,NA,NA,NA,NA,NA,NA,NA,NA,NA,NA,NA,NA,NA,NA,NA,NA,NA,NA,NA,NA,NA,NA,NA,NA,NA,NA,NA,NA,NA,NA,NA,NA,NA,NA,NA,NA,,,NA,NA,NA,NA,0,0,1,1,0,1,0,90,120596232,1205962321
12059667,AUS_12059667,30.40316,-97.70038,2,1,3,16,1,36,1,1,4,11,1,4,N,4,NA,NA,4,97,97,,,1,0,0,0,0,1,0,N,N,N,N,N,N,N,5/7/2011,8:58 PM,227,22,N,N,NA,NA,19,,,1,12000,,BITTERN HOLLOW,,N,N,35,N,N,,Y,19,,,1,12100,,METRIC,BLVD,NA,,,,,,11,4,4,NA,1,1,5,8:58 PM,DISPATCHED,9:05 PM,5/7/2011,Y,74,63,123,143,8,5,2,3,64,54,1,5,1,21,21,227,22,30.40316,-97.70038,,,,NA,BITTERN HOLW,NA,NA,NA,NA,NA,NA,,,,METRIC BLVD,NA,NA,NA,NA,Y,N,N,1,9,Y,SAT,NA,NA,NA,NA,NA,NA,NA,NA,NA,NA,NA,NA,NA,NA,NA,NA,NA,NA,NA,NA,NA,NA,NA,NA,NA,NA,NA,NA,NA,NA,NA,NA,NA,NA,NA,NA,NA,NA,NA,NA,NA,NA,NA,NA,NA,NA,NA,NA,NA,,,NA,NA,NA,NA,1,0,0,1,0,1,0,90,120596672,1205966721
12059734,AUS_12059734,30.28446,-97.71818999,2,1,3,16,2,31,1,2,4,11,1,4,N,4,NA,NA,4,97,97,,,0,1,0,0,0,1,0,N,N,N,N,N,N,N,5/5/2011,5:15 PM,227,22,N,Y,NA,NA,19,,,1,2200,,MANOR,RD,N,N,30,N,N,,Y,19,,,1,2200,,CHESTNUT,AVE,NA,,,,,,11,1,0,NA,1,1,5,5:17 PM,DISPATCH,5:26 PM,5/5/2011,Y,74,NA,151,16,8,5,2,1,64,54,1,5,1,21,21,227,22,30.28446,-97.71818999,,,,NA,MANOR RD,2299,NA,NA,NA,NA,NA,,,,CHESTNUT AVE,NA,NA,NA,NA,Y,N,N,2,9,Y,THU,NA,NA,NA,NA,NA,NA,NA,NA,NA,NA,NA,NA,NA,NA,NA,NA,NA,NA,NA,NA,NA,NA,NA,NA,NA,NA,NA,NA,NA,NA,NA,NA,NA,NA,NA,NA,NA,NA,NA,NA,NA,NA,NA,NA,NA,NA,NA,NA,NA,,,NA,NA,NA,NA,0,1,0,1,0,1,0,90,120597342,1205973421
12059832,AUS_12059832,30.33012866,-97.72371209,2,1,3,16,3,57,1,NA,4,11,1,4,N,4,NA,NA,4,97,97,,,0,0,1,0,0,1,0,N,N,N,N,N,N,N,4/28/2011,8:42 AM,227,22,N,N,NA,NA,11,275,,1,6200,N,N LAMAR,BLVD,N,N,0,N,N,PAVEMENT,N,19,,,1,,,ROMERIA,ST,NA,,,,PAVEMENT,,11,1,2,NA,1,1,5,8:42 AM,DISPATCHED,8:47 AM,4/28/2011,N,74,NA,75,95,8,5,2,2,64,54,1,2,1,21,21,227,22,30.33012866,-97.72371209,,,,NA,N LAMAR BLVD,6136,NA,NA,NA,NA,NA,,,,UNKNOWN,NA,NA,NA,NA,Y,N,N,3,9,Y,THU,NA,NA,NA,NA,NA,NA,NA,NA,NA,NA,NA,NA,NA,NA,NA,NA,NA,NA,NA,NA,NA,NA,NA,NA,NA,NA,NA,NA,NA,NA,NA,NA,NA,NA,NA,NA,NA,NA,NA,NA,NA,NA,NA,NA,NA,NA,NA,NA,NA,,,NA,NA,NA,NA,0,0,1,0,1,1,0,90,120598322,1205983221
12059912,AUS_12059912,30.24090336,-97.78219356,2,1,3,16,2,13,3,2,4,11,1,1,N,4,NA,NA,4,97,97,,,0,1,0,0,0,1,0,N,N,N,N,N,N,N,4/30/2011,3:04 PM,227,22,N,Y,NA,NA,4,2304,,1,3105,N,MANCHACA,RD,N,N,35,N,N,,Y,19,,,1,2000,W,GLEN ALLEN,ST,NA,,,,,,11,1,0,NA,1,1,8,3:04 PM,DISPATCH,3:06 PM,4/30/2011,Y,74,21,93,112,8,5,2,1,64,54,1,3,1,21,21,227,22,30.24090336,-97.78219356,,,,NA,FM 2304,3099,NA,NA,NA,NA,NA,,,,UNKNOWN,NA,NA,NA,NA,Y,N,N,2,9,Y,SAT,NA,NA,NA,NA,NA,NA,NA,NA,NA,NA,NA,NA,NA,NA,NA,NA,NA,NA,NA,NA,NA,NA,NA,NA,NA,NA,NA,NA,NA,NA,NA,NA,NA,NA,NA,NA,NA,NA,NA,NA,NA,NA,NA,NA,NA,NA,NA,NA,NA,,,NA,NA,NA,NA,0,2,0,1,0,2,0,90,120599122,1205991221
12079347,AUS_12079347,30.26490625,-97.7349474,1,1,3,16,5,25,1,1,4,11,1,4,N,4,NA,NA,4,97,97,,,0,0,0,1,0,0,0,N,N,N,N,N,N,N,2/20/2011,2:23 AM,227,22,N,N,30.26495,-97.73529,1,35,,2,500,N,IH 35 SB SVRD,,N,N,35,N,N,,N,19,,,1,700,E,5TH,ST,NA,,,,,,11,4,0,2,1,1,20,2:47 AM,DISPATCHED,2:55 AM,2/20/2011,N,74,NA,131,411,8,5,3,2,64,14,2,1,1,32,21,227,22,30.26490625,-97.7349474,IH,35,,233.795,IH0035,NA,15,13,17.661,235,-0.381,,,,N/A,NA,NA,NA,NA,Y,Y,N,2,9,Y,SUN,5,0,2,5,7,2,6,300,86,72,4,0,0,2,4,5,2,10,5,2,3,4,11,169360,2012,169360,2.6,7.1,9.7,NA,NA,NA,NA,NA,NA,NA,NA,NA,NA,NA,NA,NA,NA,NA,NA,NA,NA,NA,NA,,,NA,NA,NA,NA,0,1,1,3,0,2,0,90,120793471,1207934711
12079544,AUS_12079544,30.3152381,-97.74132558,2,1,3,16,1,43,3,1,4,11,1,4,N,4,NA,NA,4,97,97,,,1,0,0,0,0,1,0,N,N,N,N,N,N,N,4/15/2011,8:51 AM,227,22,N,Y,NA,NA,19,,,1,1300,W,45TH,ST,N,N,35,N,N,,N,19,,,1,4400,,BURNET,RD,NA,,,,,,11,1,0,NA,1,1,11,8:52 AM,DISPATCHED,8:57 AM,4/15/2011,Y,74,NA,NA,125,8,5,4,1,64,54,1,5,1,21,21,227,22,30.3152381,-97.74132558,,,,NA,W 45TH ST,NA,NA,NA,NA,NA,NA,,,,N/A,NA,NA,NA,NA,Y,N,N,1,9,Y,FRI,NA,NA,NA,NA,NA,NA,NA,NA,NA,NA,NA,NA,NA,NA,NA,NA,NA,NA,NA,NA,NA,NA,NA,NA,NA,NA,NA,NA,NA,NA,NA,NA,NA,NA,NA,NA,NA,NA,NA,NA,NA,NA,NA,NA,NA,NA,NA,NA,NA,,,NA,NA,NA,NA,1,0,0,1,0,1,0,90,120795442,1207954421
12079546,AUS_12079546,30.24713052,-97.73515121,1,1,3,16,3,24,1,1,4,11,1,4,N,4,NA,NA,4,97,97,,,0,0,1,0,0,1,0,N,N,N,N,N,N,N,4/15/2011,2:02 AM,227,22,N,N,NA,NA,1,35,,1,60,S,IH 35 SB,HWY,N,N,65,N,N,BLACK TOP,N,19,,,1,,E,RIVERSIDE,DR,NA,,,,BLACK TOP,,11,3,0,2,1,1,1,2:02 AM,DISPATCHED,2:07 AM,4/15/2011,Y,74,NA,NA,90,8,5,4,1,64,54,1,1,1,21,21,227,22,30.24713052,-97.73515121,IH,35,,232.543,IH0035,448,15,13,16.426,233,0.383,,,,N/A,NA,NA,NA,NA,Y,Y,N,3,9,Y,FRI,5,0,2,10,7,2,6,300,96,72,4,0,0,2,4,5,2,20,5,2,3,4,11,144620,2012,144620,2.8,7.7,10.5,1,238,3,1,37,NA,NA,NA,NA,NA,NA,NA,NA,NA,NA,NA,NA,NA,NA,NA,,,NA,NA,NA,NA,0,0,1,1,0,1,0,90,120795461,1207954611
12079587,AUS_12079587,30.23877,-97.71958,2,1,3,16,2,21,1,1,4,11,1,5,N,4,NA,NA,4,97,97,,,0,1,0,0,0,1,0,N,N,N,N,N,N,N,3/11/2011,5:54 PM,227,22,N,N,NA,NA,19,,,1,1500,S,PLEASANT VALLEY,RD,N,N,0,N,N,,Y,19,,,1,2500,,ELMONT,DR,NA,,,,,,11,1,0,NA,1,1,5,5:57 PM,DISPATCHED,6:00 PM,3/11/2011,Y,74,12,98,129,8,5,1,3,64,54,1,5,1,21,21,227,22,30.23877,-97.71958,,,,NA,S PLEASANT VALLEY RD,1405,NA,NA,NA,NA,NA,,,,ELMONT DR,NA,NA,NA,NA,Y,N,N,2,9,Y,FRI,NA,NA,NA,NA,NA,NA,NA,NA,NA,NA,NA,NA,NA,NA,NA,NA,NA,NA,NA,NA,NA,NA,NA,NA,NA,NA,NA,NA,NA,NA,NA,NA,NA,NA,NA,NA,NA,NA,NA,NA,NA,NA,NA,NA,NA,NA,NA,NA,NA,,,NA,NA,NA,NA,0,1,1,1,0,2,0,90,120795872,1207958721
12079587,AUS_12079587,30.23877,-97.71958,3,1,3,16,3,22,1,1,4,11,1,5,N,4,NA,NA,4,97,97,,,0,0,1,0,0,1,0,N,N,N,N,N,N,N,3/11/2011,5:54 PM,227,22,N,N,NA,NA,19,,,1,1500,S,PLEASANT VALLEY,RD,N,N,0,N,N,,Y,19,,,1,2500,,ELMONT,DR,NA,,,,,,11,1,0,NA,1,1,5,5:57 PM,DISPATCHED,6:00 PM,3/11/2011,Y,74,12,98,129,8,5,1,3,64,54,1,5,1,21,21,227,22,30.23877,-97.71958,,,,NA,S PLEASANT VALLEY RD,1405,NA,NA,NA,NA,NA,,,,ELMONT DR,NA,NA,NA,NA,Y,N,N,2,9,Y,FRI,NA,NA,NA,NA,NA,NA,NA,NA,NA,NA,NA,NA,NA,NA,NA,NA,NA,NA,NA,NA,NA,NA,NA,NA,NA,NA,NA,NA,NA,NA,NA,NA,NA,NA,NA,NA,NA,NA,NA,NA,NA,NA,NA,NA,NA,NA,NA,NA,NA,,,NA,NA,NA,NA,0,1,1,1,0,2,0,90,120795873,1207958731
12080957,AUS_12080957,30.25664459,-97.7233219,1,1,3,16,3,32,1,1,4,11,2,4,N,4,NA,NA,4,97,97,,,0,0,1,0,0,1,0,N,N,N,N,N,N,N,5/14/2011,7:00 PM,227,22,N,N,NA,NA,19,,,1,90,,LYNN,ST,N,N,35,N,N,LYNN ST/E.CESARCHAVEZ,N,19,,,1,2000,E,CESAR CHAVEZ,ST,NA,,,,LYNN ST / E.CESAR CHAVEZ,,11,1,2,NA,1,1,1,7:00 PM,DISPATCH,7:03 PM,5/14/2011,Y,74,NA,34,48,8,5,2,1,64,54,1,5,1,21,21,227,22,30.25664459,-97.7233219,,,,NA,LYNN ST,99,NA,NA,NA,NA,NA,,,,E CESAR CHAVEZ ST,NA,NA,NA,NA,Y,N,N,3,9,Y,SAT,NA,NA,NA,NA,NA,NA,NA,NA,NA,NA,NA,NA,NA,NA,NA,NA,NA,NA,NA,NA,NA,NA,NA,NA,NA,NA,NA,NA,NA,NA,NA,NA,NA,NA,NA,NA,NA,NA,NA,NA,NA,NA,NA,NA,NA,NA,NA,NA,NA,,,NA,NA,NA,NA,0,0,1,2,0,1,0,90,120809571,1208095711
12081034,AUS_12081034,30.26441,-97.7305,1,1,3,16,2,24,1,1,4,11,1,4,N,4,NA,NA,4,97,97,,,0,1,0,0,0,1,0,N,N,N,N,N,N,N,4/15/2011,4:50 PM,227,22,N,N,NA,NA,19,,,1,600,,WALLER,ST,N,N,30,N,N,LOCAL STREET,Y,19,,,1,1100,E,6TH,ST,NA,,,,LOCAL STREET,,11,1,4,NA,1,1,8,5:00 PM,DISPATCH,5:05 PM,4/15/2011,Y,74,NA,NA,66,8,5,1,1,64,54,1,5,1,21,21,227,22,30.26441,-97.7305,,,,NA,WALLER ST,601,NA,NA,NA,NA,NA,,,,E 6TH ST,NA,NA,NA,NA,Y,N,N,2,9,Y,FRI,NA,NA,NA,NA,NA,NA,NA,NA,NA,NA,NA,NA,NA,NA,NA,NA,NA,NA,NA,NA,NA,NA,NA,NA,NA,NA,NA,NA,NA,NA,NA,NA,NA,NA,NA,NA,NA,NA,NA,NA,NA,NA,NA,NA,NA,NA,NA,NA,NA,,,NA,NA,NA,NA,0,1,0,1,0,1,0,90,120810341,1208103411
12081150,AUS_12081150,30.26654201,-97.74479964,2,1,3,16,5,22,1,2,4,11,1,4,N,4,NA,NA,4,97,97,,,0,0,0,1,0,0,0,N,N,N,N,N,N,N,5/22/2011,2:37 AM,227,22,N,Y,NA,NA,19,,,1,100,W,4TH,ST,N,N,30,N,N,100 BLK W. 4TH ST,N,19,,,1,400,,COLORADO,ST,NA,,,,400 BLK COLORADO ST,,12,4,0,NA,1,1,1,2:37 AM,FLAGGED DOWN,2:37 AM,5/22/2011,Y,74,NA,NA,126,8,5,2,1,64,54,1,5,1,21,21,227,22,30.26654201,-97.74479964,,,,NA,W 4TH ST,196,NA,NA,NA,NA,NA,,,,COLORADO ST,NA,NA,NA,NA,Y,N,N,5,9,Y,SUN,NA,NA,NA,NA,NA,NA,NA,NA,NA,NA,NA,NA,NA,NA,NA,NA,NA,NA,NA,NA,NA,NA,NA,NA,NA,NA,NA,NA,NA,NA,NA,NA,NA,NA,NA,NA,NA,NA,NA,NA,NA,NA,NA,NA,NA,NA,NA,NA,NA,,,NA,NA,NA,NA,0,0,0,2,0,0,0,90,120811502,1208115021
12081155,AUS_12081155,30.19583037,-97.90673857,2,1,3,16,1,9,1,1,4,11,1,4,N,4,NA,NA,4,97,97,,,1,0,0,0,0,1,0,N,N,N,N,N,N,N,5/6/2011,7:56 PM,227,22,N,Y,NA,NA,19,,,1,7500,,LA CROSSE,AVE,N,N,40,N,N,,N,19,,,1,10700,,CURAHEE,DR,NA,,,,,,11,5,0,NA,1,1,20,7:56 PM,DISPATCH,8:00 PM,5/6/2011,Y,74,NA,NA,195,8,5,4,1,64,54,1,5,1,21,21,227,22,30.19583037,-97.90673857,,,,NA,LA CROSSE AVE,7430,NA,NA,NA,NA,NA,,,,N/A,NA,NA,NA,NA,Y,N,N,1,9,Y,FRI,NA,NA,NA,NA,NA,NA,NA,NA,NA,NA,NA,NA,NA,NA,NA,NA,NA,NA,NA,NA,NA,NA,NA,NA,NA,NA,NA,NA,NA,NA,NA,NA,NA,NA,NA,NA,NA,NA,NA,NA,NA,NA,NA,NA,NA,NA,NA,NA,NA,,,NA,NA,NA,NA,1,0,0,1,0,1,0,90,120811552,1208115521
12081263,AUS_12081263,30.26321,-97.72407,2,1,3,16,2,61,3,1,4,11,1,4,N,4,NA,NA,4,97,97,,,0,1,0,0,0,1,0,N,N,N,N,N,N,N,5/18/2011,3:12 PM,227,22,N,N,NA,NA,19,,,1,1700,E,7TH,ST,N,N,0,Y,N,,N,19,,,1,,,CHICON,ST,NA,,,,,,11,1,0,NA,1,1,20,3:12 PM,CAD,3:15 PM,5/18/2011,Y,74,NA,NA,359,8,5,4,1,64,49,1,5,1,20,21,227,22,30.26321,-97.72407,,,,NA,E 7TH ST,1700,NA,NA,NA,NA,NA,,,,N/A,NA,NA,NA,NA,Y,N,N,2,9,Y,WED,NA,NA,NA,NA,NA,NA,NA,NA,NA,NA,NA,NA,NA,NA,NA,NA,NA,NA,NA,NA,NA,NA,NA,NA,NA,NA,NA,NA,NA,NA,NA,NA,NA,NA,NA,NA,NA,NA,NA,NA,NA,NA,NA,NA,NA,NA,NA,NA,NA,,,NA,NA,NA,NA,0,1,0,2,0,1,0,90,120812632,1208126321
12081268,AUS_12081268,30.26400212,-97.75732688,2,1,3,16,0,30,1,1,4,11,1,5,N,4,NA,NA,4,97,97,,,0,0,0,0,1,0,0,N,N,N,N,N,N,N,5/19/2011,7:45 PM,227,22,N,N,NA,NA,19,,,1,200,S,LAMAR,BLVD,N,N,40,N,N,,N,19,,,1,1300,W,RIVERSIDE,DR,NA,,,,,,12,1,0,2,1,2,20,9:30 PM,DISPATCH,9:35 PM,5/19/2011,Y,74,NA,18,314,8,5,3,2,64,14,1,2,1,32,21,227,22,30.26400212,-97.75732688,SL,343,,3.61,SL0343,NA,113,12,1.225,568,-0.708,,,,N/A,NA,NA,NA,NA,N,Y,N,5,9,Y,THU,3,0,0,0,22,2,6,120,72,72,4,1,1,1,0,0,1,0,0,1,22,4,14,40000,2012,40000,0.8,0.3,1.1,NA,NA,NA,NA,NA,NA,NA,NA,NA,NA,NA,NA,NA,NA,NA,NA,NA,NA,NA,NA,,,NA,NA,NA,NA,0,0,0,1,1,0,0,90,120812682,1208126821
12081287,AUS_12081287,30.33737,-97.72843,2,1,3,16,3,24,1,1,4,11,1,4,N,4,NA,NA,4,97,97,,,0,0,1,0,0,1,0,N,N,N,N,N,N,N,5/19/2011,3:21 PM,227,22,N,N,NA,NA,19,,,1,,,WOODROW,AVE,N,N,0,N,N,PAVEMENT,N,19,,,1,1300,,BRENTWOOD,AVE,NA,,,,PAVEMENT,,0,1,4,NA,1,1,8,3:21 PM,DISPATCHED,3:29 PM,5/19/2011,Y,74,NA,75,425,8,5,2,3,64,54,1,5,1,21,21,227,22,30.33737,-97.72843,,,,NA,WOODROW AVE,6601,NA,NA,NA,NA,NA,,,,BRENTWOOD ST,NA,NA,NA,NA,Y,N,N,3,9,Y,THU,NA,NA,NA,NA,NA,NA,NA,NA,NA,NA,NA,NA,NA,NA,NA,NA,NA,NA,NA,NA,NA,NA,NA,NA,NA,NA,NA,NA,NA,NA,NA,NA,NA,NA,NA,NA,NA,NA,NA,NA,NA,NA,NA,NA,NA,NA,NA,NA,NA,,,NA,NA,NA,NA,0,0,1,1,0,1,0,90,120812872,1208128721
12081359,AUS_12081359,30.3211,-97.72939,2,1,3,16,1,27,1,1,4,11,1,4,N,4,NA,NA,4,97,97,,,1,0,0,0,0,1,0,N,N,N,N,N,N,N,5/24/2011,4:23 PM,227,22,N,N,NA,NA,19,,,1,5300,N,LAMAR,BLVD,N,N,45,N,N,LOCAL ROAD,Y,19,,,1,700,W,NORTH LOOP,BLVD,NA,,,,,,11,1,4,NA,1,1,5,4:23 PM,DISPATCH,4:28 PM,5/24/2011,Y,74,NA,140,95,8,5,1,3,64,54,1,5,1,21,21,227,22,30.3211,-97.72939,,,,NA,N LAMAR BLVD,5299,NA,NA,NA,NA,NA,,,,W NORTH LOOP BLVD,NA,NA,NA,NA,Y,N,N,1,9,Y,TUE,NA,NA,NA,NA,NA,NA,NA,NA,NA,NA,NA,NA,NA,NA,NA,NA,NA,NA,NA,NA,NA,NA,NA,NA,NA,NA,NA,NA,NA,NA,NA,NA,NA,NA,NA,NA,NA,NA,NA,NA,NA,NA,NA,NA,NA,NA,NA,NA,NA,,,NA,NA,NA,NA,1,0,0,1,0,1,0,90,120813592,1208135921
12081380,AUS_12081380,30.20874948,-97.65030315,1,1,3,16,0,NA,1,1,4,11,1,4,N,4,NA,NA,4,97,97,,,0,0,0,0,1,0,0,N,N,N,N,N,N,N,5/25/2011,6:30 AM,227,22,N,N,NA,NA,3,71,,1,2900,E,SH 71 WB,,N,N,0,N,N,,N,19,,,7,2700,,LYLE,RD,NA,,,,,,11,2,0,2,1,1,1,7:25 AM,DISPATCH,8:05 AM,5/25/2011,Y,74,NA,34,48,8,5,4,1,64,54,1,2,1,21,21,227,22,30.20874948,-97.65030315,SH,71,,129.973,SH0071,NA,265,1,14.144,582,0.206,,,,N/A,NA,NA,NA,NA,N,Y,N,5,9,Y,WED,3,0,0,2,42,2,6,200,76,72,4,0,0,1,0,0,2,4,5,3,42,4,12,56000,2012,56000,2.4,3.3,5.7,NA,NA,NA,NA,NA,NA,NA,NA,NA,NA,NA,NA,NA,NA,NA,NA,NA,NA,NA,NA,,,NA,NA,NA,NA,0,0,0,1,1,0,0,90,120813801,1208138011
12081407,AUS_12081407,30.32197801,-97.71857122,1,1,3,16,0,53,1,1,4,11,1,2,N,4,NA,NA,4,97,97,,,0,0,0,0,1,0,0,N,N,N,N,N,N,N,5/14/2011,1:20 AM,227,22,N,N,NA,NA,19,,,1,100,E,KOENIG,LN,N,N,35,N,N,,Y,19,,,1,5700,,AVENUE F,,NA,,,,,,11,4,3,2,1,1,6,1:20 AM,WITNESS,1:24 AM,5/14/2011,Y,74,NA,NA,NA,8,5,1,1,64,54,1,2,1,21,21,227,22,30.32197801,-97.71857122,SS,69,,0.562,SS0069,197,114,1,1.533,538,0.521,,,,AVENUE F,NA,NA,NA,NA,N,Y,N,5,9,Y,SAT,4,0,0,0,10,2,4,80,48,48,4,2,2,1,0,0,1,0,0,1,10,4,14,14170,2012,14170,1.2,0.5,1.7,NA,NA,NA,NA,NA,NA,NA,NA,NA,NA,NA,NA,NA,NA,NA,NA,NA,NA,NA,NA,,,NA,NA,NA,NA,0,0,0,1,1,0,0,90,120814071,1208140711
12081446,AUS_12081446,30.26449988,-97.75711084,2,1,3,16,1,28,1,1,4,11,1,5,N,4,NA,NA,4,97,97,,,1,0,0,0,0,1,0,N,N,N,N,N,N,N,5/22/2011,4:23 PM,227,22,N,Y,NA,NA,19,,,1,100,S,LAMAR,BLVD,N,N,40,N,N,,N,19,,,1,,W,RIVERSIDE,DR,NA,,,,,,11,1,4,2,1,1,5,4:23 PM,DISPATCH,4:27 PM,5/22/2011,Y,74,22,105,112,8,5,2,1,64,54,1,2,1,21,21,227,22,30.26449988,-97.75711084,SL,343,,3.647,SL0343,NA,113,12,1.262,568,-0.671,,,,W RIVERSIDE DR,NA,NA,NA,NA,Y,Y,N,1,9,Y,SUN,3,0,0,0,22,2,6,120,72,72,4,1,1,1,0,0,1,0,0,1,22,4,14,40000,2012,40000,0.8,0.3,1.1,NA,NA,NA,NA,NA,NA,NA,NA,NA,NA,NA,NA,NA,NA,NA,NA,NA,NA,NA,NA,,,NA,NA,NA,NA,1,0,0,1,0,1,0,90,120814462,1208144621