CrashID,CrashID1,Latitude,Longitude,Unit_Nbr,Prsn_Nbr,Prsn_Type_ID,Prsn_Occpnt_Pos_ID,Prsn_Injry_Sev_ID,Prsn_Age,Prsn_Ethnicity_ID,Prsn_Gndr_ID,Prsn_Ejct_ID,Prsn_Rest_ID,Prsn_Airbag_ID,Prsn_Helmet_ID,Prsn_Sol_Fl,Prsn_Alc_Spec_Type_ID,Prsn_Alc_Rslt_ID,Prsn_Bac_Test_Rslt,Prsn_Drg_Spec_Type_ID,Prsn_Drg_Rslt_ID,Drvr_Drg_Cat_1_ID,Prsn_Death_Date,Prsn_Death_Time,Incap_Injry_Cnt.x,Nonincap_Injry_Cnt.x,Poss_Injry_Cnt.x,Non_Injry_Cnt.x,Unkn_Injry_Cnt.x,Tot_Injry_Cnt.x,Death_Cnt.x,Crash_Fatal_Fl,Cmv_Involv_Fl,Schl_Bus_Fl,Rr_Relat_Fl,Medical_Advisory_Fl,Amend_Supp_Fl,Active_School_Zone_Fl,Crash_Date,Crash_Time,Rpt_CRIS_Cnty_ID,Rpt_City_ID,Rpt_Outside_City_Limit_Fl,Thousand_Damage_Fl,Rpt_Latitude,Rpt_Longitude,Rpt_Rdwy_Sys_ID,Rpt_Hwy_Num,Rpt_Hwy_Sfx,Rpt_Road_Part_ID,Rpt_Block_Num,Rpt_Street_Pfx,Rpt_Street_Name,Rpt_Street_Sfx,Private_Dr_Fl,Toll_Road_Fl,Crash_Speed_Limit,Road_Constr_Zone_Fl,Road_Constr_Zone_Wrkr_Fl,Rpt_Street_Desc,At_Intrsct_Fl,Rpt_Sec_Rdwy_Sys_ID,Rpt_Sec_Hwy_Num,Rpt_Sec_Hwy_Sfx,Rpt_Sec_Road_Part_ID,Rpt_Sec_Block_Num,Rpt_Sec_Street_Pfx,Rpt_Sec_Street_Name,Rpt_Sec_Street_Sfx,Rpt_Ref_Mark_Offset_Amt,Rpt_Ref_Mark_Dist_Uom,Rpt_Ref_Mark_Dir,Rpt_Ref_Mark_Nbr,Rpt_Sec_Street_Desc,Rpt_CrossingNumber,Wthr_Cond_ID,Light_Cond_ID,Entr_Road_ID,Road_Type_ID,Road_Algn_ID,Surf_Cond_ID,Traffic_Cntl_ID,Investigat_Notify_Time,Investigat_Notify_Meth,Investigat_Arrv_Time,Report_Date,Investigat_Comp_Fl,Investigat_Agency_ID,Investigat_Area_ID,Investigat_District_ID,Investigat_Region_ID,Bridge_Detail_ID,Harm_Evnt_ID,Intrsct_Relat_ID,FHE_Collsn_ID,Obj_Struck_ID,Othr_Factr_ID,Road_Part_Adj_ID,Road_Cls_ID,Road_Relat_ID,Phys_Featr_1_ID,Phys_Featr_2_ID,Cnty_ID,City_ID,Latitude,Longitude,Hwy_Sys,Hwy_Nbr,Hwy_Sfx,Dfo,Street_Name,Street_Nbr,Control,Section,Milepoint,Ref_Mark_Nbr,Ref_Mark_Displ,Hwy_Sys_2,Hwy_Nbr_2,Hwy_Sfx_2,Street_Name_2,Street_Nbr_2,Control_2,Section_2,Milepoint_2,Txdot_Rptable_Fl,Onsys_Fl,Rural_Fl,Crash_Sev_ID,Pop_Group_ID,Located_Fl,Day_of_Week,Hwy_Dsgn_Lane_ID,Hwy_Dsgn_Hrt_ID,Hp_Shldr_Left,Hp_Shldr_Right,Hp_Median_Width,Base_Type_ID,Nbr_Of_Lane,Row_Width_Usual,Roadbed_Width,Surf_Width,Surf_Type_ID,Curb_Type_Left_ID,Curb_Type_Right_ID,Shldr_Type_Left_ID,Shldr_Width_Left,Shldr_Use_Left_ID,Shldr_Type_Right_ID,Shldr_Width_Right,Shldr_Use_Right_ID,Median_Type_ID,Median_Width,Rural_Urban_Type_ID,Func_Sys_ID,Adt_Curnt_Amt,Adt_Curnt_Year,Adt_Adj_Curnt_Amt,Pct_Single_Trk_Adt,Pct_Combo_Trk_Adt,Trk_Aadt_Pct,Curve_Type_ID,Curve_Lngth,Cd_Degr,Delta_Left_Right_ID,Dd_Degr,Feature_Crossed,Structure_Number,I_R_Min_Vert_Clear,Approach_Width,Bridge_Median_ID,Bridge_Loading_Type_ID,Bridge_Loading_In_1000_Lbs,Bridge_Srvc_Type_On_ID,Bridge_Srvc_Type_Under_ID,Culvert_Type_ID,Roadway_Width,Deck_Width,Bridge_Dir_Of_Traffic_ID,Bridge_Rte_Struct_Func_ID,Bridge_IR_Struct_Func_ID,CrossingNumber,RRCo,Poscrossing_ID,WDCode_ID,Standstop,Yield,Incap_Injry_Cnt.y,Nonincap_Injry_Cnt.y,Poss_Injry_Cnt.y,Non_Injry_Cnt.y,Unkn_Injry_Cnt.y,Tot_Injry_Cnt.y,Death_Cnt.y,MPO_ID,Unit_ID,Unit_Prsn_ID
12154924,AUS_12154924,30.3773,-97.72549,2,1,3,16,2,NA,1,1,4,11,1,5,N,4,NA,NA,4,97,97,,,0,1,0,0,0,1,0,N,N,N,N,N,N,N,3/10/2011,5:08 PM,227,22,N,N,NA,NA,19,,,1,9200,,BURNET,RD,N,N,0,N,N,,Y,19,,,1,9200,,WATERFORD CENTER,BLVD,NA,,,,,,11,1,4,NA,1,1,5,5:08 PM,DISPATCHED,5:13 PM,3/10/2011,Y,74,NA,NA,214,8,5,1,1,64,54,1,3,1,21,21,227,22,30.3773,-97.72549,,,,NA,BURNET RD,9299,NA,NA,NA,NA,NA,,,,WATERFORD CENTRE BLVD,NA,NA,NA,NA,Y,N,N,2,9,Y,THU,NA,NA,NA,NA,NA,NA,NA,NA,NA,NA,NA,NA,NA,NA,NA,NA,NA,NA,NA,NA,NA,NA,NA,NA,NA,NA,NA,NA,NA,NA,NA,NA,NA,NA,NA,NA,NA,NA,NA,NA,NA,NA,NA,NA,NA,NA,NA,NA,NA,,,NA,NA,NA,NA,0,1,0,1,0,1,0,90,121549242,1215492421
12154925,AUS_12154925,30.31994,-97.72697,2,1,3,16,2,34,5,2,4,11,1,1,N,4,NA,NA,4,97,97,,,0,1,0,0,0,1,0,N,N,N,N,N,N,N,3/13/2011,11:41 AM,227,22,N,Y,NA,NA,19,,,1,5200,,GUADALUPE,ST,N,N,30,N,N,,Y,19,,,1,500,W,NORTH LOOP,BLVD,NA,,,,,,12,1,4,NA,1,1,5,11:41 AM,DISPATCH,11:43 AM,3/13/2011,Y,74,NA,140,95,8,5,1,1,64,54,1,5,1,21,21,227,22,30.31994,-97.72697,,,,NA,GUADALUPE ST,5301,NA,NA,NA,NA,NA,,,,W NORTH LOOP BLVD,NA,NA,NA,NA,Y,N,N,2,9,Y,SUN,NA,NA,NA,NA,NA,NA,NA,NA,NA,NA,NA,NA,NA,NA,NA,NA,NA,NA,NA,NA,NA,NA,NA,NA,NA,NA,NA,NA,NA,NA,NA,NA,NA,NA,NA,NA,NA,NA,NA,NA,NA,NA,NA,NA,NA,NA,NA,NA,NA,,,NA,NA,NA,NA,0,1,0,1,0,1,0,90,121549252,1215492521
12154933,AUS_12154933,30.3356,-97.71585,2,1,3,16,2,25,1,2,4,11,1,4,N,4,NA,NA,4,97,97,,,0,1,0,0,0,1,0,N,N,N,N,N,N,N,3/12/2011,8:20 PM,227,22,N,N,NA,NA,19,,,1,6900,,GUADALUPE,ST,N,N,40,N,N,,Y,19,,,1,500,,SWANEE,DR,NA,,,,,,11,4,4,NA,1,1,8,8:20 PM,DISPATCHED,8:27 PM,3/12/2011,Y,74,NA,NA,NA,8,5,1,2,64,54,1,5,1,21,21,227,22,30.3356,-97.71585,,,,NA,GUADALUPE ST,7001,NA,NA,NA,NA,NA,,,,SWANEE DR,NA,NA,NA,NA,Y,N,N,2,9,Y,SAT,NA,NA,NA,NA,NA,NA,NA,NA,NA,NA,NA,NA,NA,NA,NA,NA,NA,NA,NA,NA,NA,NA,NA,NA,NA,NA,NA,NA,NA,NA,NA,NA,NA,NA,NA,NA,NA,NA,NA,NA,NA,NA,NA,NA,NA,NA,NA,NA,NA,,,NA,NA,NA,NA,0,1,0,0,1,1,0,90,121549332,1215493321
12154938,AUS_12154938,30.2316,-97.71754,2,1,3,16,3,55,2,1,4,11,1,4,N,4,NA,NA,4,97,97,,,0,0,1,0,0,1,0,N,N,N,N,N,N,N,5/18/2011,3:20 PM,227,22,N,Y,NA,NA,19,,,1,1800,,CROSSING,PL,N,N,30,N,N,,Y,19,,,1,4800,E,RIVERSIDE,DR,NA,,,,,,12,1,2,NA,2,1,5,3:20 PM,DISPATCHED,3:30 PM,5/18/2011,Y,74,12,98,129,8,5,1,2,64,54,1,5,1,21,21,227,22,30.2316,-97.71754,,,,NA,CROSSING PL,NA,NA,NA,NA,NA,NA,,,,E RIVERSIDE DR,NA,NA,NA,NA,Y,N,N,3,9,Y,WED,NA,NA,NA,NA,NA,NA,NA,NA,NA,NA,NA,NA,NA,NA,NA,NA,NA,NA,NA,NA,NA,NA,NA,NA,NA,NA,NA,NA,NA,NA,NA,NA,NA,NA,NA,NA,NA,NA,NA,NA,NA,NA,NA,NA,NA,NA,NA,NA,NA,,,NA,NA,NA,NA,0,0,1,1,0,1,0,90,121549382,1215493821
12154986,AUS_12154986,30.27565219,-97.74618748,1,1,3,16,3,48,1,1,4,11,1,4,N,4,NA,NA,4,97,97,,,0,0,1,0,0,1,0,N,N,N,N,N,N,N,5/25/2011,3:48 PM,227,22,N,N,NA,NA,19,,,1,1200,,NUECES,ST,N,N,30,N,N,,N,19,,,1,,W,12TH,ST,NA,,,,,,11,1,0,NA,1,1,1,3:48 PM,DISPATCHED,4:07 PM,5/25/2011,Y,74,NA,18,210,8,5,4,1,64,54,1,5,1,21,21,227,22,30.27565219,-97.74618748,,,,NA,NUECES ST,1214,NA,NA,NA,NA,NA,,,,N/A,NA,NA,NA,NA,Y,N,N,3,9,Y,WED,NA,NA,NA,NA,NA,NA,NA,NA,NA,NA,NA,NA,NA,NA,NA,NA,NA,NA,NA,NA,NA,NA,NA,NA,NA,NA,NA,NA,NA,NA,NA,NA,NA,NA,NA,NA,NA,NA,NA,NA,NA,NA,NA,NA,NA,NA,NA,NA,NA,,,NA,NA,NA,NA,0,0,1,1,0,1,0,90,121549861,1215498611
12156885,AUS_12156885,30.31976,-97.73886,1,1,3,16,2,15,1,1,4,11,1,4,N,4,NA,NA,4,97,97,,,0,1,0,0,0,1,0,N,N,N,N,N,N,N,3/25/2011,8:51 AM,227,22,N,N,NA,NA,19,,,1,4900,,WOODROW,AVE,N,N,0,N,N,,Y,19,,,1,1300,W,49TH,ST,NA,,,,,,11,1,0,NA,1,1,8,8:51 AM,DISPATCH,8:54 AM,3/25/2011,Y,74,NA,151,21,8,5,1,1,64,54,1,5,1,21,21,227,22,30.31976,-97.73886,,,,NA,WOODROW AVE,4899,NA,NA,NA,NA,NA,,,,W 49TH ST,NA,NA,NA,NA,Y,N,N,2,9,Y,FRI,NA,NA,NA,NA,NA,NA,NA,NA,NA,NA,NA,NA,NA,NA,NA,NA,NA,NA,NA,NA,NA,NA,NA,NA,NA,NA,NA,NA,NA,NA,NA,NA,NA,NA,NA,NA,NA,NA,NA,NA,NA,NA,NA,NA,NA,NA,NA,NA,NA,,,NA,NA,NA,NA,0,1,0,1,0,1,0,90,121568851,1215688511
12156892,AUS_12156892,30.28023467,-97.71859111,2,1,3,16,1,27,1,1,4,11,1,4,N,4,NA,NA,4,97,97,,,1,0,0,0,0,1,0,N,N,N,N,N,N,N,3/18/2011,7:20 AM,227,22,N,Y,NA,NA,19,,,1,2100,E,MARTIN LUTHER KING,BLVD,N,N,35,N,N,,Y,19,,,1,1900,,ALAMO,ST,NA,,,,,,12,2,2,NA,2,1,8,7:21 AM,CAD,7:25 AM,3/18/2011,Y,74,NA,NA,NA,8,5,1,1,64,54,1,5,1,21,21,227,22,30.28023467,-97.71859111,,,,NA,MARTIN LUTHER KING BLVD E,2100,NA,NA,NA,NA,NA,,,,UNKNOWN,NA,NA,NA,NA,Y,N,N,1,9,Y,FRI,NA,NA,NA,NA,NA,NA,NA,NA,NA,NA,NA,NA,NA,NA,NA,NA,NA,NA,NA,NA,NA,NA,NA,NA,NA,NA,NA,NA,NA,NA,NA,NA,NA,NA,NA,NA,NA,NA,NA,NA,NA,NA,NA,NA,NA,NA,NA,NA,NA,,,NA,NA,NA,NA,1,0,0,1,0,1,0,90,121568922,1215689221
12165647,AUS_12165647,30.20337,-97.79219,2,1,3,16,3,53,1,1,4,11,1,3,N,4,NA,NA,4,97,97,,,0,0,1,0,0,1,0,N,N,N,N,N,N,N,6/30/2011,7:20 AM,227,22,N,Y,NA,NA,19,,,1,6300,,EMERALD FOREST,DR,N,N,35,N,N,,Y,19,,,1,1100,,SPEER,LN,NA,,,,,,11,1,4,NA,1,1,8,7:00 AM,DISPATCH,7:05 AM,6/30/2011,Y,74,12,169,130,8,5,1,1,64,54,1,5,1,21,21,227,22,30.20337,-97.79219,,,,NA,EMERALD FOREST DR,6399,NA,NA,NA,NA,NA,,,,SPEER LN,NA,NA,NA,NA,Y,N,N,3,9,Y,THU,NA,NA,NA,NA,NA,NA,NA,NA,NA,NA,NA,NA,NA,NA,NA,NA,NA,NA,NA,NA,NA,NA,NA,NA,NA,NA,NA,NA,NA,NA,NA,NA,NA,NA,NA,NA,NA,NA,NA,NA,NA,NA,NA,NA,NA,NA,NA,NA,NA,,,NA,NA,NA,NA,0,0,1,1,0,1,0,90,121656472,1216564721
12165707,AUS_12165707,30.42921103,-97.78226168,2,1,3,16,3,14,1,1,4,11,1,4,N,4,NA,NA,4,97,97,,,0,0,1,0,0,1,0,N,N,N,N,N,N,N,6/21/2011,1:50 PM,246,22,N,Y,NA,NA,19,,,1,8500,,SPICEWOOD SPRINGS,RD,N,N,45,N,N,,Y,19,,,1,11500,,RUSTIC ROCK,DR,NA,,,,,,11,1,0,NA,1,1,5,1:50 PM,DISPATCHED,1:59 PM,6/21/2011,Y,74,NA,NA,NA,8,5,2,1,64,54,1,5,1,21,21,227,22,30.42921103,-97.78226168,,,,NA,SPICEWOOD SPRINGS RD,8500,NA,NA,NA,NA,NA,,,,UNKNOWN,NA,NA,NA,NA,Y,N,N,3,9,Y,TUE,NA,NA,NA,NA,NA,NA,NA,NA,NA,NA,NA,NA,NA,NA,NA,NA,NA,NA,NA,NA,NA,NA,NA,NA,NA,NA,NA,NA,NA,NA,NA,NA,NA,NA,NA,NA,NA,NA,NA,NA,NA,NA,NA,NA,NA,NA,NA,NA,NA,,,NA,NA,NA,NA,0,0,1,1,0,1,0,90,121657072,1216570721
12165711,AUS_12165711,30.31000896,-97.74004328,2,1,3,16,2,52,1,1,4,11,1,4,N,4,NA,NA,4,97,97,,,0,1,0,0,0,1,0,N,N,N,N,N,N,N,6/21/2011,9:10 AM,227,22,N,Y,NA,NA,19,,,1,4200,N,LAMAR,BLVD,N,N,40,N,N,"GOOD BLACKTOP, HEAVY TRAFFIC",Y,19,,,1,1000,W,42ND,ST,NA,,,,,,12,1,2,NA,1,1,8,9:13 AM,DISPATCH,9:15 AM,6/21/2011,Y,74,NA,NA,125,8,5,1,3,64,54,1,2,1,21,21,227,22,30.31000896,-97.74004328,,,,NA,N LAMAR BLVD,4205,NA,NA,NA,NA,NA,,,,UNKNOWN,NA,NA,NA,NA,Y,N,N,2,9,Y,TUE,NA,NA,NA,NA,NA,NA,NA,NA,NA,NA,NA,NA,NA,NA,NA,NA,NA,NA,NA,NA,NA,NA,NA,NA,NA,NA,NA,NA,NA,NA,NA,NA,NA,NA,NA,NA,NA,NA,NA,NA,NA,NA,NA,NA,NA,NA,NA,NA,NA,,,NA,NA,NA,NA,0,1,0,1,0,1,0,90,121657112,1216571121
12165796,AUS_12165796,30.44221,-97.8043,2,1,3,16,2,52,1,1,4,11,1,3,N,4,NA,NA,4,97,97,,,0,1,0,0,0,1,0,N,N,N,N,N,N,N,6/30/2011,8:30 AM,227,22,N,Y,NA,NA,19,,,1,11500,,SPICEWOOD,PKWY,N,N,30,N,N,ASPHAULT,Y,19,,,1,11500,,TINCUP,DR,NA,,,,,,11,1,0,NA,1,1,1,8:30 AM,DISPATCHED,8:35 AM,6/30/2011,Y,74,1,46,64,8,5,1,3,64,54,1,5,1,21,21,227,22,30.44221,-97.8043,,,,NA,SPICEWOOD PKY,11533,NA,NA,NA,NA,NA,,,,TIN CUP DR,NA,NA,NA,NA,Y,N,N,2,9,Y,THU,NA,NA,NA,NA,NA,NA,NA,NA,NA,NA,NA,NA,NA,NA,NA,NA,NA,NA,NA,NA,NA,NA,NA,NA,NA,NA,NA,NA,NA,NA,NA,NA,NA,NA,NA,NA,NA,NA,NA,NA,NA,NA,NA,NA,NA,NA,NA,NA,NA,,,NA,NA,NA,NA,0,1,0,1,0,1,0,90,121657962,1216579621
12165820,AUS_12165820,30.27313,-97.72382,2,1,3,16,3,28,1,2,4,11,1,2,N,4,NA,NA,4,97,97,,,0,0,1,0,0,1,0,N,N,N,N,N,N,N,7/6/2011,7:48 AM,227,22,N,Y,NA,NA,19,,,1,1400,E,12TH,ST,N,N,0,N,N,,Y,19,,,1,1200,,COMAL,ST,NA,,,,,,11,1,4,NA,1,1,5,7:48 AM,DISPATCHED,7:50 AM,7/6/2011,Y,74,NA,NA,96,8,5,2,3,64,54,1,5,1,21,21,227,22,30.27313,-97.72382,,,,NA,E 12TH ST,1501,NA,NA,NA,NA,NA,,,,COMAL ST,NA,NA,NA,NA,Y,N,N,3,9,Y,WED,NA,NA,NA,NA,NA,NA,NA,NA,NA,NA,NA,NA,NA,NA,NA,NA,NA,NA,NA,NA,NA,NA,NA,NA,NA,NA,NA,NA,NA,NA,NA,NA,NA,NA,NA,NA,NA,NA,NA,NA,NA,NA,NA,NA,NA,NA,NA,NA,NA,,,NA,NA,NA,NA,0,0,1,1,0,1,0,90,121658202,1216582021
12165845,AUS_12165845,30.3394,-97.71784,2,1,3,16,3,28,1,2,4,11,1,2,N,4,NA,NA,4,97,97,,,0,0,1,0,0,1,0,N,N,N,N,N,N,N,7/5/2011,6:28 PM,227,22,N,Y,NA,NA,19,,,1,800,W,ST JOHNS,AVE,N,N,35,N,N,,Y,19,,,1,7100,N,LAMAR,BLVD,NA,,,,,,11,1,2,NA,1,1,5,6:28 PM,DISPATCHED,6:35 PM,7/5/2011,Y,74,NA,140,29,8,5,1,3,64,54,1,5,1,21,21,227,22,30.3394,-97.71784,,,,NA,W ST JOHNS AVE,798,NA,NA,NA,NA,NA,,,,N LAMAR BLVD,NA,NA,NA,NA,Y,N,N,3,9,Y,TUE,NA,NA,NA,NA,NA,NA,NA,NA,NA,NA,NA,NA,NA,NA,NA,NA,NA,NA,NA,NA,NA,NA,NA,NA,NA,NA,NA,NA,NA,NA,NA,NA,NA,NA,NA,NA,NA,NA,NA,NA,NA,NA,NA,NA,NA,NA,NA,NA,NA,,,NA,NA,NA,NA,0,0,1,2,0,1,0,90,121658452,1216584521
12165849,AUS_12165849,30.44685,-97.81193999,2,1,3,16,2,26,1,1,4,11,1,4,N,4,NA,NA,4,97,97,,,0,1,0,0,0,1,0,N,N,N,N,N,N,N,7/5/2011,5:53 PM,227,22,N,N,NA,NA,19,,,1,11500,,PECAN CREEK,PKWY,N,N,0,N,N,PECAN CREEK PKWY,Y,19,,,1,,,ANDERSOM MILL,RD,NA,,,,ANDERSON MILL RD,,11,1,2,NA,1,1,8,5:53 PM,DISPATCH,5:54 PM,7/5/2011,Y,74,1,46,64,8,5,2,1,64,54,1,5,1,21,21,227,22,30.44685,-97.81193999,,,,NA,PECAN CREEK PKY,NA,NA,NA,NA,NA,NA,,,,ANDERSON MILL RD,NA,NA,NA,NA,Y,N,N,2,9,Y,TUE,NA,NA,NA,NA,NA,NA,NA,NA,NA,NA,NA,NA,NA,NA,NA,NA,NA,NA,NA,NA,NA,NA,NA,NA,NA,NA,NA,NA,NA,NA,NA,NA,NA,NA,NA,NA,NA,NA,NA,NA,NA,NA,NA,NA,NA,NA,NA,NA,NA,,,NA,NA,NA,NA,0,1,0,1,0,1,0,90,121658492,1216584921
12165959,AUS_12165959,30.45011203,-97.81896784,2,1,3,16,1,33,1,1,4,11,1,5,N,4,NA,NA,4,97,97,,,1,0,0,0,0,1,0,N,N,N,N,N,N,N,7/8/2011,7:17 PM,227,22,N,Y,NA,NA,19,,,1,10700,,ANDRERSON MILL,RD,N,N,35,N,N,,N,19,,,NA,11400,,CENTENNIAL,TRL,NA,,,,STREET SIGN,,11,1,0,NA,4,1,20,7:17 PM,SELF-CAD,7:22 PM,7/8/2011,Y,74,22,46,64,8,5,2,3,64,54,1,5,1,21,21,227,22,30.45011203,-97.81896784,,,,NA,ANDERSON MILL RD,NA,NA,NA,NA,NA,NA,,,,CENTENNIAL TRL,NA,NA,NA,NA,Y,N,N,1,9,Y,FRI,NA,NA,NA,NA,NA,NA,NA,NA,NA,NA,NA,NA,NA,NA,NA,NA,NA,NA,NA,NA,NA,NA,NA,NA,NA,NA,NA,NA,NA,NA,NA,NA,NA,NA,NA,NA,NA,NA,NA,NA,NA,NA,NA,NA,NA,NA,NA,NA,NA,,,NA,NA,NA,NA,1,0,0,1,0,1,0,90,121659592,1216595921
12166550,AUS_12166550,30.30444609,-97.74356419,2,1,3,16,2,45,1,2,4,11,1,4,N,4,NA,NA,4,97,97,,,0,1,0,0,0,1,0,N,N,N,N,N,N,N,6/30/2011,10:10 AM,227,22,N,N,NA,NA,19,,,1,3700,N,LAMAR,BLVD,N,N,35,N,N,,Y,19,,,1,900,W,37TH,ST,NA,,,,,,11,1,2,NA,1,1,8,10:11 AM,DISPATCH,10:15 AM,6/30/2011,Y,74,NA,NA,NA,8,5,2,1,64,54,1,2,1,21,21,227,22,30.30444609,-97.74356419,,,,NA,N LAMAR BLVD,3702,NA,NA,NA,NA,NA,,,,UNKNOWN,NA,NA,NA,NA,Y,N,N,2,9,Y,THU,NA,NA,NA,NA,NA,NA,NA,NA,NA,NA,NA,NA,NA,NA,NA,NA,NA,NA,NA,NA,NA,NA,NA,NA,NA,NA,NA,NA,NA,NA,NA,NA,NA,NA,NA,NA,NA,NA,NA,NA,NA,NA,NA,NA,NA,NA,NA,NA,NA,,,NA,NA,NA,NA,0,1,0,1,0,1,0,90,121665502,1216655021
12166619,AUS_12166619,30.40375043,-97.85398323,2,1,3,16,1,40,1,1,4,11,1,3,N,4,NA,NA,4,97,97,,,1,0,0,0,0,1,0,N,N,N,N,N,N,N,4/21/2011,6:53 AM,227,22,N,N,NA,NA,19,,,1,,W,PARMER,LN,N,N,55,N,N,,Y,4,620,,NA,,N,FM 620,RD,NA,,,,,,11,1,4,3,1,1,5,6:53 AM,DISPATCH,6:57 AM,7/13/2011,N,74,1,46,64,8,5,2,1,64,54,1,3,1,21,21,227,22,30.40375043,-97.85398323,RM,620,,12.837,RM0620,NA,683,2,13.019,538,-0.739,,,,UNKNOWN,NA,NA,NA,NA,Y,Y,N,1,9,Y,THU,2,0,8,8,0,2,4,120,78,62,3,0,0,2,8,5,2,8,5,0,0,4,14,46000,2012,46000,1.5,0.2,1.7,1,57,2,1,6,NA,NA,NA,NA,NA,NA,NA,NA,NA,NA,NA,NA,NA,NA,NA,,,NA,NA,NA,NA,1,0,0,0,1,1,0,90,121666192,1216661921
12166790,AUS_12166790,30.28979,-97.74141,2,1,3,16,1,19,3,2,4,11,2,5,N,4,NA,NA,4,97,97,,,1,0,0,0,0,1,0,N,Y,N,N,N,N,N,6/27/2011,3:03 PM,227,22,N,Y,NA,NA,19,,,1,2500,,GUADALUPE,ST,N,N,35,N,N,,Y,19,,,1,300,W,DEAN KEETON,ST,NA,,,,,,11,1,2,NA,1,1,5,3:03 PM,,3:25 PM,6/27/2011,Y,74,11,10,14,8,5,2,1,64,54,1,5,1,21,21,227,22,30.28979,-97.74141,,,,NA,GUADALUPE ST,2525,NA,NA,NA,NA,NA,,,,W DEAN KEETON ST,NA,NA,NA,NA,Y,N,N,1,9,Y,MON,NA,NA,NA,NA,NA,NA,NA,NA,NA,NA,NA,NA,NA,NA,NA,NA,NA,NA,NA,NA,NA,NA,NA,NA,NA,NA,NA,NA,NA,NA,NA,NA,NA,NA,NA,NA,NA,NA,NA,NA,NA,NA,NA,NA,NA,NA,NA,NA,NA,,,NA,NA,NA,NA,1,0,0,1,0,1,0,90,121667902,1216679021
12191480,AUS_12191480,30.27396355,-97.74326429,2,1,3,16,2,26,1,1,4,11,1,4,N,4,NA,NA,4,97,97,,,0,1,0,0,0,1,0,N,N,N,N,N,N,N,7/14/2011,1:05 AM,227,22,N,N,30.27389,-97.74321,19,,,1,1100,,LAVACA,ST,N,N,30,N,N,"ONE-WAY, RIGHT LANE",N,19,,,NA,200,W,11TH,ST,NA,,,,,,11,4,0,NA,2,1,16,1:08 AM,DPS COMMUNICATIONS,1:14 AM,7/14/2011,Y,10000,NA,48,115,8,5,4,1,64,54,1,5,1,21,21,227,22,30.27396355,-97.74326429,,,,NA,LAVACA ST,1128,NA,NA,NA,NA,NA,,,,N/A,NA,NA,NA,NA,Y,N,N,2,9,Y,THU,NA,NA,NA,NA,NA,NA,NA,NA,NA,NA,NA,NA,NA,NA,NA,NA,NA,NA,NA,NA,NA,NA,NA,NA,NA,NA,NA,NA,NA,NA,NA,NA,NA,NA,NA,NA,NA,NA,NA,NA,NA,NA,NA,NA,NA,NA,NA,NA,NA,,,NA,NA,NA,NA,0,1,0,0,1,1,0,90,121914802,1219148021
12197412,AUS_12197412,30.25711,-97.72462,2,1,3,16,2,NA,2,1,4,11,1,4,N,4,NA,NA,4,97,97,,,0,1,0,0,0,1,0,N,N,N,N,N,N,N,7/12/2011,4:14 PM,227,22,N,Y,NA,NA,19,,,1,,E,CESAR CHAVEZ,ST,N,N,0,N,N,,Y,19,,,1,,,CHICON,ST,NA,,,,,,11,1,4,NA,1,1,5,4:26 PM,DISPATCHED,4:29 PM,7/12/2011,Y,74,NA,151,92,8,5,2,1,64,54,1,5,1,21,21,227,22,30.25711,-97.72462,,,,NA,E CESAR CHAVEZ ST,1898,NA,NA,NA,NA,NA,,,,CHICON ST,NA,NA,NA,NA,Y,N,N,2,9,Y,TUE,NA,NA,NA,NA,NA,NA,NA,NA,NA,NA,NA,NA,NA,NA,NA,NA,NA,NA,NA,NA,NA,NA,NA,NA,NA,NA,NA,NA,NA,NA,NA,NA,NA,NA,NA,NA,NA,NA,NA,NA,NA,NA,NA,NA,NA,NA,NA,NA,NA,,,NA,NA,NA,NA,0,1,0,1,0,1,0,90,121974122,1219741221
12197505,AUS_12197505,30.41000795,-97.71649795,2,1,3,16,2,16,1,1,4,11,1,4,N,4,NA,NA,4,97,97,,,0,1,0,0,0,1,0,N,N,N,N,N,N,N,7/11/2011,8:30 PM,227,22,N,N,NA,NA,19,,,7,3200,,DUVAL,RD,N,N,35,Y,Y,4 LANE DIVIDED ROADWAY,N,11,1,,2,12000,N,MOPAC,,NA,,,,MOPAC SVRD NB,,11,0,0,NA,1,1,11,9:04 PM,DISPATCH,9:20 PM,7/12/2011,Y,74,12,46,64,8,5,3,2,64,49,1,5,1,32,21,227,22,30.41000795,-97.71649795,,,,NA,DUVAL RD,3200,NA,NA,NA,NA,NA,,,,N/A,NA,NA,NA,NA,Y,N,N,2,9,Y,MON,NA,NA,NA,NA,NA,NA,NA,NA,NA,NA,NA,NA,NA,NA,NA,NA,NA,NA,NA,NA,NA,NA,NA,NA,NA,NA,NA,NA,NA,NA,NA,NA,NA,NA,NA,NA,NA,NA,NA,NA,NA,NA,NA,NA,NA,NA,NA,NA,NA,,,NA,NA,NA,NA,0,1,0,0,1,1,0,90,121975052,1219750521