CrashID,CrashID1,Latitude,Longitude,Unit_Nbr,Prsn_Nbr,Prsn_Type_ID,Prsn_Occpnt_Pos_ID,Prsn_Injry_Sev_ID,Prsn_Age,Prsn_Ethnicity_ID,Prsn_Gndr_ID,Prsn_Ejct_ID,Prsn_Rest_ID,Prsn_Airbag_ID,Prsn_Helmet_ID,Prsn_Sol_Fl,Prsn_Alc_Spec_Type_ID,Prsn_Alc_Rslt_ID,Prsn_Bac_Test_Rslt,Prsn_Drg_Spec_Type_ID,Prsn_Drg_Rslt_ID,Drvr_Drg_Cat_1_ID,Prsn_Death_Date,Prsn_Death_Time,Incap_Injry_Cnt.x,Nonincap_Injry_Cnt.x,Poss_Injry_Cnt.x,Non_Injry_Cnt.x,Unkn_Injry_Cnt.x,Tot_Injry_Cnt.x,Death_Cnt.x,Crash_Fatal_Fl,Cmv_Involv_Fl,Schl_Bus_Fl,Rr_Relat_Fl,Medical_Advisory_Fl,Amend_Supp_Fl,Active_School_Zone_Fl,Crash_Date,Crash_Time,Rpt_CRIS_Cnty_ID,Rpt_City_ID,Rpt_Outside_City_Limit_Fl,Thousand_Damage_Fl,Rpt_Latitude,Rpt_Longitude,Rpt_Rdwy_Sys_ID,Rpt_Hwy_Num,Rpt_Hwy_Sfx,Rpt_Road_Part_ID,Rpt_Block_Num,Rpt_Street_Pfx,Rpt_Street_Name,Rpt_Street_Sfx,Private_Dr_Fl,Toll_Road_Fl,Crash_Speed_Limit,Road_Constr_Zone_Fl,Road_Constr_Zone_Wrkr_Fl,Rpt_Street_Desc,At_Intrsct_Fl,Rpt_Sec_Rdwy_Sys_ID,Rpt_Sec_Hwy_Num,Rpt_Sec_Hwy_Sfx,Rpt_Sec_Road_Part_ID,Rpt_Sec_Block_Num,Rpt_Sec_Street_Pfx,Rpt_Sec_Street_Name,Rpt_Sec_Street_Sfx,Rpt_Ref_Mark_Offset_Amt,Rpt_Ref_Mark_Dist_Uom,Rpt_Ref_Mark_Dir,Rpt_Ref_Mark_Nbr,Rpt_Sec_Street_Desc,Rpt_CrossingNumber,Wthr_Cond_ID,Light_Cond_ID,Entr_Road_ID,Road_Type_ID,Road_Algn_ID,Surf_Cond_ID,Traffic_Cntl_ID,Investigat_Notify_Time,Investigat_Notify_Meth,Investigat_Arrv_Time,Report_Date,Investigat_Comp_Fl,Investigat_Agency_ID,Investigat_Area_ID,Investigat_District_ID,Investigat_Region_ID,Bridge_Detail_ID,Harm_Evnt_ID,Intrsct_Relat_ID,FHE_Collsn_ID,Obj_Struck_ID,Othr_Factr_ID,Road_Part_Adj_ID,Road_Cls_ID,Road_Relat_ID,Phys_Featr_1_ID,Phys_Featr_2_ID,Cnty_ID,City_ID,Latitude,Longitude,Hwy_Sys,Hwy_Nbr,Hwy_Sfx,Dfo,Street_Name,Street_Nbr,Control,Section,Milepoint,Ref_Mark_Nbr,Ref_Mark_Displ,Hwy_Sys_2,Hwy_Nbr_2,Hwy_Sfx_2,Street_Name_2,Street_Nbr_2,Control_2,Section_2,Milepoint_2,Txdot_Rptable_Fl,Onsys_Fl,Rural_Fl,Crash_Sev_ID,Pop_Group_ID,Located_Fl,Day_of_Week,Hwy_Dsgn_Lane_ID,Hwy_Dsgn_Hrt_ID,Hp_Shldr_Left,Hp_Shldr_Right,Hp_Median_Width,Base_Type_ID,Nbr_Of_Lane,Row_Width_Usual,Roadbed_Width,Surf_Width,Surf_Type_ID,Curb_Type_Left_ID,Curb_Type_Right_ID,Shldr_Type_Left_ID,Shldr_Width_Left,Shldr_Use_Left_ID,Shldr_Type_Right_ID,Shldr_Width_Right,Shldr_Use_Right_ID,Median_Type_ID,Median_Width,Rural_Urban_Type_ID,Func_Sys_ID,Adt_Curnt_Amt,Adt_Curnt_Year,Adt_Adj_Curnt_Amt,Pct_Single_Trk_Adt,Pct_Combo_Trk_Adt,Trk_Aadt_Pct,Curve_Type_ID,Curve_Lngth,Cd_Degr,Delta_Left_Right_ID,Dd_Degr,Feature_Crossed,Structure_Number,I_R_Min_Vert_Clear,Approach_Width,Bridge_Median_ID,Bridge_Loading_Type_ID,Bridge_Loading_In_1000_Lbs,Bridge_Srvc_Type_On_ID,Bridge_Srvc_Type_Under_ID,Culvert_Type_ID,Roadway_Width,Deck_Width,Bridge_Dir_Of_Traffic_ID,Bridge_Rte_Struct_Func_ID,Bridge_IR_Struct_Func_ID,CrossingNumber,RRCo,Poscrossing_ID,WDCode_ID,Standstop,Yield,Incap_Injry_Cnt.y,Nonincap_Injry_Cnt.y,Poss_Injry_Cnt.y,Non_Injry_Cnt.y,Unkn_Injry_Cnt.y,Tot_Injry_Cnt.y,Death_Cnt.y,MPO_ID,Unit_ID,Unit_Prsn_ID
12197601,AUS_12197601,30.26623149,-97.74366125,2,1,3,16,5,19,1,1,4,11,1,4,N,4,NA,NA,4,97,97,,,0,0,0,1,0,0,0,N,N,N,N,N,N,N,7/17/2011,2:26 AM,227,22,N,N,NA,NA,19,,,1,100,W,4TH,ST,N,N,30,N,N,,N,19,,,1,400,,CONGRESS,AVE,NA,,,,,,11,6,98,NA,2,1,20,2:26 AM,OBSERVED,2:26 AM,7/17/2011,Y,74,1,131,411,8,5,4,1,64,54,1,5,1,21,21,227,22,30.26623149,-97.74366125,,,,NA,W 4TH ST,111,NA,NA,NA,NA,NA,,,,N/A,NA,NA,NA,NA,N,N,N,5,9,Y,SUN,NA,NA,NA,NA,NA,NA,NA,NA,NA,NA,NA,NA,NA,NA,NA,NA,NA,NA,NA,NA,NA,NA,NA,NA,NA,NA,NA,NA,NA,NA,NA,NA,NA,NA,NA,NA,NA,NA,NA,NA,NA,NA,NA,NA,NA,NA,NA,NA,NA,,,NA,NA,NA,NA,0,0,0,7,0,0,0,90,121976012,1219760121
12197616,AUS_12197616,30.24017,-97.72708,2,1,3,16,2,27,2,1,4,11,1,4,N,4,NA,NA,4,97,97,,,0,1,0,0,0,1,0,N,N,N,N,N,N,N,7/14/2011,7:28 PM,227,22,N,N,NA,NA,19,,,1,2000,E,RIVERSIDE,DR,N,N,35,N,N,,Y,19,,,1,1500,,BURTON,DR,NA,,,,,,11,1,4,NA,1,1,5,7:28 PM,DISPATCH,7:30 PM,7/14/2011,Y,74,20,98,129,8,5,1,1,64,54,1,5,1,21,21,227,22,30.24017,-97.72708,,,,NA,E RIVERSIDE DR,NA,NA,NA,NA,NA,NA,,,,BURTON DR,NA,NA,NA,NA,Y,N,N,2,9,Y,THU,NA,NA,NA,NA,NA,NA,NA,NA,NA,NA,NA,NA,NA,NA,NA,NA,NA,NA,NA,NA,NA,NA,NA,NA,NA,NA,NA,NA,NA,NA,NA,NA,NA,NA,NA,NA,NA,NA,NA,NA,NA,NA,NA,NA,NA,NA,NA,NA,NA,,,NA,NA,NA,NA,0,1,0,1,0,1,0,90,121976162,1219761621
12197669,AUS_12197669,30.27895182,-97.73218273,2,1,3,16,2,30,1,2,4,11,1,4,N,4,NA,NA,4,97,97,,,0,1,0,0,0,1,0,N,N,N,N,N,N,N,7/17/2011,2:45 AM,227,22,N,N,NA,NA,19,,,1,1800,,RED RIVER,ST,N,N,35,N,N,,N,19,,,1,,E,MARTIN LUTHER KING,BLVD,NA,,,,,,11,4,4,NA,2,1,5,12:34 PM,RADIO/MDC,12:40 PM,7/17/2011,Y,74,NA,NA,187,8,5,2,1,64,54,1,5,1,21,21,227,22,30.27895182,-97.73218273,,,,NA,RED RIVER ST,1898,NA,NA,NA,NA,NA,,,,E MARTIN LUTHER KING JR BLVD,NA,NA,NA,NA,Y,N,N,2,9,Y,SUN,NA,NA,NA,NA,NA,NA,NA,NA,NA,NA,NA,NA,NA,NA,NA,NA,NA,NA,NA,NA,NA,NA,NA,NA,NA,NA,NA,NA,NA,NA,NA,NA,NA,NA,NA,NA,NA,NA,NA,NA,NA,NA,NA,NA,NA,NA,NA,NA,NA,,,NA,NA,NA,NA,0,1,0,0,1,1,0,90,121976692,1219766921
12197731,AUS_12197731,30.23362137,-97.74125785,2,1,3,16,3,31,2,2,4,11,1,4,N,4,NA,NA,4,97,97,,,0,0,1,0,0,1,0,N,N,N,N,N,N,N,7/20/2011,10:38 AM,227,22,N,N,NA,NA,1,35,,2,2300,S,S I 35 EB SVRD,,N,N,0,N,N,,N,19,,,1,1700,E,OLTORF,ST,NA,,,,,,11,1,4,2,1,1,5,10:39 AM,911,10:40 AM,7/20/2011,Y,74,NA,NA,90,8,5,2,1,64,54,2,1,1,21,21,227,22,30.23362137,-97.74125785,IH,35,,231.525,IH0035,NA,15,13,15.404,232,0.354,,,,E OLTORF ST,NA,NA,NA,NA,Y,Y,N,3,9,Y,WED,5,0,2,10,7,2,6,300,96,72,4,0,0,2,4,5,2,20,5,2,3,4,11,157520,2012,157520,2.7,7.3,10,NA,NA,NA,NA,NA,NA,NA,NA,NA,NA,NA,NA,NA,NA,NA,NA,NA,NA,NA,NA,,,NA,NA,NA,NA,0,0,1,1,0,1,0,90,121977312,1219773121
12197733,AUS_12197733,30.24743263,-97.77415354,2,1,3,16,2,36,1,2,4,11,1,4,N,4,NA,NA,4,97,97,,,0,1,0,0,0,1,0,N,N,N,N,N,N,N,7/20/2011,6:53 PM,227,22,N,N,NA,NA,19,,,1,2300,S,LAMAR,BLVD,N,N,35,N,N,,N,19,,,1,,,GOODRICH,AVE,NA,,,,,,11,1,0,3,1,1,1,6:59 PM,DISPATCH,7:06 PM,7/20/2011,Y,74,160,93,112,8,5,3,2,64,14,1,2,1,32,21,227,22,30.24743263,-97.77415354,SL,343,,1.988,SL0343,2225,113,9,6.924,566,-0.502,,,,N/A,NA,NA,NA,NA,Y,Y,N,2,9,Y,WED,2,0,0,0,0,2,4,80,60,48,4,1,1,1,0,0,1,0,0,0,0,4,14,39340,2012,39340,0.8,0.3,1.1,NA,NA,NA,NA,NA,NA,NA,NA,NA,NA,NA,NA,NA,NA,NA,NA,NA,NA,NA,NA,,,NA,NA,NA,NA,0,1,0,1,0,1,0,90,121977332,1219773321
12197753,AUS_12197753,30.30721,-97.74943,2,1,3,16,2,23,1,1,4,11,1,5,N,4,NA,NA,4,97,97,,,0,1,0,0,0,1,0,N,N,N,N,N,N,N,7/21/2011,1:43 PM,227,22,N,N,NA,NA,19,,,1,1400,W,35TH,ST,N,N,0,N,N,,Y,19,,,1,3700,,CRAWFORD,AVE,NA,,,,,,11,1,4,NA,1,1,8,1:43 PM,DISPATCH,1:45 PM,7/21/2011,Y,74,216,10,14,8,5,1,1,64,54,1,5,1,21,21,227,22,30.30721,-97.74943,,,,NA,W 35TH STREET CUTOFF,1501,NA,NA,NA,NA,NA,,,,CRAWFORD AVE,NA,NA,NA,NA,Y,N,N,2,9,Y,THU,NA,NA,NA,NA,NA,NA,NA,NA,NA,NA,NA,NA,NA,NA,NA,NA,NA,NA,NA,NA,NA,NA,NA,NA,NA,NA,NA,NA,NA,NA,NA,NA,NA,NA,NA,NA,NA,NA,NA,NA,NA,NA,NA,NA,NA,NA,NA,NA,NA,,,NA,NA,NA,NA,0,1,0,0,0,1,0,90,121977532,1219775321
12197951,AUS_12197951,30.23584972,-97.82543537,2,1,3,16,3,28,1,1,4,11,1,5,N,4,NA,NA,4,97,97,,,0,0,1,0,0,1,0,N,N,N,N,N,N,N,7/27/2011,1:00 PM,227,22,N,N,NA,NA,2,290,,2,600,W,BEN WHITE EB SVRD,BLVD,N,N,0,N,N,,Y,19,,,1,4000,S,1ST,ST,NA,,,,,,11,1,0,2,1,1,5,1:00 PM,FLAGGED DOWN,1:00 PM,7/27/2011,Y,74,NA,NA,NA,8,5,1,2,64,54,2,2,1,21,21,227,22,30.23584972,-97.82543537,US,290,,112.369,US0290,NA,113,9,2.045,574,-0.66,,,,S MOPAC EXPY,NA,NA,NA,NA,Y,Y,N,3,9,Y,WED,5,0,10,10,62,9,5,320,104,60,5,0,0,2,20,5,2,20,5,3,42,4,12,57690,2012,57690,1.5,0.7,2.2,1,361,1,2,28,NA,NA,NA,NA,NA,NA,NA,NA,NA,NA,NA,NA,NA,NA,NA,,,NA,NA,NA,NA,0,0,1,1,0,1,0,90,121979512,1219795121
12198004,AUS_12198004,30.2474,-97.75921,1,1,3,16,3,27,1,2,4,11,1,4,N,4,NA,NA,4,97,97,,,0,0,1,0,0,1,0,N,N,N,N,N,N,N,7/26/2011,6:07 PM,227,22,N,N,30.24763,-97.75901999,19,,,1,,W,MARY,ST,N,N,25,N,N,,Y,19,,,1,,S,3RD,ST,NA,,,,,,11,1,8,NA,7,1,9,6:07 PM,DISPATCHED,6:14 PM,7/27/2011,Y,74,21,93,112,8,5,1,1,64,54,1,5,1,21,21,227,22,30.2474,-97.75921,,,,NA,W MARY ST,800,NA,NA,NA,NA,NA,,,,S 3RD ST,NA,NA,NA,NA,Y,N,N,3,9,Y,TUE,NA,NA,NA,NA,NA,NA,NA,NA,NA,NA,NA,NA,NA,NA,NA,NA,NA,NA,NA,NA,NA,NA,NA,NA,NA,NA,NA,NA,NA,NA,NA,NA,NA,NA,NA,NA,NA,NA,NA,NA,NA,NA,NA,NA,NA,NA,NA,NA,NA,,,NA,NA,NA,NA,0,0,1,1,0,1,0,90,121980041,1219800411
12198031,AUS_12198031,30.17517021,-97.82311726,2,1,3,16,3,22,1,2,4,11,1,4,N,4,NA,NA,4,97,97,,,0,0,1,0,0,1,0,N,N,N,N,N,N,N,7/23/2011,3:42 PM,227,22,N,N,NA,NA,19,,,1,9700,,MANCHACA,DR,N,N,40,N,N,,N,19,,,1,1800,W,SLAUGHTER,LN,NA,,,,,,11,1,0,3,1,1,20,3:42 PM,DISPATCHED,3:52 PM,7/25/2011,Y,74,17,169,130,8,5,3,1,64,14,1,3,1,32,21,227,22,30.17517021,-97.82311726,FM,2304,,1.949,FM2304,9724,2689,1,4.974,446,-0.025,,,,N/A,NA,NA,NA,NA,Y,Y,N,3,9,Y,SAT,2,0,4,10,0,2,4,100,72,48,4,2,2,2,4,5,2,10,5,0,0,4,14,28000,2012,28000,1.7,0.3,2,NA,NA,NA,NA,NA,NA,NA,NA,NA,NA,NA,NA,NA,NA,NA,NA,NA,NA,NA,NA,,,NA,NA,NA,NA,0,0,1,2,0,1,0,90,121980312,1219803121
12198101,AUS_12198101,30.2643,-97.74421,2,1,3,16,5,34,1,1,4,11,1,4,N,4,NA,NA,4,97,97,,,0,0,0,1,0,0,0,N,N,N,N,N,N,N,7/22/2011,6:27 PM,227,22,N,N,NA,NA,19,,,1,200,S,CONGRESS,AVE,N,N,0,N,N,,Y,19,,,1,100,E,2ND,ST,NA,,,,,,11,1,4,NA,1,1,11,6:28 PM,RADIO,6:35 PM,7/22/2011,Y,74,NA,131,411,8,5,1,3,64,54,1,5,1,21,21,227,22,30.2643,-97.74421,,,,NA,CONGRESS AVE,199,NA,NA,NA,NA,NA,,,,W 2ND ST,NA,NA,NA,NA,N,N,N,5,9,Y,FRI,NA,NA,NA,NA,NA,NA,NA,NA,NA,NA,NA,NA,NA,NA,NA,NA,NA,NA,NA,NA,NA,NA,NA,NA,NA,NA,NA,NA,NA,NA,NA,NA,NA,NA,NA,NA,NA,NA,NA,NA,NA,NA,NA,NA,NA,NA,NA,NA,NA,,,NA,NA,NA,NA,0,0,0,1,1,0,0,90,121981012,1219810121
12206618,AUS_12206618,30.21979,-97.82661,2,1,3,16,2,22,1,2,4,11,1,4,N,4,NA,NA,4,97,97,,,0,1,0,0,0,1,0,N,N,N,N,N,N,N,8/6/2011,7:00 PM,227,1378,N,N,NA,NA,19,,,1,700,,OAKDALE,,N,N,30,N,N,,Y,19,,,1,6400,,BRODIE LANE,,NA,,,,,,11,1,4,NA,1,1,5,7:00 PM,RADIO,7:02 PM,8/7/2011,Y,2199,133,587,431,8,5,2,1,64,54,1,5,1,21,21,227,22,30.21979,-97.82661,,,,NA,OAKDALE DR,700,NA,NA,NA,NA,NA,,,,BRODIE LN,NA,NA,NA,NA,Y,N,N,2,9,Y,SAT,NA,NA,NA,NA,NA,NA,NA,NA,NA,NA,NA,NA,NA,NA,NA,NA,NA,NA,NA,NA,NA,NA,NA,NA,NA,NA,NA,NA,NA,NA,NA,NA,NA,NA,NA,NA,NA,NA,NA,NA,NA,NA,NA,NA,NA,NA,NA,NA,NA,,,NA,NA,NA,NA,0,1,0,1,0,1,0,90,122066182,1220661821
12209836,AUS_12209836,30.29482321,-97.73855104,2,1,3,16,2,35,1,1,4,11,1,4,N,4,NA,NA,4,97,97,,,0,1,0,0,0,1,0,N,N,N,N,N,N,N,7/30/2011,10:30 PM,227,22,N,N,NA,NA,19,,,1,2000,W,30TH,ST,N,N,35,N,N,PAVED ROAD,N,19,,,1,3000,,CEDAR,ST,NA,,,,PAVED ROAD,,11,4,2,NA,2,1,1,10:30 PM,DISPATCH,10:35 PM,8/4/2011,N,74,129,10,14,8,5,3,3,64,14,1,5,1,32,21,227,22,30.29482321,-97.73855104,,,,NA,W 30TH ST,211,NA,NA,NA,NA,NA,,,,N/A,NA,NA,NA,NA,Y,N,N,2,9,Y,SAT,NA,NA,NA,NA,NA,NA,NA,NA,NA,NA,NA,NA,NA,NA,NA,NA,NA,NA,NA,NA,NA,NA,NA,NA,NA,NA,NA,NA,NA,NA,NA,NA,NA,NA,NA,NA,NA,NA,NA,NA,NA,NA,NA,NA,NA,NA,NA,NA,NA,,,NA,NA,NA,NA,0,1,0,0,1,1,0,90,122098362,1220983621
12209852,AUS_12209852,30.26493568,-97.73898494,2,1,3,16,3,23,3,1,4,11,1,4,N,4,NA,NA,4,97,97,,,0,0,1,0,0,1,0,N,N,N,N,N,N,N,8/5/2011,3:11 PM,227,22,N,N,NA,NA,19,,,1,500,E,4TH,ST,N,N,30,N,N,ONE WAY DRY BLACKTOP,N,19,,,1,400,,NECHES,ST,NA,,,,DRY BLACK TOP,,11,1,2,NA,1,1,8,3:11 PM,DISPATCH,3:20 PM,8/5/2011,Y,74,NA,NA,358,8,5,2,1,64,54,1,5,1,21,21,227,22,30.26493568,-97.73898494,,,,NA,E 4TH ST,501,NA,NA,NA,NA,NA,,,,NECHES ST,NA,NA,NA,NA,Y,N,N,3,9,Y,FRI,NA,NA,NA,NA,NA,NA,NA,NA,NA,NA,NA,NA,NA,NA,NA,NA,NA,NA,NA,NA,NA,NA,NA,NA,NA,NA,NA,NA,NA,NA,NA,NA,NA,NA,NA,NA,NA,NA,NA,NA,NA,NA,NA,NA,NA,NA,NA,NA,NA,,,NA,NA,NA,NA,0,0,1,1,0,1,0,90,122098522,1220985221
12209870,AUS_12209870,30.26528,-97.74769,2,1,3,16,2,29,1,1,4,11,1,4,N,4,NA,NA,4,97,97,,,0,1,0,0,0,1,0,N,N,N,N,N,N,N,7/20/2011,6:53 PM,227,22,N,Y,NA,NA,19,,,1,,W,2ND STREET,ST,N,N,0,N,N,W 2ND STREET,Y,19,,,1,,,GUADALUPE,ST,NA,,,,GUADALUPE ST.,,11,1,0,NA,1,1,5,6:36 PM,DISPATCH,6:45 PM,7/20/2011,Y,74,22,115,144,8,5,1,3,64,54,1,5,1,21,21,227,22,30.26528,-97.74769,,,,NA,W WILLIE NELSON BLVD,400,NA,NA,NA,NA,NA,,,,GUADALUPE ST,NA,NA,NA,NA,Y,N,N,2,9,Y,WED,NA,NA,NA,NA,NA,NA,NA,NA,NA,NA,NA,NA,NA,NA,NA,NA,NA,NA,NA,NA,NA,NA,NA,NA,NA,NA,NA,NA,NA,NA,NA,NA,NA,NA,NA,NA,NA,NA,NA,NA,NA,NA,NA,NA,NA,NA,NA,NA,NA,,,NA,NA,NA,NA,0,1,0,1,0,1,0,90,122098702,1220987021
12209995,AUS_12209995,30.25482569,-97.76225329,2,1,3,16,2,NA,1,1,4,11,1,4,N,4,NA,NA,4,97,97,,,0,1,0,0,0,1,0,N,N,N,N,N,N,N,8/3/2011,12:00 PM,227,22,N,N,NA,NA,19,,,1,1100,S,LAMAR,BLVD,N,N,40,N,N,,N,19,,,1,900,,TREADWELL,ST,NA,,,,,,11,1,0,3,1,1,11,12:00 PM,DISPATCHED,12:05 PM,8/3/2011,Y,74,22,105,112,8,5,3,3,64,13,1,2,1,32,21,227,22,30.25482569,-97.76225329,SL,343,,2.902,SL0343,1204,113,10,0.378,566,0.412,,,,N/A,NA,NA,NA,NA,Y,Y,N,2,9,Y,WED,2,0,0,0,0,2,4,80,60,60,4,1,1,1,0,0,1,0,0,0,0,4,14,40000,2012,40000,0.8,0.3,1.1,NA,NA,NA,NA,NA,NA,NA,NA,NA,NA,NA,NA,NA,NA,NA,NA,NA,NA,NA,NA,,,NA,NA,NA,NA,0,1,0,1,0,1,0,90,122099952,1220999521
12210006,AUS_12210006,30.27595939,-97.74725744,2,1,3,16,2,13,1,1,4,11,1,4,N,4,NA,NA,4,97,97,,,0,1,0,0,0,1,0,N,N,N,N,N,N,N,8/1/2011,1:14 PM,227,22,N,N,NA,NA,19,,,7,1200,,RIO GRANDE,ST,N,N,0,N,N,,N,19,,,1,700,W,12TH,ST,NA,,,,,,11,1,2,NA,1,1,1,1:14 PM,DISPATCH,1:18 PM,8/1/2011,Y,74,NA,NA,174,8,5,3,1,64,14,1,5,1,32,21,227,22,30.27595939,-97.74725744,,,,NA,RIO GRANDE ST,1202,NA,NA,NA,NA,NA,,,,N/A,NA,NA,NA,NA,Y,N,N,2,9,Y,MON,NA,NA,NA,NA,NA,NA,NA,NA,NA,NA,NA,NA,NA,NA,NA,NA,NA,NA,NA,NA,NA,NA,NA,NA,NA,NA,NA,NA,NA,NA,NA,NA,NA,NA,NA,NA,NA,NA,NA,NA,NA,NA,NA,NA,NA,NA,NA,NA,NA,,,NA,NA,NA,NA,0,2,0,0,0,2,0,90,122100062,1221000621
12210066,AUS_12210066,30.48616798,-97.77060672,2,1,3,16,3,50,3,1,4,11,1,2,N,4,NA,NA,4,97,97,,,0,0,1,0,0,1,0,N,N,N,N,N,N,N,7/31/2011,10:22 AM,246,22,N,Y,NA,NA,19,,,1,9800,W,PARMER,LN,N,N,60,N,N,ASPHAULT,N,19,,,1,,,LAKELINE,BLVD,NA,,,,ASPHAULT,,11,1,0,2,1,1,20,10:23 AM,RADIO,10:24 AM,7/31/2011,Y,74,1,46,64,8,5,3,2,64,13,1,3,1,32,21,246,22,30.48616798,-97.77060672,FM,734,,3.576,FM0734,NA,3417,1,2.749,430,-0.142,,,,N/A,NA,NA,NA,NA,Y,Y,N,3,9,Y,SUN,3,0,4,10,44,2,6,200,100,72,4,0,0,2,8,5,2,20,5,3,36,4,14,45000,2012,45000,1.5,0.2,1.7,1,111,2,1,16,NA,NA,NA,NA,NA,NA,NA,NA,NA,NA,NA,NA,NA,NA,NA,,,NA,NA,NA,NA,0,0,1,1,0,1,0,90,122100662,1221006621
12215205,AUS_12215205,30.33452,-97.73344,2,1,3,16,2,32,1,1,4,11,1,4,N,4,NA,NA,4,97,97,,,0,1,0,0,0,1,0,Y,N,N,N,N,N,N,6/25/2011,3:15 PM,227,22,N,N,NA,NA,19,,,1,6200,,ARROYO SECO,,N,N,30,N,N,SOUTH BOUND,Y,19,,,1,1700,,ROMERIA,DR,NA,,,,,,11,1,4,NA,1,1,1,3:15 PM,DISPATCH,5:20 PM,6/25/2011,Y,74,NA,75,95,8,5,2,1,64,54,1,5,1,21,21,227,22,30.33452,-97.73344,,,,NA,ARROYO SECO,NA,NA,NA,NA,NA,NA,,,,UNKNOWN,NA,NA,NA,NA,Y,N,N,4,9,Y,SAT,NA,NA,NA,NA,NA,NA,NA,NA,NA,NA,NA,NA,NA,NA,NA,NA,NA,NA,NA,NA,NA,NA,NA,NA,NA,NA,NA,NA,NA,NA,NA,NA,NA,NA,NA,NA,NA,NA,NA,NA,NA,NA,NA,NA,NA,NA,NA,NA,NA,,,NA,NA,NA,NA,0,1,0,0,0,1,1,90,122152052,1221520521
12216016,AUS_12216016,30.26803893,-97.69610273,2,1,3,16,0,NA,0,0,4,11,0,5,N,4,NA,NA,4,97,97,,,0,0,0,0,1,0,0,N,N,N,N,N,N,N,3/7/2011,12:52 PM,227,22,N,N,NA,NA,19,,,1,3700,,GOODWIN,AVE,N,N,0,N,N,,N,19,,,1,,,AIRPORT,BLVD,NA,,,,,,11,1,98,NA,1,1,1,1:37 PM,DISPATCH,1:45 PM,3/7/2011,Y,74,NA,NA,NA,8,5,4,1,64,54,1,5,1,21,21,227,22,30.26803893,-97.69610273,,,,NA,GOODWIN AVE,3701,NA,NA,NA,NA,NA,,,,N/A,NA,NA,NA,NA,N,N,N,5,9,Y,MON,NA,NA,NA,NA,NA,NA,NA,NA,NA,NA,NA,NA,NA,NA,NA,NA,NA,NA,NA,NA,NA,NA,NA,NA,NA,NA,NA,NA,NA,NA,NA,NA,NA,NA,NA,NA,NA,NA,NA,NA,NA,NA,NA,NA,NA,NA,NA,NA,NA,,,NA,NA,NA,NA,0,0,0,2,1,0,0,90,122160162,1221601621
12216069,AUS_12216069,30.17814,-97.8388,2,1,3,16,1,10,1,1,4,11,2,4,N,4,NA,NA,4,97,97,,,1,0,0,0,0,1,0,N,N,N,N,N,N,N,5/27/2011,2:42 PM,227,22,N,N,NA,NA,19,,,1,,W,SLAUGHTER,LN,N,N,45,N,N,,Y,19,,,1,,,LINDSHIRE,LN,NA,,,,,,11,1,0,NA,1,1,5,3:14 PM,PERSONAL CONTACT,3:15 PM,5/27/2011,Y,74,163,99,130,8,5,2,1,64,54,1,5,1,21,21,227,22,30.17814,-97.8388,,,,NA,W SLAUGHTER LN,NA,NA,NA,NA,NA,NA,,,,LINDSHIRE LN,NA,NA,NA,NA,Y,N,N,1,9,Y,FRI,NA,NA,NA,NA,NA,NA,NA,NA,NA,NA,NA,NA,NA,NA,NA,NA,NA,NA,NA,NA,NA,NA,NA,NA,NA,NA,NA,NA,NA,NA,NA,NA,NA,NA,NA,NA,NA,NA,NA,NA,NA,NA,NA,NA,NA,NA,NA,NA,NA,,,NA,NA,NA,NA,1,0,0,1,0,1,0,90,122160692,1221606921
12216128,AUS_12216128,30.45038835,-97.78521425,1,1,3,16,3,23,2,1,4,11,1,4,N,4,NA,NA,4,97,97,,,0,0,1,0,0,1,0,N,N,N,N,N,N,N,7/6/2011,8:29 AM,246,22,N,N,NA,NA,19,,,1,,,PONO SPRINGS,RD,N,N,40,N,N,SIDE STREET,Y,19,,,1,,,ANDERSON MILL,RD,NA,,,,MAIN STREET,,11,1,4,NA,1,1,5,8:29 AM,DISPATCHED,8:41 AM,7/6/2011,Y,74,1,46,64,8,5,2,1,64,54,1,5,1,21,21,246,22,30.45038835,-97.78521425,,,,NA,POND SPRINGS RD,13422,NA,NA,NA,NA,NA,,,,UNKNOWN,NA,NA,NA,NA,Y,N,N,3,9,Y,WED,NA,NA,NA,NA,NA,NA,NA,NA,NA,NA,NA,NA,NA,NA,NA,NA,NA,NA,NA,NA,NA,NA,NA,NA,NA,NA,NA,NA,NA,NA,NA,NA,NA,NA,NA,NA,NA,NA,NA,NA,NA,NA,NA,NA,NA,NA,NA,NA,NA,,,NA,NA,NA,NA,0,0,1,1,0,1,0,90,122161281,1221612811