CrashID,CrashID1,Latitude,Longitude,Unit_Nbr,Prsn_Nbr,Prsn_Type_ID,Prsn_Occpnt_Pos_ID,Prsn_Injry_Sev_ID,Prsn_Age,Prsn_Ethnicity_ID,Prsn_Gndr_ID,Prsn_Ejct_ID,Prsn_Rest_ID,Prsn_Airbag_ID,Prsn_Helmet_ID,Prsn_Sol_Fl,Prsn_Alc_Spec_Type_ID,Prsn_Alc_Rslt_ID,Prsn_Bac_Test_Rslt,Prsn_Drg_Spec_Type_ID,Prsn_Drg_Rslt_ID,Drvr_Drg_Cat_1_ID,Prsn_Death_Date,Prsn_Death_Time,Incap_Injry_Cnt.x,Nonincap_Injry_Cnt.x,Poss_Injry_Cnt.x,Non_Injry_Cnt.x,Unkn_Injry_Cnt.x,Tot_Injry_Cnt.x,Death_Cnt.x,Crash_Fatal_Fl,Cmv_Involv_Fl,Schl_Bus_Fl,Rr_Relat_Fl,Medical_Advisory_Fl,Amend_Supp_Fl,Active_School_Zone_Fl,Crash_Date,Crash_Time,Rpt_CRIS_Cnty_ID,Rpt_City_ID,Rpt_Outside_City_Limit_Fl,Thousand_Damage_Fl,Rpt_Latitude,Rpt_Longitude,Rpt_Rdwy_Sys_ID,Rpt_Hwy_Num,Rpt_Hwy_Sfx,Rpt_Road_Part_ID,Rpt_Block_Num,Rpt_Street_Pfx,Rpt_Street_Name,Rpt_Street_Sfx,Private_Dr_Fl,Toll_Road_Fl,Crash_Speed_Limit,Road_Constr_Zone_Fl,Road_Constr_Zone_Wrkr_Fl,Rpt_Street_Desc,At_Intrsct_Fl,Rpt_Sec_Rdwy_Sys_ID,Rpt_Sec_Hwy_Num,Rpt_Sec_Hwy_Sfx,Rpt_Sec_Road_Part_ID,Rpt_Sec_Block_Num,Rpt_Sec_Street_Pfx,Rpt_Sec_Street_Name,Rpt_Sec_Street_Sfx,Rpt_Ref_Mark_Offset_Amt,Rpt_Ref_Mark_Dist_Uom,Rpt_Ref_Mark_Dir,Rpt_Ref_Mark_Nbr,Rpt_Sec_Street_Desc,Rpt_CrossingNumber,Wthr_Cond_ID,Light_Cond_ID,Entr_Road_ID,Road_Type_ID,Road_Algn_ID,Surf_Cond_ID,Traffic_Cntl_ID,Investigat_Notify_Time,Investigat_Notify_Meth,Investigat_Arrv_Time,Report_Date,Investigat_Comp_Fl,Investigat_Agency_ID,Investigat_Area_ID,Investigat_District_ID,Investigat_Region_ID,Bridge_Detail_ID,Harm_Evnt_ID,Intrsct_Relat_ID,FHE_Collsn_ID,Obj_Struck_ID,Othr_Factr_ID,Road_Part_Adj_ID,Road_Cls_ID,Road_Relat_ID,Phys_Featr_1_ID,Phys_Featr_2_ID,Cnty_ID,City_ID,Latitude,Longitude,Hwy_Sys,Hwy_Nbr,Hwy_Sfx,Dfo,Street_Name,Street_Nbr,Control,Section,Milepoint,Ref_Mark_Nbr,Ref_Mark_Displ,Hwy_Sys_2,Hwy_Nbr_2,Hwy_Sfx_2,Street_Name_2,Street_Nbr_2,Control_2,Section_2,Milepoint_2,Txdot_Rptable_Fl,Onsys_Fl,Rural_Fl,Crash_Sev_ID,Pop_Group_ID,Located_Fl,Day_of_Week,Hwy_Dsgn_Lane_ID,Hwy_Dsgn_Hrt_ID,Hp_Shldr_Left,Hp_Shldr_Right,Hp_Median_Width,Base_Type_ID,Nbr_Of_Lane,Row_Width_Usual,Roadbed_Width,Surf_Width,Surf_Type_ID,Curb_Type_Left_ID,Curb_Type_Right_ID,Shldr_Type_Left_ID,Shldr_Width_Left,Shldr_Use_Left_ID,Shldr_Type_Right_ID,Shldr_Width_Right,Shldr_Use_Right_ID,Median_Type_ID,Median_Width,Rural_Urban_Type_ID,Func_Sys_ID,Adt_Curnt_Amt,Adt_Curnt_Year,Adt_Adj_Curnt_Amt,Pct_Single_Trk_Adt,Pct_Combo_Trk_Adt,Trk_Aadt_Pct,Curve_Type_ID,Curve_Lngth,Cd_Degr,Delta_Left_Right_ID,Dd_Degr,Feature_Crossed,Structure_Number,I_R_Min_Vert_Clear,Approach_Width,Bridge_Median_ID,Bridge_Loading_Type_ID,Bridge_Loading_In_1000_Lbs,Bridge_Srvc_Type_On_ID,Bridge_Srvc_Type_Under_ID,Culvert_Type_ID,Roadway_Width,Deck_Width,Bridge_Dir_Of_Traffic_ID,Bridge_Rte_Struct_Func_ID,Bridge_IR_Struct_Func_ID,CrossingNumber,RRCo,Poscrossing_ID,WDCode_ID,Standstop,Yield,Incap_Injry_Cnt.y,Nonincap_Injry_Cnt.y,Poss_Injry_Cnt.y,Non_Injry_Cnt.y,Unkn_Injry_Cnt.y,Tot_Injry_Cnt.y,Death_Cnt.y,MPO_ID,Unit_ID,Unit_Prsn_ID
12216134,AUS_12216134,30.25843976,-97.7502187,2,1,3,16,2,41,1,2,4,11,1,3,N,4,NA,NA,4,97,97,,,0,1,0,0,0,1,0,N,N,N,N,N,N,N,6/28/2011,1:10 PM,227,22,N,Y,NA,NA,19,,,1,600,,BARTON SPRINGS,RD,N,N,35,N,N,,N,19,,,NA,600,S,1ST,ST,NA,,,,,,11,1,98,NA,1,1,5,1:11 PM,DISPATCHED,1:16 PM,6/28/2011,Y,74,NA,NA,153,8,5,3,3,64,13,1,5,1,32,21,227,22,30.25843976,-97.7502187,,,,NA,BARTON SPRINGS RD,610,NA,NA,NA,NA,NA,,,,N/A,NA,NA,NA,NA,Y,N,N,2,9,Y,TUE,NA,NA,NA,NA,NA,NA,NA,NA,NA,NA,NA,NA,NA,NA,NA,NA,NA,NA,NA,NA,NA,NA,NA,NA,NA,NA,NA,NA,NA,NA,NA,NA,NA,NA,NA,NA,NA,NA,NA,NA,NA,NA,NA,NA,NA,NA,NA,NA,NA,,,NA,NA,NA,NA,0,1,0,1,0,1,0,90,122161342,1221613421
12229503,AUS_12229503,30.26551,-97.74109,1,1,3,16,5,21,1,1,4,11,1,4,N,4,NA,NA,4,97,97,,,0,0,0,1,0,0,0,N,N,N,N,N,N,N,8/20/2011,1:34 AM,227,22,N,Y,NA,NA,19,,,1,,,SAN JACINTO,BLVD,N,N,35,N,N,,Y,19,,,NA,,E,4TH,ST,NA,,,,,,11,4,2,NA,1,1,8,1:34 AM,DISPATCH,1:37 AM,8/20/2011,Y,74,22,115,144,8,5,1,1,64,9,1,5,1,21,21,227,22,30.26551,-97.74109,,,,NA,SAN JACINTO BLVD,401,NA,NA,NA,NA,NA,,,,E 4TH ST,NA,NA,NA,NA,Y,N,N,2,9,Y,SAT,NA,NA,NA,NA,NA,NA,NA,NA,NA,NA,NA,NA,NA,NA,NA,NA,NA,NA,NA,NA,NA,NA,NA,NA,NA,NA,NA,NA,NA,NA,NA,NA,NA,NA,NA,NA,NA,NA,NA,NA,NA,NA,NA,NA,NA,NA,NA,NA,NA,,,NA,NA,NA,NA,0,1,1,3,0,2,0,90,122295031,1222950311
12229698,AUS_12229698,30.42912773,-97.74956524,2,1,3,16,1,53,1,1,4,11,1,1,N,4,NA,NA,4,97,97,,,1,0,0,0,0,1,0,N,N,N,N,N,N,N,8/16/2011,7:29 PM,227,22,N,Y,NA,NA,19,,,1,12130,,RIATA TRACE,PKWY,N,N,45,N,N,,N,19,,,NA,12200,,RESEARCH SVRD NB,BLVD,NA,,,,,,11,1,0,NA,1,1,20,7:29 PM,DISPATCHED,7:39 PM,8/16/2011,Y,74,NA,46,64,8,5,2,1,64,54,1,5,1,21,21,227,22,30.42912773,-97.74956524,,,,NA,RIATA TRACE PKY,12280,NA,NA,NA,NA,NA,,,,RESEARCH PARK LOOP,NA,NA,NA,NA,Y,N,N,1,9,Y,TUE,NA,NA,NA,NA,NA,NA,NA,NA,NA,NA,NA,NA,NA,NA,NA,NA,NA,NA,NA,NA,NA,NA,NA,NA,NA,NA,NA,NA,NA,NA,NA,NA,NA,NA,NA,NA,NA,NA,NA,NA,NA,NA,NA,NA,NA,NA,NA,NA,NA,,,NA,NA,NA,NA,1,0,0,1,0,1,0,90,122296982,1222969821
12230393,AUS_12230393,30.43383372,-97.66973843,1,1,3,16,3,43,2,1,4,11,1,4,N,4,NA,NA,4,97,97,,,0,0,1,0,0,1,0,N,N,N,N,N,N,N,7/15/2011,1:18 PM,227,22,N,N,NA,NA,1,35,,2,14300,N,IH 35 SB SVRD,HWY,N,N,0,N,N,,N,19,,,1,,,KORMAN,DR,NA,,,,,,11,1,0,2,1,1,11,1:19 PM,911,1:21 PM,7/15/2011,Y,74,NA,NA,NA,8,5,3,1,64,14,2,1,1,32,21,227,22,30.43383372,-97.66973843,IH,35,,246.341,IH0035,NA,15,13,30.215,247,0.172,,,,N/A,NA,NA,NA,NA,Y,Y,N,3,9,Y,FRI,5,0,4,10,11,2,6,300,100,72,4,0,0,2,8,5,2,20,5,2,3,4,11,125090,2012,125090,3.1,8.3,11.4,NA,NA,NA,NA,NA,NA,NA,NA,NA,NA,NA,NA,NA,NA,NA,NA,NA,NA,NA,NA,,,NA,NA,NA,NA,0,0,1,3,0,1,0,90,122303931,1223039311
12230442,AUS_12230442,30.29721,-97.72675,2,1,3,16,2,24,1,1,4,11,1,2,N,4,NA,NA,4,97,97,,,0,1,0,0,0,1,0,N,N,N,N,N,N,N,6/23/2011,12:57 PM,227,22,N,Y,NA,NA,19,,,1,3700,,GREENWAY,,N,N,30,N,N,,Y,19,,,1,700,E,38TH,ST,NA,,,,,,11,1,3,NA,2,1,1,12:57 PM,DISPATCHED CALL,1:04 PM,6/23/2011,Y,74,NA,NA,NA,8,5,1,1,64,54,1,5,1,21,21,227,22,30.29721,-97.72675,,,,NA,GREENWAY ST,3799,NA,NA,NA,NA,NA,,,,E 38TH ST,NA,NA,NA,NA,Y,N,N,2,9,Y,THU,NA,NA,NA,NA,NA,NA,NA,NA,NA,NA,NA,NA,NA,NA,NA,NA,NA,NA,NA,NA,NA,NA,NA,NA,NA,NA,NA,NA,NA,NA,NA,NA,NA,NA,NA,NA,NA,NA,NA,NA,NA,NA,NA,NA,NA,NA,NA,NA,NA,,,NA,NA,NA,NA,0,1,0,1,0,1,0,90,122304422,1223044221
12247143,AUS_12247143,30.22359296,-97.76387613,1,1,3,16,2,31,1,1,4,11,1,4,N,4,NA,NA,4,97,97,,,0,1,0,0,0,1,0,N,N,N,N,N,N,N,8/28/2011,11:49 PM,227,22,N,N,NA,NA,19,,,2,200,W,BEN WHITE EB SVRD,BLVD,N,N,55,N,N,,N,19,,,NA,,S,CONGRESS,AVE,NA,,,,,,11,4,0,NA,1,1,1,11:49 PM,DISPATCHED,11:53 PM,8/28/2011,Y,74,NA,NA,90,8,5,3,1,64,14,2,5,1,32,21,227,22,30.22359296,-97.76387613,,,,NA,W BEN WHITE BLVD,NA,NA,NA,NA,NA,NA,,,,N/A,NA,NA,NA,NA,Y,N,N,2,9,Y,SUN,NA,NA,NA,NA,NA,NA,NA,NA,NA,NA,NA,NA,NA,NA,NA,NA,NA,NA,NA,NA,NA,NA,NA,NA,NA,NA,NA,NA,NA,NA,NA,NA,NA,NA,NA,NA,NA,NA,NA,NA,NA,NA,NA,NA,NA,NA,NA,NA,NA,,,NA,NA,NA,NA,0,1,0,1,0,1,0,90,122471431,1224714311
12248258,AUS_12248258,30.39191108,-97.72158006,2,1,3,16,1,34,1,2,4,11,1,4,N,4,NA,NA,4,97,97,,,1,0,0,0,0,1,0,N,N,N,N,N,N,N,8/31/2011,11:30 PM,227,22,N,N,NA,NA,19,,,1,10704,,BURNET,RD,N,N,0,N,N,,N,19,,,1,,W,BRAKER,LN,NA,,,,,,11,3,0,NA,1,1,1,11:30 PM,FLAGGED DOWN,11:30 PM,9/1/2011,Y,74,NA,8,98,8,5,4,1,64,54,1,3,1,21,21,227,22,30.39191108,-97.72158006,,,,NA,BURNET RD,10707,NA,NA,NA,NA,NA,,,,N/A,NA,NA,NA,NA,Y,N,N,1,9,Y,WED,NA,NA,NA,NA,NA,NA,NA,NA,NA,NA,NA,NA,NA,NA,NA,NA,NA,NA,NA,NA,NA,NA,NA,NA,NA,NA,NA,NA,NA,NA,NA,NA,NA,NA,NA,NA,NA,NA,NA,NA,NA,NA,NA,NA,NA,NA,NA,NA,NA,,,NA,NA,NA,NA,1,0,0,0,1,1,0,90,122482582,1224825821
12248397,AUS_12248397,30.4157,-97.74836,2,1,3,16,2,36,1,1,4,11,1,2,N,4,NA,NA,4,97,97,,,0,1,0,0,0,1,0,N,N,N,N,N,N,N,8/27/2011,1:30 PM,227,22,N,N,NA,NA,19,,,7,11500,,JOLLYVILLE,RD,N,N,0,N,N,PARKING LOT,N,19,,,1,5300,,THUNDER CREEK,RD,NA,,,,,,11,1,0,NA,1,1,16,1:50 PM,DISPATCHED,1:58 PM,8/27/2011,Y,74,22,46,64,8,5,3,1,64,14,1,5,1,32,21,227,22,30.4157,-97.74836,,,,NA,JOLLYVILLE RD,11579,NA,NA,NA,NA,NA,,,,N/A,NA,NA,NA,NA,Y,N,N,2,9,Y,SAT,NA,NA,NA,NA,NA,NA,NA,NA,NA,NA,NA,NA,NA,NA,NA,NA,NA,NA,NA,NA,NA,NA,NA,NA,NA,NA,NA,NA,NA,NA,NA,NA,NA,NA,NA,NA,NA,NA,NA,NA,NA,NA,NA,NA,NA,NA,NA,NA,NA,,,NA,NA,NA,NA,0,1,0,1,0,1,0,90,122483972,1224839721
12248524,AUS_12248524,30.36314489,-97.69724134,2,1,3,16,3,31,1,1,4,11,2,4,N,4,NA,NA,4,97,97,,,0,0,1,0,0,1,0,N,N,N,N,N,N,N,8/22/2011,8:49 PM,227,22,N,Y,NA,NA,19,,,1,800,W,RUNDBERG,LN,N,N,35,N,N,,N,19,,,1,,N,LAMAR,BLVD,NA,,,,,,11,4,0,NA,1,1,20,8:49 PM,DISPATCHED,8:53 PM,8/22/2011,Y,74,63,123,143,8,5,4,1,64,54,1,5,1,21,21,227,22,30.36314489,-97.69724134,,,,NA,W RUNDBERG LN,NA,NA,NA,NA,NA,NA,,,,N/A,NA,NA,NA,NA,Y,N,N,3,9,Y,MON,NA,NA,NA,NA,NA,NA,NA,NA,NA,NA,NA,NA,NA,NA,NA,NA,NA,NA,NA,NA,NA,NA,NA,NA,NA,NA,NA,NA,NA,NA,NA,NA,NA,NA,NA,NA,NA,NA,NA,NA,NA,NA,NA,NA,NA,NA,NA,NA,NA,,,NA,NA,NA,NA,0,0,1,1,0,1,0,90,122485242,1224852421
12248557,AUS_12248557,30.25852,-97.72866,2,1,3,16,3,44,1,2,4,11,1,3,N,4,NA,NA,4,97,97,,,0,0,1,0,0,1,0,N,N,N,N,N,N,N,8/24/2011,7:38 AM,227,22,N,N,NA,NA,19,,,1,,,COMAL,ST,N,N,35,N,N,,Y,19,,,1,,E,CESAR CHAVEZ,ST,NA,,,,,,11,1,4,NA,1,1,5,7:39 AM,DISPATCHED,7:41 AM,8/24/2011,Y,74,NA,NA,359,8,5,1,3,64,54,1,5,1,21,21,227,22,30.25852,-97.72866,,,,NA,COMAL ST,101,NA,NA,NA,NA,NA,,,,E CESAR CHAVEZ ST,NA,NA,NA,NA,Y,N,N,3,9,Y,WED,NA,NA,NA,NA,NA,NA,NA,NA,NA,NA,NA,NA,NA,NA,NA,NA,NA,NA,NA,NA,NA,NA,NA,NA,NA,NA,NA,NA,NA,NA,NA,NA,NA,NA,NA,NA,NA,NA,NA,NA,NA,NA,NA,NA,NA,NA,NA,NA,NA,,,NA,NA,NA,NA,0,0,1,1,0,1,0,90,122485572,1224855721
12261764,AUS_12261764,30.23395964,-97.86571597,1,1,3,16,2,46,1,1,4,11,1,4,N,4,NA,NA,4,97,97,,,0,1,0,0,0,1,0,N,N,N,N,N,N,N,9/7/2011,1:55 PM,227,22,N,Y,NA,NA,2,290,,1,6700,W,NOT REPORTED,,N,N,50,N,N,,N,19,,,NA,,W,WILLIAM CANNON,DR,NA,,,,,,11,1,0,3,1,1,8,2:07 PM,DISPATCH,2:20 PM,9/7/2011,Y,74,1,105,112,8,5,2,1,64,54,1,2,1,21,21,227,22,30.23395964,-97.86571597,US,290,,109.936,US0290,NA,113,8,6.795,570,0.792,,,,W WILLIAM CANNON DR,NA,NA,NA,NA,Y,Y,N,2,9,Y,WED,2,0,6,6,0,2,4,160,74,42,4,0,0,2,6,5,2,6,5,0,0,4,12,58000,2012,58000,1.5,0.7,2.2,NA,NA,NA,NA,NA,NA,NA,NA,NA,NA,NA,NA,NA,NA,NA,NA,NA,NA,NA,NA,,,NA,NA,NA,NA,0,1,0,3,0,1,0,90,122617641,1226176411
12261765,AUS_12261765,30.23357,-97.72379,1,1,3,16,2,26,3,1,4,11,1,4,N,4,NA,NA,4,97,97,,,0,1,0,0,0,1,0,N,N,N,N,N,N,N,9/7/2011,9:26 PM,227,22,N,N,NA,NA,19,,,1,2500,E,RIVERSIDE,DR,N,N,35,N,N,,Y,19,,,NA,,S,PLEASANT VALLEY,RD,NA,,,,,,11,4,0,NA,1,1,21,9:27 PM,RESPONDED,9:30 PM,9/7/2011,Y,74,NA,NA,265,8,5,2,1,64,54,1,5,1,21,21,227,22,30.23357,-97.72379,,,,NA,E RIVERSIDE DR,NA,NA,NA,NA,NA,NA,,,,S PLEASANT VALLEY RD,NA,NA,NA,NA,Y,N,N,2,9,Y,WED,NA,NA,NA,NA,NA,NA,NA,NA,NA,NA,NA,NA,NA,NA,NA,NA,NA,NA,NA,NA,NA,NA,NA,NA,NA,NA,NA,NA,NA,NA,NA,NA,NA,NA,NA,NA,NA,NA,NA,NA,NA,NA,NA,NA,NA,NA,NA,NA,NA,,,NA,NA,NA,NA,0,1,0,1,0,1,0,90,122617651,1226176511
12261767,AUS_12261767,30.23147,-97.73573999,1,1,3,16,1,57,2,1,4,11,1,4,N,4,NA,NA,4,97,97,,,1,0,0,0,0,1,0,N,N,N,N,N,N,N,9/3/2011,9:01 PM,227,22,N,N,NA,NA,19,,,1,1800,E,OLTORF,ST,N,N,40,N,N,,Y,19,,,NA,2300,,BURLESON,RD,NA,,,,,,11,4,2,NA,1,1,5,9:01 PM,DISPATCHED,9:04 PM,9/3/2011,N,74,NA,53,65,8,5,2,1,64,54,1,5,1,21,21,227,22,30.23147,-97.73573999,,,,NA,E OLTORF ST,1898,NA,NA,NA,NA,NA,,,,BURLESON RD,NA,NA,NA,NA,Y,N,N,1,9,Y,SAT,NA,NA,NA,NA,NA,NA,NA,NA,NA,NA,NA,NA,NA,NA,NA,NA,NA,NA,NA,NA,NA,NA,NA,NA,NA,NA,NA,NA,NA,NA,NA,NA,NA,NA,NA,NA,NA,NA,NA,NA,NA,NA,NA,NA,NA,NA,NA,NA,NA,,,NA,NA,NA,NA,1,0,0,0,0,1,0,90,122617671,1226176711
12262957,AUS_12262957,30.30784,-97.69002,2,1,3,16,3,43,1,1,4,11,1,4,N,4,NA,NA,4,97,97,,,0,0,1,0,0,1,0,N,N,N,N,N,N,N,8/20/2011,9:22 PM,227,22,N,Y,NA,NA,19,,,1,5500,,WESTMINISTER,DR,N,N,0,N,N,,Y,19,,,1,2000,,ROGGE,LN,NA,,,,,,11,3,4,NA,1,1,8,9:22 PM,DISPATCHED,9:22 PM,8/20/2011,Y,74,NA,75,95,8,5,1,1,64,54,1,5,1,21,21,227,22,30.30784,-97.69002,,,,NA,WESTMINSTER DR,5499,NA,NA,NA,NA,NA,,,,ROGGE LN,NA,NA,NA,NA,Y,N,N,3,9,Y,SAT,NA,NA,NA,NA,NA,NA,NA,NA,NA,NA,NA,NA,NA,NA,NA,NA,NA,NA,NA,NA,NA,NA,NA,NA,NA,NA,NA,NA,NA,NA,NA,NA,NA,NA,NA,NA,NA,NA,NA,NA,NA,NA,NA,NA,NA,NA,NA,NA,NA,,,NA,NA,NA,NA,0,0,1,1,0,1,0,90,122629572,1226295721
12263022,AUS_12263022,30.41179,-97.72343,1,1,3,16,2,30,1,2,4,11,1,4,N,4,NA,NA,4,97,97,,,0,1,0,0,0,1,0,N,N,N,N,N,N,N,8/5/2011,11:24 AM,227,22,N,Y,NA,NA,19,,,1,11900,,ASPENDALE,DR,N,N,30,N,N,,Y,19,,,1,3800,,DUVAL,RD,NA,,,,,,11,1,2,NA,1,1,8,11:25 AM,DISPATCH,11:30 AM,8/5/2011,Y,74,12,46,64,8,5,2,1,64,54,1,5,1,21,21,227,22,30.41179,-97.72343,,,,NA,ASPENDALE DR,NA,NA,NA,NA,NA,NA,,,,DUVAL RD,NA,NA,NA,NA,Y,N,N,2,9,Y,FRI,NA,NA,NA,NA,NA,NA,NA,NA,NA,NA,NA,NA,NA,NA,NA,NA,NA,NA,NA,NA,NA,NA,NA,NA,NA,NA,NA,NA,NA,NA,NA,NA,NA,NA,NA,NA,NA,NA,NA,NA,NA,NA,NA,NA,NA,NA,NA,NA,NA,,,NA,NA,NA,NA,0,1,0,1,0,1,0,90,122630221,1226302211
12267642,AUS_12267642,30.33103591,-97.68276923,1,1,3,16,3,12,1,1,4,11,1,4,N,4,NA,NA,4,97,97,,,0,0,1,0,0,1,0,N,N,N,N,N,N,N,8/7/2011,2:19 PM,227,22,N,N,NA,NA,19,,,1,1700,W,ANDERSON,LN,N,N,45,N,N,,Y,19,,,1,7800,,WOODROW,AVE,NA,,,,,,11,1,0,2,1,1,5,2:19 PM,DISPATCH,2:24 PM,8/7/2011,Y,74,NA,84,95,8,5,1,1,64,54,1,2,1,21,21,227,22,30.33103591,-97.68276923,US,183,,319.787,US0183,1700,151,9,9.593,516,-0.401,US,290,,US0290,NA,NA,NA,NA,Y,Y,N,3,9,Y,SUN,4,0,0,0,28,2,5,260,107,60,5,0,0,1,4,0,1,10,0,2,24,4,12,36890,2012,36890,2.1,1,3.1,NA,NA,NA,NA,NA,NA,NA,NA,NA,NA,NA,NA,NA,NA,NA,NA,NA,NA,NA,NA,,,NA,NA,NA,NA,0,0,1,1,0,1,0,90,122676421,1226764211
12267666,AUS_12267666,30.21799263,-97.75472408,2,1,3,16,2,52,2,1,4,11,1,4,N,4,NA,NA,4,97,97,,,0,1,0,0,0,1,0,N,N,N,N,N,N,N,5/13/2011,4:25 PM,227,22,N,Y,NA,NA,2,71,,2,900,E,BEN WHITE,,N,N,50,N,N,,N,19,,,NA,,S,IH 35 SVRD SB,,NA,,,,S. IH 35 SVRD SB,,11,1,0,2,1,1,1,4:28 PM,DISPATCHED,4:31 PM,5/13/2011,Y,74,NA,NA,NA,8,5,3,1,64,14,2,2,1,32,21,227,22,30.21799263,-97.75472408,US,290,,116.957,US0290,NA,113,13,3.118,578,-0.074,,,,N/A,NA,NA,NA,NA,Y,Y,N,2,9,Y,FRI,5,0,10,10,40,2,6,380,112,72,5,1,0,2,20,5,2,20,5,1,20,4,12,132200,2012,132200,1.9,2.6,4.5,NA,NA,NA,NA,NA,NA,NA,NA,NA,NA,NA,NA,NA,NA,NA,NA,NA,NA,NA,NA,,,NA,NA,NA,NA,0,1,0,1,0,1,0,90,122676662,1226766621
12267714,AUS_12267714,30.43728482,-97.73588291,2,1,3,16,2,39,1,1,4,11,1,4,N,4,NA,NA,4,97,97,,,0,1,0,0,0,1,0,N,N,N,N,N,N,N,8/22/2011,2:17 PM,227,22,N,N,NA,NA,19,,,1,13000,,LEGENDARY,DR,N,N,0,N,N,,N,19,,,1,5300,W,PARMER,LN,NA,,,,,,11,1,2,2,1,1,8,2:17 AM,DISPATCHED,2:30 AM,8/22/2011,Y,74,NA,46,64,8,5,2,1,64,54,1,3,1,21,21,227,22,30.43728482,-97.73588291,FM,734,,7.609,FM0734,5522,3417,2,7.008,422,-0.766,,,,LEGENDARY DR,NA,NA,NA,NA,Y,Y,N,2,9,Y,MON,3,0,10,10,40,2,4,200,94,48,4,0,0,2,14,5,2,20,5,3,26,4,14,28000,2012,28000,1.8,1.6,3.4,NA,NA,NA,NA,NA,NA,NA,NA,NA,NA,NA,NA,NA,NA,NA,NA,NA,NA,NA,NA,,,NA,NA,NA,NA,0,1,0,2,0,1,0,90,122677142,1226771421
12267741,AUS_12267741,30.25658587,-97.7230686,2,1,3,16,3,19,1,1,4,11,1,4,N,4,NA,NA,4,97,97,,,0,0,1,0,0,1,0,N,N,N,N,N,N,N,8/11/2011,8:35 PM,227,22,N,N,NA,NA,19,,,1,1800,E,CESAR CHAVEZ,ST,N,N,30,N,N,,N,19,,,1,100,N,CHICON,ST,NA,,,,,,11,4,0,NA,1,1,1,8:35 PM,DISPATCH,8:38 PM,8/11/2011,Y,74,17,34,48,8,5,4,1,64,54,1,5,1,21,21,227,22,30.25658587,-97.7230686,,,,NA,E CESAR CHAVEZ ST,2013,NA,NA,NA,NA,NA,,,,N/A,NA,NA,NA,NA,Y,N,N,3,9,Y,THU,NA,NA,NA,NA,NA,NA,NA,NA,NA,NA,NA,NA,NA,NA,NA,NA,NA,NA,NA,NA,NA,NA,NA,NA,NA,NA,NA,NA,NA,NA,NA,NA,NA,NA,NA,NA,NA,NA,NA,NA,NA,NA,NA,NA,NA,NA,NA,NA,NA,,,NA,NA,NA,NA,0,0,1,2,0,1,0,90,122677412,1226774121
12272047,AUS_12272047,30.27125827,-97.70537304,1,1,3,16,3,12,2,1,4,11,1,4,N,4,NA,NA,4,97,97,,,0,0,1,0,0,1,0,N,N,N,N,N,N,N,9/14/2011,8:25 PM,227,22,N,N,NA,NA,19,,,1,2700,,GOODWIN,AVE,N,N,30,N,N,,N,19,,,NA,3500,,WEBBERVILLE,RD,NA,,,,,,11,3,3,NA,2,1,8,8:25 PM,DISPATCHED,8:29 PM,9/14/2011,Y,74,64,34,48,8,5,4,1,64,54,1,5,1,21,21,227,22,30.27125827,-97.70537304,,,,NA,GOODWIN AVE,2715,NA,NA,NA,NA,NA,,,,N/A,NA,NA,NA,NA,Y,N,N,3,9,Y,WED,NA,NA,NA,NA,NA,NA,NA,NA,NA,NA,NA,NA,NA,NA,NA,NA,NA,NA,NA,NA,NA,NA,NA,NA,NA,NA,NA,NA,NA,NA,NA,NA,NA,NA,NA,NA,NA,NA,NA,NA,NA,NA,NA,NA,NA,NA,NA,NA,NA,,,NA,NA,NA,NA,0,0,1,4,0,1,0,90,122720471,1227204711
12272104,AUS_12272104,30.22965,-97.76026,2,1,3,16,2,19,1,1,4,11,1,4,N,4,NA,NA,4,97,97,,,0,1,0,0,0,1,0,N,N,N,N,N,N,N,9/8/2011,10:37 AM,227,22,N,N,NA,NA,19,,,1,3800,S,CONGRESS,AVE,N,N,35,N,N,,Y,19,,,NA,,,WOODWARD,ST,NA,,,,,,11,1,4,NA,1,1,5,10:37 AM,DISPATCHED,,9/8/2011,Y,74,NA,NA,NA,8,5,1,1,64,54,1,5,1,21,21,227,22,30.22965,-97.76026,,,,NA,S CONGRESS AVE,3401,NA,NA,NA,NA,NA,,,,WOODWARD ST,NA,NA,NA,NA,Y,N,N,2,9,Y,THU,NA,NA,NA,NA,NA,NA,NA,NA,NA,NA,NA,NA,NA,NA,NA,NA,NA,NA,NA,NA,NA,NA,NA,NA,NA,NA,NA,NA,NA,NA,NA,NA,NA,NA,NA,NA,NA,NA,NA,NA,NA,NA,NA,NA,NA,NA,NA,NA,NA,,,NA,NA,NA,NA,0,1,0,1,0,1,0,90,122721042,1227210421