CrashID,CrashID1,Latitude,Longitude,Unit_Nbr,Prsn_Nbr,Prsn_Type_ID,Prsn_Occpnt_Pos_ID,Prsn_Injry_Sev_ID,Prsn_Age,Prsn_Ethnicity_ID,Prsn_Gndr_ID,Prsn_Ejct_ID,Prsn_Rest_ID,Prsn_Airbag_ID,Prsn_Helmet_ID,Prsn_Sol_Fl,Prsn_Alc_Spec_Type_ID,Prsn_Alc_Rslt_ID,Prsn_Bac_Test_Rslt,Prsn_Drg_Spec_Type_ID,Prsn_Drg_Rslt_ID,Drvr_Drg_Cat_1_ID,Prsn_Death_Date,Prsn_Death_Time,Incap_Injry_Cnt.x,Nonincap_Injry_Cnt.x,Poss_Injry_Cnt.x,Non_Injry_Cnt.x,Unkn_Injry_Cnt.x,Tot_Injry_Cnt.x,Death_Cnt.x,Crash_Fatal_Fl,Cmv_Involv_Fl,Schl_Bus_Fl,Rr_Relat_Fl,Medical_Advisory_Fl,Amend_Supp_Fl,Active_School_Zone_Fl,Crash_Date,Crash_Time,Rpt_CRIS_Cnty_ID,Rpt_City_ID,Rpt_Outside_City_Limit_Fl,Thousand_Damage_Fl,Rpt_Latitude,Rpt_Longitude,Rpt_Rdwy_Sys_ID,Rpt_Hwy_Num,Rpt_Hwy_Sfx,Rpt_Road_Part_ID,Rpt_Block_Num,Rpt_Street_Pfx,Rpt_Street_Name,Rpt_Street_Sfx,Private_Dr_Fl,Toll_Road_Fl,Crash_Speed_Limit,Road_Constr_Zone_Fl,Road_Constr_Zone_Wrkr_Fl,Rpt_Street_Desc,At_Intrsct_Fl,Rpt_Sec_Rdwy_Sys_ID,Rpt_Sec_Hwy_Num,Rpt_Sec_Hwy_Sfx,Rpt_Sec_Road_Part_ID,Rpt_Sec_Block_Num,Rpt_Sec_Street_Pfx,Rpt_Sec_Street_Name,Rpt_Sec_Street_Sfx,Rpt_Ref_Mark_Offset_Amt,Rpt_Ref_Mark_Dist_Uom,Rpt_Ref_Mark_Dir,Rpt_Ref_Mark_Nbr,Rpt_Sec_Street_Desc,Rpt_CrossingNumber,Wthr_Cond_ID,Light_Cond_ID,Entr_Road_ID,Road_Type_ID,Road_Algn_ID,Surf_Cond_ID,Traffic_Cntl_ID,Investigat_Notify_Time,Investigat_Notify_Meth,Investigat_Arrv_Time,Report_Date,Investigat_Comp_Fl,Investigat_Agency_ID,Investigat_Area_ID,Investigat_District_ID,Investigat_Region_ID,Bridge_Detail_ID,Harm_Evnt_ID,Intrsct_Relat_ID,FHE_Collsn_ID,Obj_Struck_ID,Othr_Factr_ID,Road_Part_Adj_ID,Road_Cls_ID,Road_Relat_ID,Phys_Featr_1_ID,Phys_Featr_2_ID,Cnty_ID,City_ID,Latitude,Longitude,Hwy_Sys,Hwy_Nbr,Hwy_Sfx,Dfo,Street_Name,Street_Nbr,Control,Section,Milepoint,Ref_Mark_Nbr,Ref_Mark_Displ,Hwy_Sys_2,Hwy_Nbr_2,Hwy_Sfx_2,Street_Name_2,Street_Nbr_2,Control_2,Section_2,Milepoint_2,Txdot_Rptable_Fl,Onsys_Fl,Rural_Fl,Crash_Sev_ID,Pop_Group_ID,Located_Fl,Day_of_Week,Hwy_Dsgn_Lane_ID,Hwy_Dsgn_Hrt_ID,Hp_Shldr_Left,Hp_Shldr_Right,Hp_Median_Width,Base_Type_ID,Nbr_Of_Lane,Row_Width_Usual,Roadbed_Width,Surf_Width,Surf_Type_ID,Curb_Type_Left_ID,Curb_Type_Right_ID,Shldr_Type_Left_ID,Shldr_Width_Left,Shldr_Use_Left_ID,Shldr_Type_Right_ID,Shldr_Width_Right,Shldr_Use_Right_ID,Median_Type_ID,Median_Width,Rural_Urban_Type_ID,Func_Sys_ID,Adt_Curnt_Amt,Adt_Curnt_Year,Adt_Adj_Curnt_Amt,Pct_Single_Trk_Adt,Pct_Combo_Trk_Adt,Trk_Aadt_Pct,Curve_Type_ID,Curve_Lngth,Cd_Degr,Delta_Left_Right_ID,Dd_Degr,Feature_Crossed,Structure_Number,I_R_Min_Vert_Clear,Approach_Width,Bridge_Median_ID,Bridge_Loading_Type_ID,Bridge_Loading_In_1000_Lbs,Bridge_Srvc_Type_On_ID,Bridge_Srvc_Type_Under_ID,Culvert_Type_ID,Roadway_Width,Deck_Width,Bridge_Dir_Of_Traffic_ID,Bridge_Rte_Struct_Func_ID,Bridge_IR_Struct_Func_ID,CrossingNumber,RRCo,Poscrossing_ID,WDCode_ID,Standstop,Yield,Incap_Injry_Cnt.y,Nonincap_Injry_Cnt.y,Poss_Injry_Cnt.y,Non_Injry_Cnt.y,Unkn_Injry_Cnt.y,Tot_Injry_Cnt.y,Death_Cnt.y,MPO_ID,Unit_ID,Unit_Prsn_ID
12272128,AUS_12272128,30.3106712,-97.73259665,2,1,3,16,2,27,1,1,4,11,1,2,N,4,NA,NA,4,97,97,,,0,1,0,0,0,1,0,N,N,N,N,N,N,N,9/10/2011,7:02 AM,227,22,N,N,NA,NA,19,,,1,500,W,45TH,ST,N,N,30,N,N,,N,19,,,NA,4400,,GUADALUPE,ST,NA,,,,,,11,4,0,NA,1,1,20,7:05 AM,DISPATCHED,7:15 AM,9/10/2011,Y,74,NA,NA,125,8,5,4,1,64,54,1,5,1,21,21,227,22,30.3106712,-97.73259665,,,,NA,W 45TH ST,558,NA,NA,NA,NA,NA,,,,N/A,NA,NA,NA,NA,Y,N,N,2,9,Y,SAT,NA,NA,NA,NA,NA,NA,NA,NA,NA,NA,NA,NA,NA,NA,NA,NA,NA,NA,NA,NA,NA,NA,NA,NA,NA,NA,NA,NA,NA,NA,NA,NA,NA,NA,NA,NA,NA,NA,NA,NA,NA,NA,NA,NA,NA,NA,NA,NA,NA,,,NA,NA,NA,NA,0,1,0,1,0,1,0,90,122721282,1227212821
12272140,AUS_12272140,30.26438097,-97.74802804,2,1,3,16,2,19,1,1,4,11,1,4,N,4,NA,NA,4,97,97,,,0,1,0,0,0,1,0,N,N,N,N,N,N,N,9/9/2011,3:09 PM,227,22,N,N,NA,NA,19,,,1,,W,CESAR CHAVEZ,ST,N,N,30,N,N,,Y,19,,,NA,,,GUADALUPE,ST,NA,,,,,,11,1,0,3,1,1,5,3:09 PM,DISPATCHED,3:11 PM,9/9/2011,Y,74,NA,NA,126,8,5,2,1,64,54,1,2,1,21,21,227,22,30.26438097,-97.74802804,SL,343,,4.319,SL0343,400,113,12,5.553,568,0.001,,,,GUADALUPE ST,NA,NA,NA,NA,Y,Y,N,2,9,Y,FRI,2,0,0,7,0,2,4,74,51,44,4,0,0,1,0,0,2,7,5,0,0,4,14,35000,2012,35000,0.8,0.3,1.1,NA,NA,NA,NA,NA,NA,NA,NA,NA,NA,NA,NA,NA,NA,NA,NA,NA,NA,NA,NA,,,NA,NA,NA,NA,0,1,0,1,0,1,0,90,122721402,1227214021
12272204,AUS_12272204,30.35135,-97.75815,2,1,3,16,2,24,1,1,4,11,1,4,N,4,NA,NA,4,97,97,,,0,1,0,0,0,1,0,N,N,N,N,N,N,N,9/3/2011,7:01 PM,227,22,N,Y,NA,NA,19,,,1,6800,,THORNCLIFFE,DR,N,N,30,N,N,,Y,19,,,NA,6800,,HART,LN,NA,,,,,,11,1,2,NA,5,1,8,7:01 PM,DISPATCH,7:05 PM,9/3/2011,Y,74,NA,NA,107,8,5,2,1,64,54,1,5,1,21,21,227,22,30.35135,-97.75815,,,,NA,THORNCLIFFE DR,6800,NA,NA,NA,NA,NA,,,,HART LN,NA,NA,NA,NA,Y,N,N,2,9,Y,SAT,NA,NA,NA,NA,NA,NA,NA,NA,NA,NA,NA,NA,NA,NA,NA,NA,NA,NA,NA,NA,NA,NA,NA,NA,NA,NA,NA,NA,NA,NA,NA,NA,NA,NA,NA,NA,NA,NA,NA,NA,NA,NA,NA,NA,NA,NA,NA,NA,NA,,,NA,NA,NA,NA,0,1,0,1,0,1,0,90,122722042,1227220421
12272398,AUS_12272398,30.26712,-97.74317,2,1,3,16,2,53,2,2,4,11,1,4,N,4,NA,NA,4,97,97,,,0,1,0,0,0,1,0,N,N,N,N,N,N,N,9/13/2011,7:08 AM,227,22,N,N,NA,NA,19,,,1,500,,CONGRESSS,,N,N,40,N,N,,N,19,,,NA,,,NORTH CROSSWALK,,NA,,,,,,11,1,3,NA,1,1,5,7:08 AM,DISPATCHED,7:11 AM,9/13/2011,Y,74,1,115,144,8,5,2,3,64,54,1,5,1,21,21,227,22,30.26712,-97.74317,,,,NA,CONGRESS AVE,500,NA,NA,NA,NA,NA,,,,UNKNOWN,NA,NA,NA,NA,Y,N,N,2,9,Y,TUE,NA,NA,NA,NA,NA,NA,NA,NA,NA,NA,NA,NA,NA,NA,NA,NA,NA,NA,NA,NA,NA,NA,NA,NA,NA,NA,NA,NA,NA,NA,NA,NA,NA,NA,NA,NA,NA,NA,NA,NA,NA,NA,NA,NA,NA,NA,NA,NA,NA,,,NA,NA,NA,NA,0,1,0,1,0,1,0,90,122723982,1227239821
12274097,AUS_12274097,30.28858708,-97.72930744,2,1,3,16,2,27,1,1,4,11,1,4,N,4,NA,NA,4,97,97,,,0,1,0,0,0,1,0,N,N,N,N,N,N,N,9/9/2011,10:00 PM,227,22,N,Y,NA,NA,19,,,1,900,E,DEAN KEETON,ST,N,N,30,Y,N,900 BLK E DEAN KEETON ST,N,19,,,1,2900,,MEDICAL ARTS,ST,NA,,,,2900 BLK MEDICAL ARTS ST,,11,4,4,NA,1,1,5,10:00 PM,SELF ASSIGN,10:00 PM,9/9/2011,Y,74,17,120,14,8,5,2,2,64,49,1,5,1,21,21,227,22,30.28858708,-97.72930744,,,,NA,E DEAN KEETON ST,820,NA,NA,NA,NA,NA,,,,MEDICAL ARTS ST,NA,NA,NA,NA,Y,N,N,2,9,Y,FRI,NA,NA,NA,NA,NA,NA,NA,NA,NA,NA,NA,NA,NA,NA,NA,NA,NA,NA,NA,NA,NA,NA,NA,NA,NA,NA,NA,NA,NA,NA,NA,NA,NA,NA,NA,NA,NA,NA,NA,NA,NA,NA,NA,NA,NA,NA,NA,NA,NA,,,NA,NA,NA,NA,0,1,0,5,0,1,0,90,122740972,1227409721
12274237,AUS_12274237,30.33241605,-97.73474751,2,1,3,16,5,47,1,1,4,11,1,2,N,4,NA,NA,4,97,97,,,0,0,0,1,0,0,0,N,N,N,N,N,N,N,9/10/2011,12:23 PM,227,22,N,N,NA,NA,19,,,1,1700,W,KOENIG,LN,N,N,35,N,N,BLACKTOP,Y,19,,,1,5800,,ARROYO SECCO,,NA,,,,BLACK TOP,,11,1,2,3,1,1,8,12:28 PM,RADIO DISPATCH,12:31 PM,9/10/2011,Y,74,1,139,95,8,5,1,1,64,54,1,3,1,21,21,227,22,30.33241605,-97.73474751,RM,2222,,10.062,RM2222,1700,2100,1,10.182,536,0.139,,,,ARROYO SECO,NA,NA,NA,NA,N,Y,N,5,9,Y,SAT,2,0,0,0,0,2,4,70,44,44,4,2,2,1,0,0,1,0,0,0,0,4,14,28000,2012,28000,0.9,0.3,1.2,NA,NA,NA,NA,NA,NA,NA,NA,NA,NA,NA,NA,NA,NA,NA,NA,NA,NA,NA,NA,,,NA,NA,NA,NA,0,0,0,2,0,0,0,90,122742372,1227423721
12276232,AUS_12276232,30.19542143,-97.72922833,2,1,3,16,1,8,2,2,4,11,1,4,N,4,NA,NA,4,97,97,,,1,0,0,0,0,1,0,N,N,N,N,N,N,N,5/1/2011,5:24 PM,227,22,N,N,NA,NA,19,,,1,5800,,FENCE,,N,N,30,N,N,,N,19,,,1,4700,,BROOK CREST,RD,NA,,,,,,12,1,0,NA,2,1,1,5:24 PM,DISPATCH,5:30 PM,5/1/2011,Y,74,NA,NA,NA,8,5,4,1,64,54,1,5,1,21,21,227,22,30.19542143,-97.72922833,,,,NA,FENCE ROW,5861,NA,NA,NA,NA,NA,,,,N/A,NA,NA,NA,NA,Y,N,N,1,9,Y,SUN,NA,NA,NA,NA,NA,NA,NA,NA,NA,NA,NA,NA,NA,NA,NA,NA,NA,NA,NA,NA,NA,NA,NA,NA,NA,NA,NA,NA,NA,NA,NA,NA,NA,NA,NA,NA,NA,NA,NA,NA,NA,NA,NA,NA,NA,NA,NA,NA,NA,,,NA,NA,NA,NA,1,0,0,4,0,1,0,90,122762322,1227623221
12281694,AUS_12281694,30.23710304,-97.75059562,1,1,3,16,2,27,1,1,4,11,1,4,N,4,NA,NA,4,97,97,,,0,1,0,0,0,1,0,N,N,N,N,N,N,N,9/17/2011,11:08 AM,227,22,N,N,NA,NA,19,,,1,500,E,OLTORF,ST,N,N,35,Y,Y,,N,19,,,NA,,,EAST SIDE,DR,NA,,,,,,11,1,0,NA,2,1,1,11:13 AM,DISPATCHED,11:20 AM,9/17/2011,Y,74,NA,NA,NA,8,5,3,3,64,49,1,5,1,32,21,227,22,30.23710304,-97.75059562,,,,NA,E OLTORF ST,500,NA,NA,NA,NA,NA,,,,N/A,NA,NA,NA,NA,Y,N,N,2,9,Y,SAT,NA,NA,NA,NA,NA,NA,NA,NA,NA,NA,NA,NA,NA,NA,NA,NA,NA,NA,NA,NA,NA,NA,NA,NA,NA,NA,NA,NA,NA,NA,NA,NA,NA,NA,NA,NA,NA,NA,NA,NA,NA,NA,NA,NA,NA,NA,NA,NA,NA,,,NA,NA,NA,NA,0,1,0,1,0,1,0,90,122816941,1228169411
12281761,AUS_12281761,30.28381,-97.74192,2,1,3,16,2,22,1,1,4,11,1,1,N,4,NA,NA,4,97,97,,,0,1,0,0,0,1,0,N,N,N,N,N,N,N,9/20/2011,6:28 PM,227,22,N,N,NA,NA,19,,,1,2100,,GUADALUPE,ST,N,N,35,N,N,,Y,19,,,NA,400,W,21ST,ST,NA,,,,,,11,1,4,NA,1,1,5,6:28 PM,DISPATCH,6:32 PM,,Y,74,11,10,14,8,5,1,2,64,54,1,5,1,21,21,227,22,30.28381,-97.74192,,,,NA,GUADALUPE ST,2099,NA,NA,NA,NA,NA,,,,W 21ST ST,NA,NA,NA,NA,Y,N,N,2,9,Y,TUE,NA,NA,NA,NA,NA,NA,NA,NA,NA,NA,NA,NA,NA,NA,NA,NA,NA,NA,NA,NA,NA,NA,NA,NA,NA,NA,NA,NA,NA,NA,NA,NA,NA,NA,NA,NA,NA,NA,NA,NA,NA,NA,NA,NA,NA,NA,NA,NA,NA,,,NA,NA,NA,NA,0,1,0,1,0,1,0,90,122817612,1228176121
12282145,AUS_12282145,30.29196,-97.7412,2,1,3,16,2,19,1,1,4,11,1,5,N,4,NA,NA,4,97,97,,,0,1,0,0,0,1,0,N,N,N,N,N,N,N,9/16/2011,2:05 PM,227,22,N,N,NA,NA,19,,,1,2700,,GUADALUPE,,N,N,30,N,N,,Y,19,,,NA,,W,27TH,ST,NA,,,,,,11,1,0,NA,1,1,5,2:05 PM,DISPATCHED,2:09 PM,9/16/2011,Y,74,NA,NA,187,8,5,2,1,64,54,1,5,1,21,21,227,22,30.29196,-97.7412,,,,NA,GUADALUPE ST,2701,NA,NA,NA,NA,NA,,,,W 27TH ST,NA,NA,NA,NA,Y,N,N,2,9,Y,FRI,NA,NA,NA,NA,NA,NA,NA,NA,NA,NA,NA,NA,NA,NA,NA,NA,NA,NA,NA,NA,NA,NA,NA,NA,NA,NA,NA,NA,NA,NA,NA,NA,NA,NA,NA,NA,NA,NA,NA,NA,NA,NA,NA,NA,NA,NA,NA,NA,NA,,,NA,NA,NA,NA,0,1,0,1,0,1,0,90,122821452,1228214521
12282191,AUS_12282191,30.19310539,-97.77934989,2,1,3,16,3,23,1,1,4,11,1,4,N,4,NA,NA,4,97,97,,,0,0,1,0,0,1,0,N,N,N,N,N,N,N,9/16/2011,11:50 AM,227,22,N,N,NA,NA,19,,,1,100,W,WILLIAM CANNON,DR,N,N,40,N,N,,N,19,,,NA,,S,CONGRESS,AVE,NA,,,,,,12,1,0,NA,1,1,20,11:50 AM,FLAGGED DOWN,11:50 AM,9/16/2011,Y,74,NA,NA,290,8,5,4,1,64,54,1,5,1,21,21,227,22,30.19310539,-97.77934989,,,,NA,W WILLIAM CANNON DR,NA,NA,NA,NA,NA,NA,,,,N/A,NA,NA,NA,NA,Y,N,N,3,9,Y,FRI,NA,NA,NA,NA,NA,NA,NA,NA,NA,NA,NA,NA,NA,NA,NA,NA,NA,NA,NA,NA,NA,NA,NA,NA,NA,NA,NA,NA,NA,NA,NA,NA,NA,NA,NA,NA,NA,NA,NA,NA,NA,NA,NA,NA,NA,NA,NA,NA,NA,,,NA,NA,NA,NA,0,0,1,2,0,1,0,90,122821912,1228219121
12282205,AUS_12282205,30.21138,-97.83196,1,1,3,16,3,13,1,1,4,11,1,4,N,4,NA,NA,4,97,97,,,0,0,1,0,0,1,0,N,N,N,N,N,N,N,9/15/2011,8:00 AM,227,22,N,N,NA,NA,19,,,1,3500,,CONVICT HILL,,N,N,30,N,N,,Y,19,,,NA,7100,,BRODIE,LN,NA,,,,,,11,1,2,NA,1,1,5,10:53 AM,DISPATCH,,9/15/2011,Y,74,17,131,9,8,5,2,1,64,54,1,5,1,21,21,227,22,30.21138,-97.83196,,,,NA,CONVICT HILL RD,3501,NA,NA,NA,NA,NA,,,,BRODIE LN,NA,NA,NA,NA,Y,N,N,3,9,Y,THU,NA,NA,NA,NA,NA,NA,NA,NA,NA,NA,NA,NA,NA,NA,NA,NA,NA,NA,NA,NA,NA,NA,NA,NA,NA,NA,NA,NA,NA,NA,NA,NA,NA,NA,NA,NA,NA,NA,NA,NA,NA,NA,NA,NA,NA,NA,NA,NA,NA,,,NA,NA,NA,NA,0,0,1,1,0,1,0,90,122822051,1228220511
12282218,AUS_12282218,30.28779,-97.74264,2,1,3,16,0,NA,5,1,4,11,1,5,,4,NA,NA,4,97,97,,,0,0,0,0,1,0,0,N,N,N,N,N,N,N,9/12/2011,10:00 AM,227,22,N,N,NA,NA,19,,,1,,W,24TH,ST,N,N,30,N,N,,Y,19,,,NA,,,SAN ANTONIO,ST,NA,,,,,,11,1,4,NA,1,1,5,11:28 AM,DISPATCH,11:40 AM,9/12/2011,Y,74,NA,NA,187,8,5,1,3,64,54,1,5,1,21,21,227,22,30.28779,-97.74264,,,,NA,W 24TH ST,504,NA,NA,NA,NA,NA,,,,SAN ANTONIO ST,NA,NA,NA,NA,N,N,N,5,9,Y,MON,NA,NA,NA,NA,NA,NA,NA,NA,NA,NA,NA,NA,NA,NA,NA,NA,NA,NA,NA,NA,NA,NA,NA,NA,NA,NA,NA,NA,NA,NA,NA,NA,NA,NA,NA,NA,NA,NA,NA,NA,NA,NA,NA,NA,NA,NA,NA,NA,NA,,,NA,NA,NA,NA,0,0,0,1,1,0,0,90,122822182,1228221821
12291050,AUS_12291050,30.29859,-97.72268,2,1,3,16,2,26,1,2,4,11,1,5,N,4,NA,NA,4,97,97,,,0,1,0,0,0,1,0,N,N,N,N,N,N,N,9/26/2011,8:56 PM,227,22,N,N,NA,NA,19,,,1,,,RED RIVER,,N,N,35,N,N,,Y,19,,,NA,,,40TH,ST,NA,,,,,,11,4,2,NA,1,1,8,8:58 PM,DISPATCH,9:06 PM,9/26/2011,Y,74,22,120,14,8,5,1,1,64,47,1,5,1,21,21,227,22,30.29859,-97.72268,,,,NA,RED RIVER ST,3999,NA,NA,NA,NA,NA,,,,UNKNOWN,NA,NA,NA,NA,Y,N,N,2,9,Y,MON,NA,NA,NA,NA,NA,NA,NA,NA,NA,NA,NA,NA,NA,NA,NA,NA,NA,NA,NA,NA,NA,NA,NA,NA,NA,NA,NA,NA,NA,NA,NA,NA,NA,NA,NA,NA,NA,NA,NA,NA,NA,NA,NA,NA,NA,NA,NA,NA,NA,,,NA,NA,NA,NA,0,1,0,1,0,1,0,90,122910502,1229105021
12291097,AUS_12291097,30.23817,-97.76213,2,1,3,16,2,52,1,2,4,11,1,4,N,4,NA,NA,4,97,97,,,0,1,0,0,0,1,0,N,N,N,N,N,N,N,9/13/2011,8:06 AM,227,22,N,Y,NA,NA,19,,,1,,,CUMBERLANDS 1ST ST,RD,N,N,35,N,N,,Y,19,,,NA,,S,1ST,ST,NA,,,,,,11,1,0,NA,1,1,5,8:06 AM,DISPATCH,8:08 AM,9/13/2011,Y,74,NA,NA,NA,8,5,2,3,64,54,1,5,1,21,21,227,22,30.23817,-97.76213,,,,NA,S 1ST ST,2701,NA,NA,NA,NA,NA,,,,UNKNOWN,NA,NA,NA,NA,Y,N,N,2,9,Y,TUE,NA,NA,NA,NA,NA,NA,NA,NA,NA,NA,NA,NA,NA,NA,NA,NA,NA,NA,NA,NA,NA,NA,NA,NA,NA,NA,NA,NA,NA,NA,NA,NA,NA,NA,NA,NA,NA,NA,NA,NA,NA,NA,NA,NA,NA,NA,NA,NA,NA,,,NA,NA,NA,NA,0,1,0,1,0,1,0,90,122910972,1229109721
12291150,AUS_12291150,30.28979,-97.74141,2,1,3,16,2,29,1,1,4,11,1,4,N,4,NA,NA,4,97,97,,,0,1,0,0,0,1,0,N,N,N,N,N,N,N,9/23/2011,7:40 PM,227,22,N,N,NA,NA,19,,,1,2500,,GUADALUPE,ST,N,N,30,N,N,,Y,19,,,NA,300,W,DEAN KEETON,ST,NA,,,,,,11,4,2,NA,1,1,5,7:40 PM,DISPATCH,7:45 PM,9/23/2011,Y,74,NA,NA,187,8,5,1,2,64,54,1,5,1,21,21,227,22,30.28979,-97.74141,,,,NA,GUADALUPE ST,2525,NA,NA,NA,NA,NA,,,,W DEAN KEETON ST,NA,NA,NA,NA,Y,N,N,2,9,Y,FRI,NA,NA,NA,NA,NA,NA,NA,NA,NA,NA,NA,NA,NA,NA,NA,NA,NA,NA,NA,NA,NA,NA,NA,NA,NA,NA,NA,NA,NA,NA,NA,NA,NA,NA,NA,NA,NA,NA,NA,NA,NA,NA,NA,NA,NA,NA,NA,NA,NA,,,NA,NA,NA,NA,0,1,0,1,0,1,0,90,122911502,1229115021
12291151,AUS_12291151,30.307,-97.72458,2,1,3,16,2,37,1,1,4,11,1,4,N,4,NA,NA,4,97,97,,,0,1,0,0,0,1,0,N,N,N,N,N,N,N,9/23/2011,7:28 PM,227,22,N,N,NA,NA,19,,,1,,E,95TH,ST,N,N,30,N,N,,Y,19,,,NA,,,DUVAL,ST,NA,,,,,,11,4,4,NA,1,1,5,7:29 PM,DISPATCH,7:31 PM,9/23/2011,Y,74,22,120,14,8,5,1,3,64,54,1,5,1,21,21,227,22,30.307,-97.72458,,,,NA,E 45TH ST,NA,NA,NA,NA,NA,NA,,,,UNKNOWN,NA,NA,NA,NA,Y,N,N,2,9,Y,FRI,NA,NA,NA,NA,NA,NA,NA,NA,NA,NA,NA,NA,NA,NA,NA,NA,NA,NA,NA,NA,NA,NA,NA,NA,NA,NA,NA,NA,NA,NA,NA,NA,NA,NA,NA,NA,NA,NA,NA,NA,NA,NA,NA,NA,NA,NA,NA,NA,NA,,,NA,NA,NA,NA,0,1,0,2,0,1,0,90,122911512,1229115121
12291274,AUS_12291274,30.2007375,-97.86617332,1,1,3,16,2,62,1,1,4,11,1,3,N,4,NA,NA,4,97,97,,,0,1,0,0,0,1,0,N,N,N,N,N,N,N,8/23/2011,7:52 AM,227,22,N,N,NA,NA,19,,,1,9700,S,MOPAC NB,EXPY,N,N,45,N,N,,N,19,,,NA,,,E L S MOPAC,,NA,,,,,,11,1,4,2,1,1,5,7:52 AM,MDC,7:52 AM,8/23/2011,Y,74,17,169,130,8,5,2,1,64,54,1,2,1,21,21,227,22,30.2007375,-97.86617332,SL,1,,23.259,SL0001,NA,3136,1,23.584,448,0.1,SH,45,,SH0045,NA,NA,NA,NA,Y,Y,N,2,9,Y,TUE,3,0,6,10,337,2,4,500,80,48,4,0,0,2,12,5,2,20,5,3,325,4,14,45000,2012,45000,1.8,0.4,2.2,NA,NA,NA,NA,NA,NA,NA,NA,NA,NA,NA,NA,NA,NA,NA,NA,NA,NA,NA,NA,,,NA,NA,NA,NA,0,1,0,2,0,1,0,90,122912741,1229127411
12291400,AUS_12291400,30.28081609,-97.64801783,2,1,3,16,2,23,1,1,4,11,1,4,,4,NA,NA,4,97,97,,,0,1,0,0,0,1,0,N,N,N,N,N,N,N,9/25/2011,11:53 AM,227,22,N,N,NA,NA,4,969,,7,,,FM 969,RD,N,N,50,N,N,,Y,19,,,7,,,SENDERO HILLS,PKWY,NA,,,,,,11,1,2,3,1,1,11,11:54 AM,DISPATCH,12:02 PM,9/25/2011,Y,74,NA,NA,6,8,5,1,3,64,54,1,3,1,21,21,227,22,30.28081609,-97.64801783,FM,969,,3.429,FM0969,7600,1186,1,15.158,452,-0.44,,,,SENDERO HILLS PKY,NA,NA,NA,NA,Y,Y,N,2,9,Y,SUN,2,0,0,0,0,2,4,100,70,52,4,1,1,1,0,0,1,0,0,0,0,4,14,27000,2012,27000,1.7,4.3,6,1,63,0,1,2,NA,NA,NA,NA,NA,NA,NA,NA,NA,NA,NA,NA,NA,NA,NA,,,NA,NA,NA,NA,0,1,0,4,0,1,0,90,122914002,1229140021
12291407,AUS_12291407,30.27564,-97.70819,2,1,3,16,2,23,1,2,4,11,1,4,N,4,NA,NA,4,97,97,,,0,1,0,0,0,1,0,N,N,N,N,N,N,N,9/23/2011,9:42 PM,227,22,N,Y,NA,NA,19,,,1,2900,E,12TH,ST,N,N,40,N,N,2900 BLK E. 12TH ST,N,19,,,1,1200,,ALEXANDER,AVE,25,F,E,ST,,,11,1,0,NA,2,1,1,9:42 PM,DISPATCHED,9:45 PM,9/23/2011,Y,74,148,34,48,8,5,4,1,64,54,1,5,1,21,21,227,22,30.27564,-97.70819,,,,NA,E 12TH ST,NA,NA,NA,NA,NA,NA,,,,N/A,NA,NA,NA,NA,Y,N,N,2,9,Y,FRI,NA,NA,NA,NA,NA,NA,NA,NA,NA,NA,NA,NA,NA,NA,NA,NA,NA,NA,NA,NA,NA,NA,NA,NA,NA,NA,NA,NA,NA,NA,NA,NA,NA,NA,NA,NA,NA,NA,NA,NA,NA,NA,NA,NA,NA,NA,NA,NA,NA,,,NA,NA,NA,NA,0,2,0,0,0,2,0,90,122914072,1229140721
12291523,AUS_12291523,30.26806,-97.74282,2,1,3,16,2,24,1,2,4,11,1,2,N,4,NA,NA,4,97,97,,,0,1,0,0,0,1,0,N,Y,N,N,N,N,N,9/24/2011,9:45 AM,227,22,N,N,NA,NA,19,,,1,600,N,CONGRESS,AVE,N,N,0,N,N,,Y,19,,,NA,100,E,CONGRESS,AVE,NA,,,,,,11,1,0,NA,1,1,5,9:44 AM,CAD,9:50 AM,9/24/2011,Y,74,NA,NA,358,8,5,1,1,64,54,1,5,1,21,21,227,22,30.26806,-97.74282,,,,NA,CONGRESS AVE,600,NA,NA,NA,NA,NA,,,,UNKNOWN,NA,NA,NA,NA,Y,N,N,2,9,Y,SAT,NA,NA,NA,NA,NA,NA,NA,NA,NA,NA,NA,NA,NA,NA,NA,NA,NA,NA,NA,NA,NA,NA,NA,NA,NA,NA,NA,NA,NA,NA,NA,NA,NA,NA,NA,NA,NA,NA,NA,NA,NA,NA,NA,NA,NA,NA,NA,NA,NA,,,NA,NA,NA,NA,0,1,0,4,0,1,0,90,122915232,1229152321