CrashID,CrashID1,Latitude,Longitude,Unit_Nbr,Prsn_Nbr,Prsn_Type_ID,Prsn_Occpnt_Pos_ID,Prsn_Injry_Sev_ID,Prsn_Age,Prsn_Ethnicity_ID,Prsn_Gndr_ID,Prsn_Ejct_ID,Prsn_Rest_ID,Prsn_Airbag_ID,Prsn_Helmet_ID,Prsn_Sol_Fl,Prsn_Alc_Spec_Type_ID,Prsn_Alc_Rslt_ID,Prsn_Bac_Test_Rslt,Prsn_Drg_Spec_Type_ID,Prsn_Drg_Rslt_ID,Drvr_Drg_Cat_1_ID,Prsn_Death_Date,Prsn_Death_Time,Incap_Injry_Cnt.x,Nonincap_Injry_Cnt.x,Poss_Injry_Cnt.x,Non_Injry_Cnt.x,Unkn_Injry_Cnt.x,Tot_Injry_Cnt.x,Death_Cnt.x,Crash_Fatal_Fl,Cmv_Involv_Fl,Schl_Bus_Fl,Rr_Relat_Fl,Medical_Advisory_Fl,Amend_Supp_Fl,Active_School_Zone_Fl,Crash_Date,Crash_Time,Rpt_CRIS_Cnty_ID,Rpt_City_ID,Rpt_Outside_City_Limit_Fl,Thousand_Damage_Fl,Rpt_Latitude,Rpt_Longitude,Rpt_Rdwy_Sys_ID,Rpt_Hwy_Num,Rpt_Hwy_Sfx,Rpt_Road_Part_ID,Rpt_Block_Num,Rpt_Street_Pfx,Rpt_Street_Name,Rpt_Street_Sfx,Private_Dr_Fl,Toll_Road_Fl,Crash_Speed_Limit,Road_Constr_Zone_Fl,Road_Constr_Zone_Wrkr_Fl,Rpt_Street_Desc,At_Intrsct_Fl,Rpt_Sec_Rdwy_Sys_ID,Rpt_Sec_Hwy_Num,Rpt_Sec_Hwy_Sfx,Rpt_Sec_Road_Part_ID,Rpt_Sec_Block_Num,Rpt_Sec_Street_Pfx,Rpt_Sec_Street_Name,Rpt_Sec_Street_Sfx,Rpt_Ref_Mark_Offset_Amt,Rpt_Ref_Mark_Dist_Uom,Rpt_Ref_Mark_Dir,Rpt_Ref_Mark_Nbr,Rpt_Sec_Street_Desc,Rpt_CrossingNumber,Wthr_Cond_ID,Light_Cond_ID,Entr_Road_ID,Road_Type_ID,Road_Algn_ID,Surf_Cond_ID,Traffic_Cntl_ID,Investigat_Notify_Time,Investigat_Notify_Meth,Investigat_Arrv_Time,Report_Date,Investigat_Comp_Fl,Investigat_Agency_ID,Investigat_Area_ID,Investigat_District_ID,Investigat_Region_ID,Bridge_Detail_ID,Harm_Evnt_ID,Intrsct_Relat_ID,FHE_Collsn_ID,Obj_Struck_ID,Othr_Factr_ID,Road_Part_Adj_ID,Road_Cls_ID,Road_Relat_ID,Phys_Featr_1_ID,Phys_Featr_2_ID,Cnty_ID,City_ID,Latitude,Longitude,Hwy_Sys,Hwy_Nbr,Hwy_Sfx,Dfo,Street_Name,Street_Nbr,Control,Section,Milepoint,Ref_Mark_Nbr,Ref_Mark_Displ,Hwy_Sys_2,Hwy_Nbr_2,Hwy_Sfx_2,Street_Name_2,Street_Nbr_2,Control_2,Section_2,Milepoint_2,Txdot_Rptable_Fl,Onsys_Fl,Rural_Fl,Crash_Sev_ID,Pop_Group_ID,Located_Fl,Day_of_Week,Hwy_Dsgn_Lane_ID,Hwy_Dsgn_Hrt_ID,Hp_Shldr_Left,Hp_Shldr_Right,Hp_Median_Width,Base_Type_ID,Nbr_Of_Lane,Row_Width_Usual,Roadbed_Width,Surf_Width,Surf_Type_ID,Curb_Type_Left_ID,Curb_Type_Right_ID,Shldr_Type_Left_ID,Shldr_Width_Left,Shldr_Use_Left_ID,Shldr_Type_Right_ID,Shldr_Width_Right,Shldr_Use_Right_ID,Median_Type_ID,Median_Width,Rural_Urban_Type_ID,Func_Sys_ID,Adt_Curnt_Amt,Adt_Curnt_Year,Adt_Adj_Curnt_Amt,Pct_Single_Trk_Adt,Pct_Combo_Trk_Adt,Trk_Aadt_Pct,Curve_Type_ID,Curve_Lngth,Cd_Degr,Delta_Left_Right_ID,Dd_Degr,Feature_Crossed,Structure_Number,I_R_Min_Vert_Clear,Approach_Width,Bridge_Median_ID,Bridge_Loading_Type_ID,Bridge_Loading_In_1000_Lbs,Bridge_Srvc_Type_On_ID,Bridge_Srvc_Type_Under_ID,Culvert_Type_ID,Roadway_Width,Deck_Width,Bridge_Dir_Of_Traffic_ID,Bridge_Rte_Struct_Func_ID,Bridge_IR_Struct_Func_ID,CrossingNumber,RRCo,Poscrossing_ID,WDCode_ID,Standstop,Yield,Incap_Injry_Cnt.y,Nonincap_Injry_Cnt.y,Poss_Injry_Cnt.y,Non_Injry_Cnt.y,Unkn_Injry_Cnt.y,Tot_Injry_Cnt.y,Death_Cnt.y,MPO_ID,Unit_ID,Unit_Prsn_ID
12486924,AUS_12486924,30.42101,-97.76319,2,1,3,16,2,60,1,1,4,11,1,1,N,4,NA,NA,4,97,97,,,0,1,0,0,0,1,0,N,N,N,N,N,N,N,12/30/2011,3:47 PM,227,22,N,Y,NA,NA,19,,,1,6600,,DANWOOD,DR,N,N,30,N,N,,Y,19,,,1,11400,,OAK KNOLL,DR,NA,,,,,,11,1,4,NA,1,1,8,3:48 PM,DISPATCHED,4:00 PM,12/30/2011,Y,74,22,46,64,8,5,1,1,64,54,1,5,1,21,21,227,22,30.42101,-97.76319,,,,NA,DANWOOD DR,6600,NA,NA,NA,NA,NA,,,,OAK KNOLL DR,NA,NA,NA,NA,Y,N,N,2,9,Y,FRI,NA,NA,NA,NA,NA,NA,NA,NA,NA,NA,NA,NA,NA,NA,NA,NA,NA,NA,NA,NA,NA,NA,NA,NA,NA,NA,NA,NA,NA,NA,NA,NA,NA,NA,NA,NA,NA,NA,NA,NA,NA,NA,NA,NA,NA,NA,NA,NA,NA,,,NA,NA,NA,NA,0,1,0,2,0,1,0,90,124869242,1248692421
12487044,AUS_12487044,30.27044098,-97.73289496,1,1,3,16,2,NA,2,1,4,11,1,2,N,4,NA,NA,4,97,97,,,0,1,0,0,0,1,0,N,N,N,N,N,N,N,12/29/2011,11:32 PM,227,22,N,N,NA,NA,1,35,,2,1100,N,SERVICE,RD,N,N,40,N,N,,Y,19,,,NA,,,11TH,ST,NA,,,,,,11,4,4,2,2,1,5,11:32 PM,CALL FOR SERVICE,11:34 PM,12/29/2011,Y,74,NA,34,48,8,5,1,3,64,54,2,1,1,21,21,227,22,30.27044098,-97.73289496,IH,35,,234.195,IH0035,NA,15,13,18.058,235,0.019,,,,E 11TH ST,NA,NA,NA,NA,Y,Y,N,2,9,Y,THU,5,0,4,10,11,2,8,300,124,96,4,0,0,2,8,5,2,20,5,2,3,4,11,174200,2012,174200,2.6,6.9,9.5,NA,NA,NA,NA,NA,NA,NA,NA,NA,NA,NA,NA,NA,NA,NA,NA,NA,NA,NA,NA,,,NA,NA,NA,NA,0,1,0,1,0,1,0,90,124870441,1248704411
12487097,AUS_12487097,30.25495768,-97.76217255,2,1,3,16,3,27,1,2,4,11,1,4,N,4,NA,NA,4,97,97,,,0,0,1,0,0,1,0,N,N,N,N,N,N,N,12/31/2011,1:51 PM,227,22,N,N,NA,NA,19,,,1,1200,S,LAMAR,BLVD,N,N,40,Y,N,,Y,19,,,NA,1200,W,GIBSON,ST,NA,,,,,,11,1,2,3,1,1,1,1:51 PM,DISPATCH,1:55 PM,12/31/2011,Y,74,68,93,112,8,5,1,2,64,49,1,2,1,21,21,227,22,30.25495768,-97.76217255,SL,343,,2.912,SL0343,1199,113,10,0.389,566,0.422,,,,W GIBSON ST,NA,NA,NA,NA,Y,Y,N,3,9,Y,SAT,2,0,0,0,0,2,4,80,60,60,4,1,1,1,0,0,1,0,0,0,0,4,14,40000,2012,40000,0.8,0.3,1.1,NA,NA,NA,NA,NA,NA,NA,NA,NA,NA,NA,NA,NA,NA,NA,NA,NA,NA,NA,NA,,,NA,NA,NA,NA,0,0,1,2,0,1,0,90,124870972,1248709721
12586723,AUS_12586723,30.26101535,-97.71453337,2,1,3,16,3,28,1,1,4,11,1,4,Y,4,NA,NA,4,97,97,,,0,0,1,0,0,1,0,N,N,N,N,N,N,N,10/11/2011,11:03 PM,227,22,N,N,NA,NA,19,,,1,2400,E,7TH,ST,N,N,0,N,N,,N,19,,,NA,,,NORTH WESTERN,AVE,NA,,,,,,11,3,0,NA,1,1,1,11:03 PM,DISPATCHED,,10/11/2011,Y,74,17,34,48,8,5,4,1,64,54,1,5,1,21,21,227,22,30.26101535,-97.71453337,,,,NA,E 7TH ST,2400,NA,NA,NA,NA,NA,,,,N/A,NA,NA,NA,NA,Y,N,N,3,9,Y,TUE,NA,NA,NA,NA,NA,NA,NA,NA,NA,NA,NA,NA,NA,NA,NA,NA,NA,NA,NA,NA,NA,NA,NA,NA,NA,NA,NA,NA,NA,NA,NA,NA,NA,NA,NA,NA,NA,NA,NA,NA,NA,NA,NA,NA,NA,NA,NA,NA,NA,,,NA,NA,NA,NA,0,0,1,0,1,1,0,90,125867232,1258672321
12586747,AUS_12586747,30.2403,-97.727,2,1,3,16,0,18,1,2,4,11,1,5,N,4,NA,NA,4,97,97,,,0,0,0,0,1,0,0,N,N,N,N,N,N,N,10/9/2011,2:22 AM,227,22,N,Y,NA,NA,19,,,1,2100,E,RIVERSIDE,DR,N,N,0,N,N,,N,19,,,NA,,,INTERSECTION OF E RIVERSIDE,DR,NA,,,,,,11,4,0,NA,1,1,1,2:22 AM,DISPATCH,2:25 AM,10/9/2011,Y,74,200,98,129,8,5,4,1,64,54,1,5,1,21,21,227,22,30.2403,-97.727,,,,NA,E RIVERSIDE DR,2100,NA,NA,NA,NA,NA,,,,N/A,NA,NA,NA,NA,Y,N,N,5,9,Y,SUN,NA,NA,NA,NA,NA,NA,NA,NA,NA,NA,NA,NA,NA,NA,NA,NA,NA,NA,NA,NA,NA,NA,NA,NA,NA,NA,NA,NA,NA,NA,NA,NA,NA,NA,NA,NA,NA,NA,NA,NA,NA,NA,NA,NA,NA,NA,NA,NA,NA,,,NA,NA,NA,NA,0,0,0,1,1,0,0,90,125867472,1258674721
12586851,AUS_12586851,30.27878,-97.7462,3,1,3,16,5,32,1,1,4,11,1,4,N,4,NA,NA,6,97,97,,,0,0,0,1,0,0,0,N,N,N,N,N,N,N,10/31/2011,5:35 PM,227,22,N,Y,NA,NA,19,,,1,,,15TH,ST,N,N,35,N,N,,Y,19,,,NA,,,RIO GRANDE,ST,NA,,,,,,11,1,4,NA,2,1,5,12:35 PM,CAD,12:40 PM,10/31/2011,Y,74,12,120,14,8,2,1,34,64,54,1,5,1,21,21,227,22,30.27878,-97.7462,,,,NA,W 15TH ST,NA,NA,NA,NA,NA,NA,,,,RIO GRANDE ST,NA,NA,NA,NA,Y,N,N,2,9,Y,MON,NA,NA,NA,NA,NA,NA,NA,NA,NA,NA,NA,NA,NA,NA,NA,NA,NA,NA,NA,NA,NA,NA,NA,NA,NA,NA,NA,NA,NA,NA,NA,NA,NA,NA,NA,NA,NA,NA,NA,NA,NA,NA,NA,NA,NA,NA,NA,NA,NA,,,NA,NA,NA,NA,0,1,1,3,0,2,0,90,125868513,1258685131
12603114,AUS_12603114,30.28444201,-97.71828293,2,1,3,16,2,28,1,1,4,11,1,2,N,4,NA,NA,4,97,97,,,0,1,0,0,0,1,0,N,N,N,N,N,N,N,10/20/2011,3:05 PM,227,22,N,N,NA,NA,19,,,1,2300,,MANOR,RD,N,N,35,N,N,,N,19,,,NA,2200,,CHESTNUT,,NA,,,,,,11,1,4,NA,1,1,1,3:05 PM,DISPATCH,3:15 PM,10/20/2011,Y,74,22,34,48,8,5,3,2,64,13,1,5,1,32,21,227,22,30.28444201,-97.71828293,,,,NA,MANOR RD,2276,NA,NA,NA,NA,NA,,,,N/A,NA,NA,NA,NA,Y,N,N,2,9,Y,THU,NA,NA,NA,NA,NA,NA,NA,NA,NA,NA,NA,NA,NA,NA,NA,NA,NA,NA,NA,NA,NA,NA,NA,NA,NA,NA,NA,NA,NA,NA,NA,NA,NA,NA,NA,NA,NA,NA,NA,NA,NA,NA,NA,NA,NA,NA,NA,NA,NA,,,NA,NA,NA,NA,0,1,0,1,0,1,0,90,126031142,1260311421
12603165,AUS_12603165,30.20187562,-97.87809946,2,1,3,16,2,22,1,1,4,11,1,2,N,4,NA,NA,4,97,97,,,0,1,0,0,0,1,0,N,N,N,N,N,N,N,11/16/2011,5:58 PM,227,22,N,N,NA,NA,19,,,1,9600,,ESCARPNENT,,N,N,35,N,N,,N,19,,,NA,,,SLAUGHTER,LN,NA,,,,,,11,4,0,NA,1,1,17,5:57 PM,DISPATCHED,6:02 PM,11/16/2011,Y,74,1,535,112,8,5,2,3,64,54,1,5,1,21,21,227,22,30.20187562,-97.87809946,,,,NA,ESCARPMENT BLVD,9582,NA,NA,NA,NA,NA,,,,W SLAUGHTER LN,NA,NA,NA,NA,Y,N,N,2,9,Y,WED,NA,NA,NA,NA,NA,NA,NA,NA,NA,NA,NA,NA,NA,NA,NA,NA,NA,NA,NA,NA,NA,NA,NA,NA,NA,NA,NA,NA,NA,NA,NA,NA,NA,NA,NA,NA,NA,NA,NA,NA,NA,NA,NA,NA,NA,NA,NA,NA,NA,,,NA,NA,NA,NA,0,1,0,1,0,1,0,90,126031652,1260316521
12616234,AUS_12616234,30.17548703,-97.82293108,2,1,3,16,2,32,1,2,4,11,1,4,N,4,NA,NA,4,97,97,,,0,1,0,0,0,1,0,N,N,N,N,N,N,N,12/16/2011,7:50 PM,227,22,N,Y,NA,NA,4,2304,,1,9600,,MANCHACA,RD,N,N,0,N,N,,N,19,,,NA,,,MONARCH,DR,NA,,,,,,11,4,0,3,1,1,1,7:50 PM,FLAG DOWN,7:50 PM,12/16/2011,Y,74,17,169,130,8,5,4,1,64,54,1,3,1,21,21,227,22,30.17548703,-97.82293108,FM,2304,,1.925,FM2304,9682,2689,1,4.95,446,-0.049,,,,N/A,NA,NA,NA,NA,Y,Y,N,2,9,Y,FRI,2,0,4,10,0,2,4,100,72,48,4,2,2,2,4,5,2,10,5,0,0,4,14,28000,2012,28000,1.7,0.3,2,NA,NA,NA,NA,NA,NA,NA,NA,NA,NA,NA,NA,NA,NA,NA,NA,NA,NA,NA,NA,,,NA,NA,NA,NA,0,1,0,0,1,1,0,90,126162342,1261623421
12616332,AUS_12616332,30.26953384,-97.78037044,2,1,3,16,2,37,1,2,4,11,1,1,N,4,NA,NA,4,97,97,,,0,1,0,0,0,1,0,N,N,N,N,N,N,N,8/3/2011,7:28 PM,227,22,N,N,NA,NA,19,,,1,2400,,ROLLINGWOOD,DR,N,N,30,N,N,,N,19,,,1,600,,ZILKER CLUBHLUSE,RD,NA,,,,,,11,5,0,NA,2,1,1,7:28 PM,DISPATCH,7:32 PM,8/3/2011,Y,74,NA,105,112,8,5,4,1,64,21,1,5,1,21,21,227,22,30.26953384,-97.78037044,,,,NA,ROLLINGWOOD DR,2401,NA,NA,NA,NA,NA,,,,N/A,NA,NA,NA,NA,Y,N,N,2,9,Y,WED,NA,NA,NA,NA,NA,NA,NA,NA,NA,NA,NA,NA,NA,NA,NA,NA,NA,NA,NA,NA,NA,NA,NA,NA,NA,NA,NA,NA,NA,NA,NA,NA,NA,NA,NA,NA,NA,NA,NA,NA,NA,NA,NA,NA,NA,NA,NA,NA,NA,,,NA,NA,NA,NA,0,1,0,2,0,1,0,90,126163322,1261633221
12616426,AUS_12616426,30.31582271,-97.70142086,2,1,3,16,3,56,3,NA,4,11,1,4,N,4,NA,NA,4,97,97,,,0,0,1,0,0,1,0,N,N,N,N,N,N,N,8/23/2011,12:37 PM,227,22,N,N,NA,NA,19,,,1,5900,,CANGRON,RD,N,N,0,N,N,,Y,19,,,NA,1200,,REINLI,ST,NA,,,,,,11,1,4,NA,1,1,5,1:02 PM,911,1:03 PM,8/23/2011,Y,74,NA,NA,149,8,5,2,1,64,54,1,5,1,21,21,227,22,30.31582271,-97.70142086,,,,NA,CAMERON RD,5801,NA,NA,NA,NA,NA,,,,UNKNOWN,NA,NA,NA,NA,Y,N,N,3,9,Y,TUE,NA,NA,NA,NA,NA,NA,NA,NA,NA,NA,NA,NA,NA,NA,NA,NA,NA,NA,NA,NA,NA,NA,NA,NA,NA,NA,NA,NA,NA,NA,NA,NA,NA,NA,NA,NA,NA,NA,NA,NA,NA,NA,NA,NA,NA,NA,NA,NA,NA,,,NA,NA,NA,NA,0,0,1,0,1,1,0,90,126164262,1261642621
12620251,AUS_12620251,30.20062,-97.76827,2,1,3,16,2,26,2,1,4,11,1,1,N,4,NA,NA,4,97,97,,,0,1,0,0,0,1,0,N,N,N,N,N,N,N,11/14/2011,6:14 PM,227,22,N,N,NA,NA,19,,,1,,,MIRA,DR,N,N,0,N,N,,Y,19,,,NA,,E,STASSNEY,LN,NA,,,,,,11,4,2,NA,1,1,8,6:15 PM,DISPATCHED,6:17 PM,11/14/2011,Y,74,167,99,130,8,5,1,1,64,54,1,5,1,21,21,227,22,30.20062,-97.76827,,,,NA,MIRA DR,NA,NA,NA,NA,NA,NA,,,,E STASSNEY LN,NA,NA,NA,NA,Y,N,N,2,9,Y,MON,NA,NA,NA,NA,NA,NA,NA,NA,NA,NA,NA,NA,NA,NA,NA,NA,NA,NA,NA,NA,NA,NA,NA,NA,NA,NA,NA,NA,NA,NA,NA,NA,NA,NA,NA,NA,NA,NA,NA,NA,NA,NA,NA,NA,NA,NA,NA,NA,NA,,,NA,NA,NA,NA,0,1,0,1,0,1,0,90,126202512,1262025121
12620278,AUS_12620278,30.2433,-97.75201667,1,1,3,16,3,24,2,1,4,11,1,3,N,4,NA,NA,4,97,97,,,0,0,1,0,0,1,0,N,N,N,N,N,N,N,10/2/2011,11:09 PM,227,22,N,Y,NA,NA,19,,,1,2103,S,CONGRESS,,N,N,35,N,N,,N,19,,,NA,,,CONGRESS,,NA,,,,,,11,3,0,NA,1,1,1,11:09 PM,DISPATCHED,11:11 PM,12/9/2011,Y,74,NA,NA,245,8,5,3,3,64,13,1,5,1,32,21,227,22,30.2433,-97.75201667,,,,NA,S CONGRESS AVE,2103,NA,NA,NA,NA,NA,,,,N/A,NA,NA,NA,NA,Y,N,N,3,9,Y,SUN,NA,NA,NA,NA,NA,NA,NA,NA,NA,NA,NA,NA,NA,NA,NA,NA,NA,NA,NA,NA,NA,NA,NA,NA,NA,NA,NA,NA,NA,NA,NA,NA,NA,NA,NA,NA,NA,NA,NA,NA,NA,NA,NA,NA,NA,NA,NA,NA,NA,,,NA,NA,NA,NA,0,0,1,1,0,1,0,90,126202781,1262027811
12620336,AUS_12620336,30.23147,-97.73573999,2,1,3,16,2,32,1,1,4,11,1,5,N,4,NA,NA,4,97,97,,,0,1,0,0,0,1,0,N,N,N,N,N,N,N,11/28/2011,5:58 PM,227,22,N,N,NA,NA,19,,,1,1800,E,OLTORF,ST,N,N,40,N,N,,Y,19,,,NA,2300,,BURLESON,RD,NA,,,,,,11,4,0,NA,1,1,5,5:58 PM,DISPATCH,6:03 PM,11/28/2011,Y,74,20,98,129,8,5,1,3,64,54,1,5,1,21,21,227,22,30.23147,-97.73573999,,,,NA,E OLTORF ST,1898,NA,NA,NA,NA,NA,,,,BURLESON RD,NA,NA,NA,NA,Y,N,N,2,9,Y,MON,NA,NA,NA,NA,NA,NA,NA,NA,NA,NA,NA,NA,NA,NA,NA,NA,NA,NA,NA,NA,NA,NA,NA,NA,NA,NA,NA,NA,NA,NA,NA,NA,NA,NA,NA,NA,NA,NA,NA,NA,NA,NA,NA,NA,NA,NA,NA,NA,NA,,,NA,NA,NA,NA,0,1,0,3,0,1,0,90,126203362,1262033621
12631088,AUS_12631088,30.2608614,-97.75852036,2,1,3,16,2,31,1,1,4,11,1,5,N,4,NA,NA,4,97,97,,,0,1,0,0,0,1,0,N,N,N,N,N,N,N,11/3/2011,9:47 PM,227,22,N,N,NA,NA,19,,,1,,S,LAMAR,BLVD,N,N,35,N,N,,Y,19,,,NA,,S,LAMAR,BLVD,NA,,,,,,11,3,98,3,4,1,15,9:47 PM,SELF,9:47 PM,11/3/2011,Y,74,17,105,112,8,5,2,2,64,54,1,2,1,21,21,227,22,30.2608614,-97.75852036,SL,343,,3.383,SL0343,NA,113,10,0.916,566,0.893,IH,35,,IH0035,NA,NA,NA,NA,Y,Y,N,2,9,Y,THU,2,0,0,0,0,2,4,80,60,60,4,1,1,1,0,0,1,0,0,0,0,4,14,40000,2012,40000,0.8,0.3,1.1,NA,NA,NA,NA,NA,NA,NA,NA,NA,NA,NA,NA,NA,NA,NA,NA,NA,NA,NA,NA,,,NA,NA,NA,NA,0,1,0,1,0,1,0,90,126310882,1263108821
12641167,AUS_12641167,30.30027682,-97.64820475,2,1,3,16,2,24,3,1,4,11,1,4,N,4,NA,NA,4,97,97,,,0,1,0,0,0,1,0,N,N,N,N,N,N,N,10/25/2011,12:08 PM,227,22,N,N,NA,NA,19,,,1,,,JOHNNY MOMS,RD,N,N,35,N,N,,Y,19,,,NA,,,LOYOLA,LN,NA,,,,,,11,1,0,NA,2,1,5,12:08 PM,DISPATCH,12:11 PM,10/25/2011,Y,74,NA,18,78,8,5,2,1,64,54,1,5,1,21,21,227,22,30.30027682,-97.64820475,,,,NA,JOHNNY MORRIS RD,NA,NA,NA,NA,NA,NA,,,,UNKNOWN,NA,NA,NA,NA,Y,N,N,2,9,Y,TUE,NA,NA,NA,NA,NA,NA,NA,NA,NA,NA,NA,NA,NA,NA,NA,NA,NA,NA,NA,NA,NA,NA,NA,NA,NA,NA,NA,NA,NA,NA,NA,NA,NA,NA,NA,NA,NA,NA,NA,NA,NA,NA,NA,NA,NA,NA,NA,NA,NA,,,NA,NA,NA,NA,0,1,0,1,0,1,0,90,126411672,1264116721
12669638,AUS_12669638,30.29265,-97.73364,2,1,3,16,2,28,1,2,4,11,1,3,N,4,NA,NA,4,97,97,,,0,1,0,0,0,1,0,N,N,N,N,N,N,N,12/15/2011,7:21 AM,227,22,N,Y,NA,NA,19,,,1,500,,RUTHERVUE,,N,N,30,N,N,,Y,19,,,NA,3100,,DUVAL,RD,NA,,,,,,2,1,4,NA,2,2,8,7:23 AM,RADIO,7:26 AM,12/15/2011,Y,74,NA,NA,187,8,5,1,1,64,54,1,5,1,21,21,227,22,30.29265,-97.73364,,,,NA,RATHERVUE PL,NA,NA,NA,NA,NA,NA,,,,DUVAL ST,NA,NA,NA,NA,Y,N,N,2,9,Y,THU,NA,NA,NA,NA,NA,NA,NA,NA,NA,NA,NA,NA,NA,NA,NA,NA,NA,NA,NA,NA,NA,NA,NA,NA,NA,NA,NA,NA,NA,NA,NA,NA,NA,NA,NA,NA,NA,NA,NA,NA,NA,NA,NA,NA,NA,NA,NA,NA,NA,,,NA,NA,NA,NA,0,1,0,2,0,1,0,90,126696382,1266963821
12669654,AUS_12669654,30.26655,-97.74483,2,1,3,16,5,30,1,1,4,11,1,5,N,4,NA,NA,4,97,97,,,0,0,0,1,0,0,0,N,N,N,N,N,N,N,12/4/2011,3:47 AM,227,22,N,N,NA,NA,19,,,1,400,,COLORADO,ST,N,N,35,N,N,,Y,19,,,NA,100,W,4TH,ST,NA,,,,,,2,4,0,NA,2,2,8,3:49 AM,DISPATCHED,3:50 AM,12/4/2011,N,74,NA,131,411,8,5,1,1,64,54,1,5,1,21,21,227,22,30.26655,-97.74483,,,,NA,COLORADO ST,399,NA,NA,NA,NA,NA,,,,W 4TH ST,NA,NA,NA,NA,N,N,N,5,9,Y,SUN,NA,NA,NA,NA,NA,NA,NA,NA,NA,NA,NA,NA,NA,NA,NA,NA,NA,NA,NA,NA,NA,NA,NA,NA,NA,NA,NA,NA,NA,NA,NA,NA,NA,NA,NA,NA,NA,NA,NA,NA,NA,NA,NA,NA,NA,NA,NA,NA,NA,,,NA,NA,NA,NA,0,0,0,1,1,0,0,90,126696542,1266965421
12714840,AUS_12714840,30.41725,-97.75005,2,1,3,16,2,23,3,2,4,11,1,4,N,4,NA,NA,4,97,97,,,0,1,0,0,0,1,0,N,N,N,N,N,N,N,11/7/2011,3:21 PM,227,22,N,N,NA,NA,19,,,1,,,DUVAL,RD,N,N,35,N,N,,Y,19,,,NA,,,JOLLYVILLE,RD,NA,,,,,,12,1,4,NA,1,1,5,3:20 PM,RADIO,3:25 PM,11/7/2011,Y,74,NA,NA,NA,8,5,2,2,64,38,1,5,1,21,21,227,22,30.41725,-97.75005,,,,NA,DUVAL RD,5799,NA,NA,NA,NA,NA,,,,JOLLYVILLE RD,NA,NA,NA,NA,Y,N,N,2,9,Y,MON,NA,NA,NA,NA,NA,NA,NA,NA,NA,NA,NA,NA,NA,NA,NA,NA,NA,NA,NA,NA,NA,NA,NA,NA,NA,NA,NA,NA,NA,NA,NA,NA,NA,NA,NA,NA,NA,NA,NA,NA,NA,NA,NA,NA,NA,NA,NA,NA,NA,,,NA,NA,NA,NA,0,1,0,1,0,1,0,90,127148402,1271484021
12805614,AUS_12805614,30.25002,-97.75495,2,1,3,16,2,35,1,1,4,11,1,5,N,4,NA,NA,4,97,97,,,0,1,0,0,0,1,0,N,N,N,N,N,Y,N,8/9/2011,12:19 PM,227,22,N,N,NA,NA,19,,,1,600,W,ELIZABETH,ST,N,N,30,N,N,,Y,19,,,NA,1400,S,1ST,ST,NA,,,,,,11,1,0,NA,1,1,8,12:19 PM,DISPATCHED,12:23 PM,8/9/2011,Y,74,21,93,112,8,5,2,1,64,54,1,5,1,21,21,227,22,30.25002,-97.75495,,,,NA,W ELIZABETH ST,598,NA,NA,NA,NA,NA,,,,S 1ST ST,NA,NA,NA,NA,Y,N,N,2,9,Y,TUE,NA,NA,NA,NA,NA,NA,NA,NA,NA,NA,NA,NA,NA,NA,NA,NA,NA,NA,NA,NA,NA,NA,NA,NA,NA,NA,NA,NA,NA,NA,NA,NA,NA,NA,NA,NA,NA,NA,NA,NA,NA,NA,NA,NA,NA,NA,NA,NA,NA,,,NA,NA,NA,NA,0,1,0,0,1,1,0,90,128056142,1280561421
12865279,AUS_12865279,30.3105,-97.71194,2,1,3,16,2,32,1,1,4,11,1,5,N,4,NA,NA,4,97,97,,,0,1,0,0,0,1,0,N,N,N,N,N,N,N,7/6/2011,8:30 PM,227,22,N,N,NA,NA,19,,,1,1000,E,51ST,ST,N,N,35,N,N,,Y,19,,,NA,1000,E,51ST,ST,NA,,,,,,11,4,4,NA,1,1,5,10:15 PM,DISPATCHED,10:16 PM,7/6/2011,Y,74,NA,75,95,8,5,2,2,64,54,1,5,1,21,21,227,22,30.3105,-97.71194,,,,NA,E 51ST ST,1000,NA,NA,NA,NA,NA,,,,UNKNOWN,NA,NA,NA,NA,Y,N,N,2,9,Y,WED,NA,NA,NA,NA,NA,NA,NA,NA,NA,NA,NA,NA,NA,NA,NA,NA,NA,NA,NA,NA,NA,NA,NA,NA,NA,NA,NA,NA,NA,NA,NA,NA,NA,NA,NA,NA,NA,NA,NA,NA,NA,NA,NA,NA,NA,NA,NA,NA,NA,,,NA,NA,NA,NA,0,1,0,0,1,1,0,90,128652792,1286527921